customerID,gender,SeniorCitizen,Partner,Dependents,tenure,PhoneService,MultipleLines,InternetService,OnlineSecurity,OnlineBackup,DeviceProtection,TechSupport,StreamingTV,StreamingMovies,Contract,PaperlessBilling,PaymentMethod,MonthlyCharges,TotalCharges,SupportCalls,Churn
0000-GTOKH,Male,1,No,Yes,26,Yes,No,Fiber optic,No,No,Yes,Yes,No,No,Two year,Yes,Electronic check,52.76,1350.44,1,No
0001-UGZSW,Male,0,Yes,No,12,Yes,Yes,DSL,No,No,Yes,Yes,No,Yes,Two year,Yes,Mailed check,46.15,619.64,0,No
0002-KKXUD,Male,0,No,Yes,43,Yes,No,Fiber optic,No,No,No,No,Yes,No,Two year,Yes,Electronic check,54.63,2408.46,1,No
0003-HXCVU,Male,0,No,Yes,1,Yes,No,DSL,No,No,No,No,Yes,No,Two year,Yes,Electronic check,34.03,96.02,0,Yes
0004-BXLFB,Male,0,Yes,Yes,14,Yes,No,Fiber optic,No,No,No,Yes,No,No,Month-to-month,Yes,Bank transfer (automatic),55.53,811.0,2,Yes
0005-UALZV,Female,0,No,No,29,Yes,Yes,DSL,No,Yes,No,No,Yes,Yes,One year,Yes,Bank transfer (automatic),45.36,1256.41,2,No
0006-LYQJP,Male,1,No,No,28,Yes,Yes,No,No internet service,No internet service,No internet service,No internet service,No internet service,No internet service,One year,Yes,Electronic check,25.81,722.78,1,No
0007-OOSLW,Male,0,No,No,29,Yes,No,No,No internet service,No internet service,No internet service,No internet service,No internet service,No internet service,Two year,Yes,Credit card (automatic),18.0,520.0,3,No
0008-TYCES,Male,1,No,Yes,7,Yes,Yes,Fiber optic,No,No,No,Yes,Yes,No,Month-to-month,No,Electronic check,62.53,414.53,4,Yes
0009-GUIGR,Male,0,Yes,Yes,13,Yes,No,DSL,Yes,Yes,No,Yes,No,No,Month-to-month,Yes,Mailed check,33.73,459.21,0,Yes
0010-DYNRZ,Male,0,No,No,72,No,No phone service,DSL,No,No,No,No,No,No,One year,Yes,Electronic check,66.18,4863.05,2,No
0011-IZUBT,Female,0,Yes,Yes,72,No,No phone service,DSL,No,Yes,No,No,Yes,No,Month-to-month,Yes,Electronic check,43.91,3225.79,4,Yes
0012-OGLHO,Male,1,Yes,Yes,11,Yes,No,Fiber optic,Yes,No,No,Yes,No,No,Month-to-month,Yes,Credit card (automatic),56.65,608.82,2,Yes
0013-CNQDR,Male,0,No,No,33,Yes,Yes,DSL,No,Yes,Yes,No,No,No,One year,Yes,Mailed check,45.04,1524.94,1,No
0014-HDBFV,Female,0,Yes,No,8,Yes,No,No,No internet service,No internet service,No internet service,No internet service,No internet service,No internet service,Month-to-month,No,Electronic check,40.68,303.24,0,Yes
0015-JDVRZ,Male,0,No,No,14,Yes,No,No,No internet service,No internet service,No internet service,No internet service,No internet service,No internet service,Month-to-month,No,Electronic check,18.0,271.98,2,No
0016-LBJDN,Female,1,Yes,Yes,50,No,No phone service,DSL,No,No,No,Yes,No,Yes,Month-to-month,No,Electronic check,39.88,2047.9,1,Yes
0017-POHNW,Female,0,Yes,No,22,Yes,Yes,Fiber optic,No,No,No,Yes,Yes,Yes,One year,Yes,Credit card (automatic),63.04,1408.51,1,No
0018-YHUPM,Female,0,Yes,No,60,Yes,No,Fiber optic,Yes,Yes,No,No,No,Yes,Month-to-month,Yes,Mailed check,55.65,3386.96,2,No
0019-ROUXZ,Male,0,No,No,31,Yes,No,Fiber optic,Yes,No,Yes,No,No,No,Month-to-month,Yes,Mailed check,71.56,2152.59,3,Yes
0020-YMIOM,Male,0,Yes,Yes,31,Yes,Yes,DSL,Yes,No,No,No,No,No,Month-to-month,Yes,Bank transfer (automatic),46.57,1465.15,0,No
0021-AYGIX,Female,1,Yes,No,1,Yes,Yes,DSL,No,No,No,No,No,No,Two year,Yes,Mailed check,36.3,18.0,3,No
0022-ALHXK,Male,1,No,No,44,Yes,Yes,Fiber optic,Yes,No,Yes,No,No,Yes,Month-to-month,Yes,Electronic check,85.95,3807.58,2,No
0023-SQHCC,Male,0,Yes,Yes,72,Yes,Yes,DSL,No,No,No,No,No,Yes,Month-to-month,Yes,Electronic check,54.22,3893.02,2,Yes
0024-AEJGZ,Female,1,Yes,No,20,Yes,Yes,Fiber optic,No,Yes,Yes,No,No,Yes,Month-to-month,No,Mailed check,65.14,1251.78,1,Yes
0025-IGIHL,Female,0,No,No,5,Yes,No,No,No internet service,No internet service,No internet service,No internet service,No internet service,No internet service,Month-to-month,Yes,Bank transfer (automatic),26.25,90.06,0,No
0026-BAPWW,Male,0,No,No,72,No,No phone service,Fiber optic,No,No,Yes,No,Yes,No,One year,Yes,Credit card (automatic),74.89,5430.88,4,No
0027-XECLH,Female,1,Yes,Yes,10,Yes,No,No,No internet service,No internet service,No internet service,No internet service,No internet service,No internet service,Month-to-month,Yes,Electronic check,26.37,220.54,0,Yes
0028-VCACE,Female,0,No,Yes,16,Yes,No,Fiber optic,Yes,No,No,Yes,No,Yes,Two year,No,Bank transfer (automatic),77.69,1199.29,3,No
0029-ONCAE,Male,0,Yes,No,2,Yes,Yes,DSL,No,No,No,No,No,No,Month-to-month,Yes,Bank transfer (automatic),50.73,169.25,2,No
0030-ZWNGI,Male,0,Yes,No,3,No,No phone service,No,No internet service,No internet service,No internet service,No internet service,No internet service,No internet service,Two year,No,Credit card (automatic),25.19,29.71,0,No
0031-OOZJM,Female,0,No,No,7,Yes,No,DSL,No,No,No,No,No,Yes,Month-to-month,No,Credit card (automatic),65.71,472.88,1,Yes
0032-SGQTD,Male,0,No,No,25,Yes,No,No,No internet service,No internet service,No internet service,No internet service,No internet service,No internet service,Two year,No,Bank transfer (automatic),18.0,433.45,0,No
0033-EWGMO,Male,0,Yes,No,26,Yes,No,Fiber optic,Yes,No,No,No,No,No,One year,No,Credit card (automatic),68.51,1906.51,0,Yes
0034-KDMGS,Male,0,Yes,No,29,No,No phone service,No,No internet service,No internet service,No internet service,No internet service,No internet service,No internet service,Month-to-month,Yes,Credit card (automatic),18.57,559.91,0,No
0035-VBJMY,Male,0,Yes,Yes,28,Yes,No,DSL,Yes,Yes,No,No,Yes,No,One year,Yes,Electronic check,36.03,1062.48,0,No
0036-UFLLT,Male,0,Yes,No,21,Yes,Yes,DSL,No,No,No,Yes,No,No,Month-to-month,No,Bank transfer (automatic),46.47,1012.97,0,No
0037-KZWYG,Male,1,No,No,51,Yes,No,DSL,No,No,No,No,No,No,Month-to-month,Yes,Bank transfer (automatic),44.87,2290.94,1,No
0038-AAYYT,Female,0,No,Yes,72,Yes,No,DSL,No,Yes,No,Yes,No,No,One year,No,Bank transfer (automatic),53.01,3762.45,1,No
0039-MICGF,Female,0,Yes,Yes,10,Yes,No,Fiber optic,Yes,No,Yes,No,No,Yes,Month-to-month,No,Credit card (automatic),63.12,669.78,1,Yes
0040-HIEAS,Female,0,No,Yes,4,Yes,No,DSL,No,Yes,No,No,No,No,Month-to-month,No,Electronic check,30.54,89.12,2,No
0041-JLXOV,Female,0,No,No,17,Yes,Yes,Fiber optic,Yes,No,Yes,Yes,Yes,No,Two year,Yes,Electronic check,81.18,1354.66,0,No
0042-XITQQ,Female,0,Yes,No,1,Yes,No,Fiber optic,No,No,Yes,Yes,Yes,Yes,Month-to-month,No,Mailed check,69.85,132.4,0,No
0043-ZTLGB,Male,0,No,No,68,Yes,No,Fiber optic,Yes,No,No,No,No,Yes,Two year,No,Electronic check,63.85,4350.73,1,No
0044-CQEQX,Male,1,No,No,8,No,No phone service,No,No internet service,No internet service,No internet service,No internet service,No internet service,No internet service,One year,Yes,Electronic check,37.75,393.68,0,No
0045-QQBBV,Female,1,Yes,No,25,Yes,No,DSL,No,Yes,No,No,No,Yes,Month-to-month,Yes,Electronic check,58.9,1576.54,2,No
0046-WEAAS,Male,0,No,No,3,Yes,No,DSL,No,No,No,Yes,No,No,Month-to-month,Yes,Bank transfer (automatic),55.77,175.29,0,Yes
0047-BULZF,Female,0,No,No,25,Yes,Yes,DSL,No,No,No,Yes,No,Yes,Two year,No,Bank transfer (automatic),35.2,820.9,1,No
0048-WDWKX,Male,0,Yes,Yes,1,Yes,Yes,DSL,Yes,Yes,No,No,Yes,No,One year,No,Electronic check,33.47,48.71,3,No
0049-QFXET,Female,1,Yes,No,46,Yes,No,Fiber optic,Yes,Yes,No,No,Yes,No,Month-to-month,No,Credit card (automatic),80.78,3659.58,1,No
0050-BFVKP,Male,0,No,No,72,Yes,Yes,No,No internet service,No internet service,No internet service,No internet service,No internet service,No internet service,Month-to-month,No,Electronic check,28.96,2182.41,0,No
0051-PAIFP,Female,0,No,Yes,11,Yes,Yes,Fiber optic,No,No,Yes,No,No,Yes,Month-to-month,Yes,Electronic check,78.51,933.63,0,Yes
0052-CTDSZ,Male,0,No,Yes,9,Yes,Yes,Fiber optic,Yes,No,No,No,No,Yes,One year,Yes,Mailed check,67.39,594.89,0,Yes
0053-CSTGT,Female,0,Yes,No,19,Yes,No,No,No internet service,No internet service,No internet service,No internet service,No internet service,No internet service,Month-to-month,Yes,Bank transfer (automatic),31.9,647.86,0,No
0054-IAHGR,Male,0,No,Yes,30,Yes,No,No,No internet service,No internet service,No internet service,No internet service,No internet service,No internet service,Month-to-month,No,Bank transfer (automatic),29.23,925.0,1,No
0055-HAKYY,Male,0,Yes,No,6,Yes,Yes,No,No internet service,No internet service,No internet service,No internet service,No internet service,No internet service,Two year,Yes,Bank transfer (automatic),32.86,175.95,2,No
0056-RWJCG,Female,0,Yes,No,52,Yes,No,No,No internet service,No internet service,No internet service,No internet service,No internet service,No internet service,Month-to-month,No,Credit card (automatic),18.0,959.72,4,No
0057-PZPYT,Female,0,Yes,Yes,7,Yes,Yes,Fiber optic,No,No,Yes,Yes,Yes,No,Month-to-month,No,Electronic check,72.35,535.13,0,Yes
0058-QBAPL,Female,0,No,No,1,Yes,No,DSL,No,No,Yes,No,No,No,Month-to-month,Yes,Credit card (automatic),41.62,41.58,0,No
0059-EEWII,Female,1,Yes,No,23,Yes,Yes,Fiber optic,No,No,No,No,Yes,No,Month-to-month,No,Bank transfer (automatic),84.67,1936.52,0,No
0060-CSPPC,Female,1,Yes,Yes,3,Yes,No,DSL,No,Yes,Yes,No,No,No,One year,No,Credit card (automatic),40.13,52.25,1,No
0061-TXVXA,Female,0,Yes,No,38,No,No phone service,DSL,No,Yes,Yes,No,No,No,Month-to-month,No,Electronic check,33.84,1268.27,3,No
0062-XTKQH,Female,0,Yes,No,5,Yes,Yes,No,No internet service,No internet service,No internet service,No internet service,No internet service,No internet service,Month-to-month,Yes,Electronic check,20.78,18.51,0,Yes
0063-DFHTC,Female,0,Yes,Yes,54,Yes,Yes,Fiber optic,No,No,No,Yes,Yes,No,Month-to-month,No,Credit card (automatic),74.1,4013.14,0,No
0064-PYCYR,Male,0,No,Yes,20,Yes,No,Fiber optic,Yes,No,No,No,No,No,Month-to-month,No,Mailed check,62.77,1254.72,1,No
0065-NRBVC,Male,0,No,No,26,Yes,No,Fiber optic,No,No,Yes,No,No,No,Month-to-month,Yes,Electronic check,54.71,1498.51,1,No
0066-PIDAD,Male,0,No,No,6,Yes,Yes,Fiber optic,No,No,No,Yes,No,Yes,Month-to-month,Yes,Credit card (automatic),56.1,351.58,0,Yes
0067-ANUPT,Male,0,Yes,No,5,No,No phone service,Fiber optic,No,Yes,No,No,No,Yes,Month-to-month,Yes,Mailed check,76.98,395.14,1,Yes
0068-XHGCQ,Female,0,Yes,Yes,31,Yes,No,No,No internet service,No internet service,No internet service,No internet service,No internet service,No internet service,Month-to-month,Yes,Bank transfer (automatic),32.43,964.66,1,No
0069-APLSV,Male,0,No,No,9,Yes,Yes,No,No internet service,No internet service,No internet service,No internet service,No internet service,No internet service,Two year,Yes,Electronic check,20.99,141.16,3,No
0070-WVNFF,Male,0,Yes,Yes,15,Yes,No,DSL,No,Yes,No,Yes,No,Yes,Month-to-month,No,Bank transfer (automatic),48.38,680.68,0,Yes
0071-MSVHB,Female,0,No,No,20,Yes,Yes,DSL,Yes,No,No,No,Yes,Yes,Month-to-month,Yes,Bank transfer (automatic),61.57,1225.76,1,No
0072-UAOAE,Male,0,No,No,8,Yes,No,Fiber optic,No,No,Yes,No,Yes,No,Month-to-month,Yes,Electronic check,64.9,572.91,2,Yes
0073-PSDCQ,Female,0,No,No,50,Yes,Yes,Fiber optic,No,No,No,Yes,No,No,Month-to-month,Yes,Bank transfer (automatic),76.63,3781.33,3,No
0074-QLNUF,Male,0,Yes,Yes,72,Yes,Yes,Fiber optic,Yes,No,No,No,Yes,No,One year,No,Electronic check,66.56,4775.72,4,No
0075-CIEXQ,Male,0,Yes,No,18,Yes,No,Fiber optic,No,No,No,Yes,Yes,No,Two year,Yes,Electronic check,78.4,1432.87,3,No
0076-NUCAT,Female,0,Yes,Yes,72,Yes,No,Fiber optic,No,No,Yes,Yes,Yes,No,Month-to-month,No,Bank transfer (automatic),63.41,4668.09,0,No
0077-UWACR,Female,0,No,Yes,68,Yes,No,No,No internet service,No internet service,No internet service,No internet service,No internet service,No internet service,Two year,Yes,Credit card (automatic),18.0,1279.29,0,No
0078-YJVZC,Male,0,No,No,5,Yes,Yes,Fiber optic,Yes,Yes,No,No,Yes,Yes,Month-to-month,No,Mailed check,72.35,381.53,1,No
0079-HNXRO,Male,0,No,No,6,Yes,Yes,DSL,No,No,No,No,No,No,Two year,No,Electronic check,48.98,287.17,1,No
0080-VWBJB,Male,0,Yes,No,20,Yes,No,No,No internet service,No internet service,No internet service,No internet service,No internet service,No internet service,One year,No,Bank transfer (automatic),19.38,392.57,0,No
0081-ZQHAI,Female,0,No,No,23,Yes,No,DSL,No,Yes,No,No,Yes,No,Month-to-month,Yes,Bank transfer (automatic),30.14,694.98,2,No
0082-KVPGJ,Female,0,No,No,13,Yes,No,No,No internet service,No internet service,No internet service,No internet service,No internet service,No internet service,Month-to-month,Yes,Credit card (automatic),18.0,202.71,2,Yes
0083-WZCRY,Female,0,Yes,No,12,No,No phone service,No,No internet service,No internet service,No internet service,No internet service,No internet service,No internet service,Two year,Yes,Electronic check,18.0,256.57,1,No
0084-XMZGY,Female,0,Yes,No,18,Yes,No,DSL,Yes,No,No,Yes,Yes,Yes,Month-to-month,No,Bank transfer (automatic),47.08,865.33,1,No
0085-DMTAH,Female,0,No,No,37,Yes,No,Fiber optic,No,Yes,Yes,No,No,No,Month-to-month,No,Electronic check,64.43,2381.9,0,Yes
0086-NPNLS,Female,0,No,No,2,Yes,Yes,Fiber optic,No,No,No,Yes,Yes,No,Month-to-month,Yes,Credit card (automatic),90.38,158.06,0,No
0087-WOBBW,Male,0,Yes,No,39,Yes,No,No,No internet service,No internet service,No internet service,No internet service,No internet service,No internet service,Month-to-month,No,Bank transfer (automatic),24.1,859.84,2,No
0088-VSYZV,Female,0,Yes,No,72,Yes,No,Fiber optic,No,Yes,No,No,Yes,No,Month-to-month,No,Mailed check,79.65,5722.55,2,No
0089-ZZVQT,Female,1,No,No,46,Yes,Yes,DSL,No,No,No,No,No,No,One year,Yes,Electronic check,41.64,1903.7,2,No
0090-JFOVK,Male,1,Yes,Yes,6,Yes,No,DSL,No,No,Yes,No,No,Yes,Two year,Yes,Bank transfer (automatic),50.64,281.87,2,No
0091-EAHUL,Male,0,Yes,Yes,2,Yes,No,Fiber optic,Yes,No,Yes,No,No,Yes,Month-to-month,No,Mailed check,70.38,18.0,3,Yes
0092-LEGDF,Female,0,No,No,21,Yes,No,Fiber optic,No,Yes,No,Yes,Yes,Yes,One year,Yes,Credit card (automatic),71.75,1504.16,3,Yes
0093-MTOCW,Female,0,No,No,72,Yes,No,DSL,No,No,No,No,No,Yes,One year,Yes,Bank transfer (automatic),57.48,4093.83,2,No
0094-HTPMR,Female,1,No,No,54,Yes,No,Fiber optic,Yes,No,Yes,No,Yes,Yes,Month-to-month,No,Bank transfer (automatic),87.02,4646.82,2,No
0095-JSQXS,Female,0,Yes,Yes,26,Yes,Yes,Fiber optic,No,No,No,Yes,No,No,Month-to-month,No,Electronic check,77.04,2034.17,2,Yes
0096-ZWZEZ,Male,0,No,No,4,No,No phone service,No,No internet service,No internet service,No internet service,No internet service,No internet service,No internet service,One year,Yes,Mailed check,20.3,21.75,2,No
0097-UWILU,Male,0,No,Yes,40,No,No phone service,DSL,No,No,No,No,No,No,Month-to-month,No,Mailed check,36.65,1542.44,2,No
0098-AZZAO,Male,0,No,No,53,Yes,Yes,Fiber optic,Yes,Yes,No,No,No,No,Month-to-month,Yes,Bank transfer (automatic),75.34,3984.97,0,Yes
0099-BVPYH,Female,0,Yes,Yes,72,Yes,Yes,Fiber optic,No,No,Yes,No,No,Yes,Month-to-month,No,Mailed check,60.38,4370.37,2,Yes
0100-MUAPG,Male,0,Yes,No,30,Yes,No,Fiber optic,No,No,No,No,No,Yes,Month-to-month,No,Credit card (automatic),74.08,2312.42,2,No
0101-EVWCL,Female,0,Yes,No,23,Yes,No,No,No internet service,No internet service,No internet service,No internet service,No internet service,No internet service,Month-to-month,Yes,Electronic check,18.0,409.81,1,Yes
0102-ZPSEV,Male,0,No,No,30,Yes,No,Fiber optic,Yes,Yes,Yes,Yes,No,No,Month-to-month,Yes,Credit card (automatic),58.78,1781.68,4,No
0103-YNEOQ,Female,1,No,No,72,Yes,No,Fiber optic,No,No,No,No,No,No,Month-to-month,Yes,Electronic check,73.38,5280.09,6,Yes
0104-NTELP,Female,0,Yes,No,31,Yes,No,Fiber optic,Yes,No,Yes,No,No,Yes,Month-to-month,No,Mailed check,59.83,1907.97,2,No
0105-ZZPUG,Male,0,Yes,No,9,Yes,Yes,DSL,No,No,No,No,Yes,No,Month-to-month,Yes,Bank transfer (automatic),41.5,404.17,3,No
0106-DAEWZ,Male,0,Yes,No,32,No,No phone service,DSL,Yes,No,No,No,No,No,Two year,Yes,Mailed check,42.01,1282.34,1,No
0107-JVEDB,Female,0,Yes,No,67,Yes,Yes,DSL,No,No,No,No,No,Yes,Two year,No,Mailed check,47.21,3056.62,0,Yes
0108-TJZSZ,Male,0,No,No,26,Yes,No,Fiber optic,No,No,Yes,No,Yes,No,Month-to-month,Yes,Bank transfer (automatic),89.35,2319.39,0,Yes
0109-AXEMD,Female,0,No,No,22,Yes,Yes,Fiber optic,Yes,No,Yes,Yes,Yes,No,Two year,No,Electronic check,86.57,1962.95,2,No
0110-PXPWB,Female,1,Yes,Yes,42,Yes,No,Fiber optic,No,No,Yes,No,No,Yes,Month-to-month,Yes,Credit card (automatic),64.09,2646.99,2,No
0111-QTXLR,Male,0,Yes,No,34,Yes,No,No,No internet service,No internet service,No internet service,No internet service,No internet service,No internet service,Two year,Yes,Mailed check,18.0,611.17,3,No
0112-CAASK,Male,0,Yes,No,1,No,No phone service,Fiber optic,Yes,No,Yes,Yes,Yes,Yes,Month-to-month,Yes,Bank transfer (automatic),73.06,18.0,3,Yes
0113-ELCAA,Female,0,No,No,41,Yes,Yes,DSL,No,No,Yes,No,No,Yes,Month-to-month,No,Mailed check,47.18,1863.69,3,Yes
0114-HJKLM,Female,0,Yes,No,16,Yes,No,DSL,Yes,No,Yes,No,No,Yes,Month-to-month,Yes,Bank transfer (automatic),38.09,552.59,0,Yes
0115-LNBSR,Female,0,No,Yes,72,Yes,No,DSL,Yes,No,No,No,Yes,No,Month-to-month,Yes,Bank transfer (automatic),26.23,1943.41,0,No
0116-CWQZH,Female,0,No,No,72,Yes,Yes,No,No internet service,No internet service,No internet service,No internet service,No internet service,No internet service,Month-to-month,Yes,Mailed check,18.0,1178.91,0,No
0117-ZJZBS,Female,0,No,No,19,Yes,Yes,No,No internet service,No internet service,No internet service,No internet service,No internet service,No internet service,Month-to-month,No,Electronic check,22.29,382.5,1,No
0118-IGDZU,Female,0,No,No,72,Yes,Yes,DSL,Yes,No,No,Yes,Yes,No,One year,No,Electronic check,36.19,2523.82,2,No
0119-RMKXD,Male,0,No,No,11,Yes,No,Fiber optic,No,No,Yes,Yes,Yes,No,One year,No,Credit card (automatic),71.99,716.34,0,Yes
0120-YUYDJ,Male,1,Yes,Yes,36,Yes,Yes,Fiber optic,No,No,Yes,No,No,Yes,Month-to-month,Yes,Mailed check,64.11,2363.0,1,No
0121-EIXCQ,Male,0,No,No,2,No,No phone service,DSL,No,Yes,No,No,Yes,Yes,Month-to-month,No,Bank transfer (automatic),48.89,111.34,0,No
0122-CPDRQ,Female,0,No,No,5,Yes,Yes,Fiber optic,No,No,No,No,Yes,No,Month-to-month,Yes,Credit card (automatic),88.34,458.23,0,Yes
0123-GXWEL,Female,0,Yes,Yes,63,Yes,No,No,No internet service,No internet service,No internet service,No internet service,No internet service,No internet service,Two year,Yes,Mailed check,18.0,1136.4,2,No
0124-QWMWY,Male,1,Yes,No,71,Yes,Yes,No,No internet service,No internet service,No internet service,No internet service,No internet service,No internet service,Two year,Yes,Mailed check,28.12,1994.05,2,No
0125-CIQQT,Male,0,Yes,No,24,Yes,No,Fiber optic,Yes,No,No,No,No,No,One year,No,Electronic check,78.82,1889.4,1,No
0126-PYVMS,Male,0,Yes,No,13,Yes,Yes,DSL,Yes,No,Yes,No,No,No,Month-to-month,Yes,Electronic check,33.77,437.11,0,Yes
0127-QDLIS,Female,0,Yes,Yes,19,Yes,Yes,Fiber optic,No,No,No,No,Yes,No,Two year,Yes,Mailed check,63.65,1211.48,3,No
0128-LIGNT,Female,0,No,No,65,Yes,No,No,No internet service,No internet service,No internet service,No internet service,No internet service,No internet service,One year,Yes,Electronic check,22.23,1465.24,3,No
0129-SZOPU,Female,0,No,Yes,7,No,No phone service,DSL,Yes,No,No,No,No,No,Month-to-month,Yes,Electronic check,51.45,341.26,3,Yes
0130-ECLYT,Male,0,No,No,11,Yes,No,Fiber optic,Yes,Yes,No,No,No,Yes,One year,No,Mailed check,52.57,605.76,2,No
0131-UDUWP,Male,0,No,No,49,Yes,Yes,DSL,No,No,No,No,Yes,No,One year,No,Mailed check,47.62,2394.07,4,No
0132-YGMUJ,Male,0,No,No,72,Yes,Yes,DSL,No,Yes,Yes,Yes,Yes,No,One year,No,Credit card (automatic),30.71,2217.82,6,No
0133-ZGNZE,Female,0,No,No,3,Yes,No,DSL,No,No,No,Yes,No,No,Month-to-month,Yes,Electronic check,33.11,170.94,4,Yes
0134-CWKKR,Male,0,Yes,No,52,Yes,Yes,DSL,No,Yes,No,Yes,Yes,No,Month-to-month,Yes,Bank transfer (automatic),39.37,1965.87,1,Yes
0135-OLIJZ,Male,0,No,No,33,Yes,No,No,No internet service,No internet service,No internet service,No internet service,No internet service,No internet service,Month-to-month,No,Electronic check,19.19,679.63,1,No
0136-LQFGN,Female,0,Yes,No,8,Yes,No,DSL,No,Yes,No,No,Yes,No,Two year,No,Credit card (automatic),57.22,479.87,2,No
0137-MHJIR,Female,0,No,No,45,No,No phone service,Fiber optic,No,No,Yes,No,No,Yes,Two year,Yes,Electronic check,70.71,3149.36,1,No
0138-ZBEEF,Male,0,No,No,41,Yes,No,No,No internet service,No internet service,No internet service,No internet service,No internet service,No internet service,One year,No,Mailed check,24.67,994.56,4,No
0139-SHPMA,Female,0,No,No,4,Yes,Yes,No,No internet service,No internet service,No internet service,No internet service,No internet service,No internet service,One year,Yes,Electronic check,18.0,103.89,1,No
0140-VTQGY,Male,0,Yes,No,22,Yes,No,Fiber optic,No,No,Yes,No,Yes,No,Month-to-month,Yes,Mailed check,63.78,1372.49,2,No
0141-MDDFS,Female,0,Yes,No,45,Yes,No,DSL,No,No,No,No,Yes,Yes,Month-to-month,Yes,Electronic check,42.03,1974.66,1,No
0142-LVGJZ,Female,0,Yes,No,6,Yes,No,DSL,No,No,Yes,No,No,No,Month-to-month,No,Mailed check,42.17,201.74,2,Yes
0143-SGCMM,Female,0,Yes,No,19,Yes,No,Fiber optic,Yes,No,No,No,No,Yes,Two year,Yes,Credit card (automatic),78.76,1433.44,0,No
0144-RZTHI,Female,1,No,No,4,Yes,No,No,No internet service,No internet service,No internet service,No internet service,No internet service,No internet service,One year,No,Bank transfer (automatic),26.5,171.21,0,No
0145-GACMY,Female,0,Yes,No,11,Yes,No,DSL,Yes,No,No,No,No,Yes,Month-to-month,Yes,Electronic check,56.7,662.71,1,No
0146-QYXAF,Female,0,No,Yes,7,Yes,No,No,No internet service,No internet service,No internet service,No internet service,No internet service,No internet service,One year,Yes,Credit card (automatic),18.0,287.1,4,Yes
0147-UFZLM,Male,0,Yes,No,22,No,No phone service,DSL,No,No,No,No,Yes,No,Two year,Yes,Electronic check,32.53,637.71,2,No
0148-MOUPV,Male,0,No,No,4,Yes,No,DSL,No,No,No,Yes,No,Yes,One year,Yes,Bank transfer (automatic),65.05,239.79,3,No
0149-UKEDC,Male,0,Yes,No,15,Yes,No,Fiber optic,No,Yes,No,No,No,No,Month-to-month,No,Bank transfer (automatic),62.76,901.95,2,Yes
0150-STYRO,Female,0,Yes,No,10,No,No phone service,DSL,No,No,No,No,No,Yes,Month-to-month,Yes,Mailed check,31.97,316.09,1,No
0151-IQNOA,Female,0,No,No,43,Yes,No,Fiber optic,No,Yes,No,No,Yes,No,Month-to-month,No,Mailed check,65.78,2825.19,1,No
0152-UVVCP,Male,0,No,No,38,Yes,No,Fiber optic,No,No,No,Yes,No,No,Month-to-month,No,Mailed check,75.52,2962.75,3,No
0153-WYKLJ,Male,0,Yes,No,3,Yes,No,DSL,No,No,Yes,No,No,Yes,Two year,Yes,Bank transfer (automatic),52.59,127.11,0,No
0154-PHFLX,Male,0,No,Yes,72,Yes,Yes,Fiber optic,No,No,No,No,No,No,Month-to-month,No,Electronic check,75.18,5445.59,4,No
0155-UHZDZ,Female,0,No,No,43,Yes,No,DSL,No,No,No,Yes,Yes,Yes,Month-to-month,No,Credit card (automatic),51.17,2237.9,2,No
0156-HZREI,Male,0,No,No,30,Yes,No,Fiber optic,Yes,No,Yes,No,Yes,No,Month-to-month,Yes,Electronic check,81.35,2431.52,1,No
0157-DVQIA,Male,0,No,No,20,No,No phone service,Fiber optic,No,No,Yes,No,No,No,Two year,No,Mailed check,64.5,1333.53,2,No
0158-UTMPM,Male,0,No,No,6,Yes,No,No,No internet service,No internet service,No internet service,No internet service,No internet service,No internet service,One year,Yes,Electronic check,19.02,116.63,2,No
0159-NCFRS,Male,0,No,No,72,Yes,No,DSL,No,No,No,No,Yes,Yes,Month-to-month,Yes,Mailed check,56.75,4120.47,2,No
0160-EOYBJ,Female,0,No,No,1,Yes,No,Fiber optic,Yes,Yes,No,Yes,No,No,Month-to-month,Yes,Credit card (automatic),70.2,61.96,3,No
0161-XRMEW,Male,0,No,No,37,Yes,Yes,DSL,No,No,No,No,Yes,No,One year,No,Mailed check,48.22,1713.6,0,No
0162-XAVAR,Male,0,No,No,22,No,No phone service,Fiber optic,No,No,Yes,No,Yes,No,Month-to-month,Yes,Electronic check,101.19,2224.63,3,Yes
0163-OQKUZ,Female,0,No,No,72,Yes,Yes,Fiber optic,No,Yes,Yes,No,No,Yes,Two year,No,Mailed check,77.81,5706.52,2,No
0164-YVQMA,Female,0,Yes,No,15,Yes,No,Fiber optic,Yes,No,No,Yes,No,Yes,Month-to-month,Yes,Electronic check,62.74,947.31,2,No
0165-BICAU,Female,0,Yes,No,23,Yes,No,Fiber optic,No,No,Yes,Yes,No,No,Month-to-month,Yes,Mailed check,84.01,1938.88,1,No
0166-PWFQE,Female,0,No,No,43,Yes,No,DSL,No,No,No,No,No,No,Two year,No,Credit card (automatic),46.08,2075.7,0,No
0167-EFCUW,Female,0,No,No,1,Yes,Yes,No,No internet service,No internet service,No internet service,No internet service,No internet service,No internet service,Two year,Yes,Bank transfer (automatic),28.87,18.0,5,Yes
0168-EUEJJ,Male,0,Yes,No,1,Yes,Yes,No,No internet service,No internet service,No internet service,No internet service,No internet service,No internet service,Month-to-month,Yes,Credit card (automatic),18.0,19.35,2,Yes
0169-SQUNI,Male,0,Yes,Yes,7,Yes,No,DSL,Yes,No,Yes,No,Yes,Yes,Two year,Yes,Electronic check,40.75,211.87,0,No
0170-NASMM,Male,0,No,No,5,Yes,No,Fiber optic,No,Yes,Yes,Yes,No,No,Month-to-month,No,Electronic check,84.39,382.8,1,Yes
0171-DAQHB,Female,1,Yes,No,1,Yes,Yes,DSL,No,No,Yes,No,No,Yes,Month-to-month,Yes,Mailed check,33.01,35.35,0,No
0172-HGZZB,Male,0,Yes,No,31,No,No phone service,No,No internet service,No internet service,No internet service,No internet service,No internet service,No internet service,One year,No,Bank transfer (automatic),20.67,707.64,3,No
0173-VVCRL,Female,0,Yes,Yes,50,No,No phone service,Fiber optic,No,No,Yes,Yes,No,No,Two year,Yes,Electronic check,73.89,3671.16,1,No
0174-AVLEY,Female,0,No,No,72,Yes,Yes,DSL,No,Yes,No,No,No,No,Month-to-month,Yes,Electronic check,26.21,1906.84,3,Yes
0175-QPOWO,Male,0,Yes,Yes,18,Yes,No,Fiber optic,Yes,No,No,No,No,No,Month-to-month,Yes,Electronic check,73.49,1308.85,0,No
0176-EUNBK,Female,1,No,No,10,Yes,No,Fiber optic,No,No,No,Yes,No,No,One year,No,Electronic check,71.94,756.51,0,No
0177-SGFBF,Male,0,No,No,63,Yes,No,Fiber optic,Yes,No,Yes,No,No,No,One year,Yes,Bank transfer (automatic),77.15,4903.28,2,No
0178-RBROS,Female,0,No,Yes,59,No,No phone service,Fiber optic,Yes,No,No,Yes,No,No,Two year,No,Mailed check,62.24,3749.55,2,No
0179-BTYFA,Male,0,Yes,Yes,31,Yes,No,Fiber optic,No,No,No,Yes,No,Yes,Month-to-month,Yes,Electronic check,78.68,2469.19,2,No
0180-XOWJS,Female,0,Yes,No,10,Yes,Yes,DSL,Yes,Yes,Yes,Yes,No,Yes,Month-to-month,Yes,Credit card (automatic),41.96,449.03,1,No
0181-QEDJX,Female,0,No,No,72,Yes,No,Fiber optic,No,No,No,No,Yes,No,One year,No,Mailed check,62.36,4494.21,2,No
0182-QJQTX,Female,1,No,No,6,Yes,No,Fiber optic,Yes,Yes,Yes,Yes,Yes,Yes,One year,No,Electronic check,82.8,608.23,2,Yes
0183-EBFUB,Male,0,Yes,No,1,Yes,No,Fiber optic,No,Yes,No,Yes,No,No,Two year,Yes,Electronic check,75.71,93.81,1,No
0184-MKKPK,Female,0,Yes,No,50,Yes,No,DSL,No,No,No,No,No,No,Month-to-month,No,Mailed check,38.25,1907.73,1,Yes
0185-SOYWW,Male,0,No,No,26,Yes,No,DSL,No,No,No,No,No,No,Month-to-month,Yes,Electronic check,34.19,955.06,0,No
0186-PKVPH,Female,0,No,No,9,No,No phone service,DSL,No,Yes,Yes,No,No,Yes,One year,No,Electronic check,41.8,423.61,2,No
0187-DHDXY,Male,0,Yes,No,35,No,No phone service,Fiber optic,No,Yes,No,No,Yes,No,One year,Yes,Mailed check,79.32,2730.44,4,No
0188-CCRZS,Female,0,Yes,Yes,46,Yes,No,DSL,No,No,Yes,Yes,No,Yes,Month-to-month,No,Mailed check,55.72,2612.29,2,No
0189-SUERJ,Male,0,Yes,No,59,Yes,No,Fiber optic,No,No,No,Yes,Yes,Yes,One year,No,Mailed check,58.54,3407.51,1,No
0190-VUFAE,Female,0,Yes,Yes,10,Yes,No,Fiber optic,Yes,No,No,No,No,No,Month-to-month,Yes,Credit card (automatic),58.17,619.83,2,No
0191-ILZNB,Female,0,Yes,No,1,No,No phone service,Fiber optic,Yes,No,No,No,No,No,Month-to-month,Yes,Mailed check,75.26,19.09,1,No
0192-QNZMI,Female,0,No,No,22,Yes,No,No,No internet service,No internet service,No internet service,No internet service,No internet service,No internet service,Month-to-month,No,Mailed check,39.71,876.94,2,Yes
0193-ZYOYV,Male,0,No,Yes,62,Yes,No,Fiber optic,Yes,No,No,No,Yes,Yes,One year,Yes,Bank transfer (automatic),66.36,4161.99,0,No
0194-OXKPQ,Female,0,Yes,No,7,Yes,No,Fiber optic,Yes,No,No,No,No,No,Two year,Yes,Bank transfer (automatic),86.41,608.13,1,No
0195-ZDAHQ,Female,0,No,No,17,Yes,No,Fiber optic,Yes,No,Yes,Yes,No,Yes,Month-to-month,No,Mailed check,75.23,1236.91,1,No
0196-CTOOX,Female,0,No,Yes,9,Yes,No,Fiber optic,No,No,Yes,No,No,Yes,Month-to-month,No,Mailed check,49.45,340.31,1,No
0197-VNZWN,Male,0,No,No,1,Yes,No,DSL,Yes,No,No,Yes,Yes,No,Two year,Yes,Mailed check,33.53,25.55,2,No
0198-XBMZN,Female,0,No,No,72,Yes,No,Fiber optic,Yes,No,No,No,No,No,Month-to-month,No,Credit card (automatic),68.2,4947.84,3,No
0199-XSGCO,Male,0,No,Yes,4,Yes,Yes,DSL,No,Yes,Yes,No,No,No,Month-to-month,No,Mailed check,55.02,267.99,4,No
0200-WNKOM,Male,0,No,Yes,46,Yes,Yes,DSL,No,Yes,No,No,No,No,Month-to-month,No,Mailed check,49.26,2335.19,0,Yes
0201-RZFCS,Female,0,Yes,Yes,13,No,No phone service,DSL,Yes,No,Yes,Yes,No,Yes,Month-to-month,Yes,Bank transfer (automatic),56.17,730.69,1,Yes
0202-OYWEJ,Female,1,Yes,No,10,Yes,Yes,Fiber optic,No,No,No,No,No,Yes,Two year,Yes,Bank transfer (automatic),62.78,653.9,1,Yes
0203-GYQGV,Male,0,No,Yes,72,Yes,Yes,Fiber optic,No,No,No,Yes,No,No,One year,Yes,Electronic check,64.46,4611.15,1,No
0204-ZLYQM,Male,0,No,Yes,34,No,No phone service,DSL,No,No,No,Yes,No,No,Month-to-month,No,Bank transfer (automatic),46.48,1537.07,0,No
0205-TYDJC,Female,0,Yes,No,37,Yes,No,DSL,Yes,No,Yes,No,No,Yes,Month-to-month,No,Electronic check,40.85,1440.44,0,No
0206-IMROD,Male,0,No,Yes,45,Yes,No,Fiber optic,No,No,Yes,No,Yes,No,Month-to-month,No,Credit card (automatic),75.51,3419.28,1,Yes
0207-OVBOH,Male,0,Yes,No,13,Yes,Yes,DSL,No,Yes,Yes,No,No,No,Month-to-month,Yes,Mailed check,41.99,566.74,2,No
0208-HQLSJ,Female,1,No,Yes,26,Yes,No,Fiber optic,Yes,Yes,Yes,Yes,No,Yes,Two year,Yes,Mailed check,74.51,1926.17,0,No
0209-IEFTZ,Female,0,Yes,Yes,10,Yes,No,DSL,Yes,Yes,Yes,No,No,Yes,Month-to-month,Yes,Electronic check,52.27,589.89,1,No
0210-BXMFE,Male,0,No,No,57,Yes,Yes,DSL,No,No,No,Yes,Yes,Yes,Month-to-month,Yes,Credit card (automatic),51.77,2929.21,1,No
0211-YAUVU,Male,0,Yes,Yes,29,Yes,Yes,Fiber optic,Yes,No,Yes,No,Yes,No,Month-to-month,No,Electronic check,71.84,2195.29,1,Yes
0212-FFWPD,Female,0,No,Yes,8,No,No phone service,No,No internet service,No internet service,No internet service,No internet service,No internet service,No internet service,One year,Yes,Electronic check,18.0,101.04,3,No
0213-KXWIW,Male,0,Yes,No,72,Yes,No,Fiber optic,No,Yes,No,No,No,Yes,Two year,No,Bank transfer (automatic),76.92,5529.65,1,No
0214-CSHED,Male,0,No,Yes,27,Yes,Yes,Fiber optic,No,No,Yes,No,No,No,Month-to-month,Yes,Electronic check,39.67,1054.6,1,No
0215-XFBTK,Female,0,Yes,No,21,Yes,Yes,Fiber optic,No,No,Yes,No,Yes,No,Month-to-month,Yes,Credit card (automatic),63.65,1364.51,4,No
0216-DOFVQ,Male,0,No,Yes,1,Yes,No,Fiber optic,No,No,No,No,Yes,No,Month-to-month,Yes,Mailed check,58.18,58.48,1,No
0217-XFSYB,Male,0,Yes,No,72,Yes,No,No,No internet service,No internet service,No internet service,No internet service,No internet service,No internet service,Two year,Yes,Credit card (automatic),21.44,1483.85,3,No
0218-OKHZS,Male,0,No,Yes,72,No,No phone service,Fiber optic,No,No,Yes,No,No,Yes,Month-to-month,No,Credit card (automatic),68.07,4806.3,1,Yes
0219-MLEFZ,Male,0,No,No,26,Yes,Yes,No,No internet service,No internet service,No internet service,No internet service,No internet service,No internet service,Month-to-month,Yes,Electronic check,31.86,866.83,0,No
0220-VDSTA,Female,1,No,No,18,Yes,No,DSL,No,No,No,No,No,No,One year,Yes,Mailed check,37.98,614.77,0,No
0221-TQLOA,Male,0,Yes,No,14,Yes,Yes,Fiber optic,No,Yes,No,Yes,No,No,Month-to-month,Yes,Credit card (automatic),82.98,1127.67,2,Yes
0222-ZNFEK,Male,0,No,No,9,Yes,No,DSL,No,No,No,No,No,Yes,One year,No,Bank transfer (automatic),40.11,392.1,2,No
0223-DMKCA,Female,0,Yes,No,27,Yes,Yes,Fiber optic,No,Yes,No,No,No,No,Month-to-month,Yes,Bank transfer (automatic),75.82,2071.47,1,No
0224-FRXJE,Male,0,Yes,No,4,Yes,Yes,Fiber optic,No,No,No,Yes,Yes,Yes,Two year,Yes,Mailed check,74.09,232.67,1,No
0225-WJLBM,Male,0,Yes,No,72,Yes,Yes,DSL,No,No,No,No,Yes,No,Month-to-month,No,Credit card (automatic),49.44,3529.94,1,No
0226-HBTAE,Female,0,Yes,No,6,Yes,Yes,Fiber optic,No,No,No,Yes,No,Yes,One year,Yes,Electronic check,63.74,445.34,0,Yes
0227-IQIKO,Male,0,No,No,43,Yes,No,Fiber optic,No,No,No,No,Yes,No,Month-to-month,Yes,Credit card (automatic),77.52,3325.24,0,No
0228-XFWCQ,Male,0,Yes,No,11,Yes,No,Fiber optic,No,No,No,No,Yes,Yes,One year,No,Bank transfer (automatic),70.48,832.07,1,No
0229-ELRNU,Male,0,Yes,No,8,Yes,No,DSL,No,No,No,No,No,No,One year,Yes,Mailed check,32.73,152.38,3,No
0230-XKIBL,Male,0,No,Yes,26,Yes,No,No,No internet service,No internet service,No internet service,No internet service,No internet service,No internet service,Two year,No,Bank transfer (automatic),18.0,454.79,2,No
0231-CCAHV,Male,0,No,No,46,No,No phone service,DSL,No,No,No,No,Yes,No,Month-to-month,Yes,Bank transfer (automatic),63.69,2892.16,0,No
0232-HKIEN,Male,0,No,No,41,Yes,Yes,No,No internet service,No internet service,No internet service,No internet service,No internet service,No internet service,Month-to-month,No,Electronic check,18.0,698.3,2,No
0233-CUEES,Male,0,No,Yes,8,Yes,No,DSL,No,Yes,Yes,No,Yes,Yes,Month-to-month,Yes,Electronic check,21.07,136.05,0,No
0234-NZDYM,Female,0,No,No,12,Yes,No,DSL,Yes,No,No,No,No,No,Month-to-month,Yes,Electronic check,43.43,606.66,1,Yes
0235-JYRHH,Female,1,No,No,65,Yes,Yes,Fiber optic,No,No,No,Yes,No,No,Two year,Yes,Mailed check,73.45,4777.17,3,No
0236-GHNSF,Female,0,No,No,41,Yes,No,Fiber optic,No,No,Yes,No,No,No,Two year,Yes,Mailed check,97.19,3894.26,1,No
0237-AWOAY,Male,0,No,Yes,39,Yes,Yes,DSL,Yes,Yes,Yes,Yes,Yes,No,Two year,No,Credit card (automatic),44.99,1755.29,0,No
0238-QAOWB,Female,1,Yes,Yes,10,Yes,No,DSL,Yes,No,No,No,Yes,No,Month-to-month,Yes,Electronic check,39.83,371.9,0,No
0239-NUHHS,Female,0,No,Yes,50,Yes,No,No,No internet service,No internet service,No internet service,No internet service,No internet service,No internet service,Month-to-month,No,Mailed check,18.0,932.29,2,No
0240-GSFFC,Female,0,No,Yes,14,Yes,No,No,No internet service,No internet service,No internet service,No internet service,No internet service,No internet service,One year,No,Credit card (automatic),18.07,259.97,1,No
0241-GSHJT,Female,0,Yes,No,16,Yes,Yes,DSL,No,No,No,Yes,No,Yes,Two year,No,Bank transfer (automatic),43.02,666.59,0,No
0242-OOATG,Male,0,No,No,10,Yes,No,Fiber optic,No,No,No,No,Yes,No,Two year,No,Mailed check,76.46,859.26,1,No
0243-DFYAE,Male,0,No,No,4,Yes,Yes,DSL,No,No,No,Yes,No,No,Month-to-month,Yes,Electronic check,53.48,231.39,0,No
0244-WADVB,Male,1,No,Yes,17,Yes,Yes,Fiber optic,No,No,No,No,No,Yes,One year,No,Electronic check,81.95,1395.12,0,No
0245-JEJAV,Female,0,Yes,Yes,1,Yes,Yes,Fiber optic,No,No,No,No,No,No,One year,Yes,Electronic check,66.96,89.31,1,No
0246-FMODM,Male,1,No,No,19,Yes,Yes,Fiber optic,No,No,No,No,No,No,Two year,Yes,Bank transfer (automatic),81.94,1509.26,0,No
0247-XTXOH,Female,0,Yes,No,41,Yes,Yes,Fiber optic,No,No,No,No,No,Yes,One year,No,Electronic check,84.72,3439.31,1,No
0248-EODLM,Male,0,Yes,No,72,Yes,No,DSL,Yes,Yes,No,No,Yes,No,Month-to-month,Yes,Mailed check,40.12,2962.37,1,No
0249-BSSDD,Male,0,No,No,2,Yes,No,Fiber optic,Yes,No,No,No,No,No,Two year,Yes,Mailed check,92.85,139.7,2,No
0250-ZKETK,Female,1,No,No,10,No,No phone service,No,No internet service,No internet service,No internet service,No internet service,No internet service,No internet service,Month-to-month,No,Electronic check,20.01,147.75,6,No
0251-JHFFH,Female,0,No,Yes,21,Yes,No,Fiber optic,No,Yes,No,No,No,No,Two year,No,Credit card (automatic),67.23,1348.56,5,No
0252-WOZNK,Male,0,No,No,5,Yes,Yes,Fiber optic,No,No,No,No,No,No,Month-to-month,Yes,Bank transfer (automatic),86.46,402.6,1,Yes
0253-LZMHR,Male,0,No,Yes,3,Yes,Yes,DSL,No,Yes,Yes,No,No,No,Month-to-month,No,Bank transfer (automatic),51.59,224.67,0,No
0254-YAOHK,Male,0,No,No,19,Yes,No,Fiber optic,No,Yes,Yes,Yes,Yes,No,One year,No,Mailed check,81.72,1522.88,2,No
0255-LLDPD,Female,0,Yes,No,27,Yes,No,No,No internet service,No internet service,No internet service,No internet service,No internet service,No internet service,Month-to-month,Yes,Credit card (automatic),22.45,679.95,1,Yes
0256-EXEHJ,Female,0,No,No,54,Yes,No,No,No internet service,No internet service,No internet service,No internet service,No internet service,No internet service,One year,No,Credit card (automatic),32.6,1789.26,1,No
0257-QZIVS,Female,0,No,Yes,72,Yes,No,Fiber optic,No,No,No,No,No,No,Month-to-month,No,Electronic check,76.69,5460.39,0,No
0258-NHIVK,Female,1,No,No,47,Yes,Yes,Fiber optic,No,Yes,No,No,No,Yes,Two year,Yes,Mailed check,58.38,2686.17,2,No
0259-WANEU,Male,0,Yes,Yes,8,Yes,Yes,Fiber optic,Yes,No,No,Yes,No,Yes,Two year,Yes,Bank transfer (automatic),64.56,471.47,1,No
0260-ZNDVW,Female,0,Yes,Yes,44,No,No phone service,DSL,No,Yes,No,No,No,Yes,One year,No,Credit card (automatic),36.66,1697.99,0,No
0261-YAVWS,Female,0,Yes,No,24,Yes,No,No,No internet service,No internet service,No internet service,No internet service,No internet service,No internet service,One year,Yes,Bank transfer (automatic),18.0,473.77,0,No
0262-HOUOI,Female,1,No,No,19,Yes,Yes,DSL,No,No,No,No,Yes,No,Month-to-month,Yes,Credit card (automatic),63.63,1138.47,1,Yes
0263-UIJTY,Male,0,No,No,72,Yes,Yes,Fiber optic,Yes,No,No,No,No,No,Month-to-month,No,Bank transfer (automatic),80.12,5755.22,1,No
0264-UZICT,Male,0,No,No,38,Yes,No,Fiber optic,No,No,Yes,No,No,No,Month-to-month,Yes,Electronic check,66.49,2554.74,2,No
0265-YZKFB,Female,0,Yes,Yes,36,Yes,No,DSL,No,Yes,No,No,Yes,Yes,Two year,No,Electronic check,52.31,1848.32,1,No
0266-GRBQK,Female,0,Yes,Yes,1,Yes,No,DSL,Yes,No,Yes,No,Yes,No,One year,Yes,Credit card (automatic),49.98,132.59,0,No
0267-LSVXY,Male,1,Yes,Yes,64,Yes,Yes,Fiber optic,Yes,Yes,Yes,No,No,No,Two year,No,Electronic check,67.04,4300.0,2,No
0268-GTFUX,Male,1,Yes,No,50,Yes,No,DSL,No,No,No,No,No,No,One year,No,Mailed check,47.66,2429.97,1,Yes
0269-AQKVZ,Female,0,No,No,11,Yes,Yes,DSL,No,No,No,Yes,No,Yes,Month-to-month,No,Mailed check,47.06,581.4,2,No
0270-RUQGQ,Male,0,No,No,11,Yes,Yes,Fiber optic,No,Yes,No,No,Yes,No,Two year,No,Electronic check,76.78,821.93,1,Yes
0271-TIQTV,Female,0,Yes,No,1,Yes,Yes,No,No internet service,No internet service,No internet service,No internet service,No internet service,No internet service,One year,Yes,Bank transfer (automatic),18.0,121.07,1,No
0272-VHQGA,Male,0,Yes,No,1,No,No phone service,DSL,No,No,Yes,No,Yes,No,Month-to-month,Yes,Credit card (automatic),35.12,46.34,1,Yes
0273-MWSXS,Female,0,Yes,No,35,Yes,Yes,Fiber optic,No,No,No,Yes,No,No,Two year,Yes,Credit card (automatic),50.89,1800.32,3,No
0274-QMPHS,Female,0,Yes,Yes,6,Yes,Yes,DSL,No,Yes,Yes,No,Yes,Yes,Two year,No,Credit card (automatic),48.84,301.75,2,No
0275-RANSO,Female,0,No,No,72,Yes,No,Fiber optic,Yes,Yes,No,No,No,No,One year,No,Mailed check,71.23,5126.0,1,No
0276-RBVQR,Female,1,No,No,59,Yes,Yes,No,No internet service,No internet service,No internet service,No internet service,No internet service,No internet service,Two year,Yes,Credit card (automatic),42.84,2489.51,1,No
0277-FSDAH,Male,0,No,No,13,No,No phone service,DSL,No,No,No,Yes,Yes,Yes,Month-to-month,Yes,Mailed check,53.49,736.97,0,No
0278-WGCJJ,Male,0,No,Yes,15,Yes,No,No,No internet service,No internet service,No internet service,No internet service,No internet service,No internet service,Two year,No,Credit card (automatic),18.0,276.65,4,No
0279-SNBAW,Female,0,Yes,Yes,12,Yes,No,No,No internet service,No internet service,No internet service,No internet service,No internet service,No internet service,Two year,Yes,Bank transfer (automatic),23.04,263.14,2,No
0280-WRGHA,Male,0,Yes,No,3,Yes,No,Fiber optic,No,Yes,Yes,No,No,Yes,Two year,Yes,Electronic check,80.53,221.68,0,No
0281-YWCXW,Female,0,Yes,Yes,1,Yes,No,Fiber optic,Yes,No,No,No,Yes,No,One year,Yes,Bank transfer (automatic),69.46,67.95,3,Yes
0282-HVYOE,Male,0,No,No,19,Yes,Yes,No,No internet service,No internet service,No internet service,No internet service,No internet service,No internet service,Month-to-month,Yes,Credit card (automatic),18.0,378.86,0,Yes
0283-CSAOH,Female,0,No,Yes,72,Yes,No,No,No internet service,No internet service,No internet service,No internet service,No internet service,No internet service,Month-to-month,Yes,Mailed check,18.0,1328.97,0,No
0284-BCXNX,Male,0,No,No,72,Yes,Yes,DSL,No,No,No,No,No,Yes,Two year,Yes,Mailed check,56.52,4167.72,3,No
0285-NKPDT,Male,0,Yes,No,53,Yes,No,No,No internet service,No internet service,No internet service,No internet service,No internet service,No internet service,Month-to-month,Yes,Bank transfer (automatic),32.59,1724.27,2,No
0286-EVUNW,Male,1,No,No,31,Yes,Yes,DSL,Yes,No,No,No,No,Yes,Month-to-month,Yes,Credit card (automatic),39.85,1203.23,3,No
0287-PRGJG,Male,0,Yes,No,62,Yes,No,No,No internet service,No internet service,No internet service,No internet service,No internet service,No internet service,One year,Yes,Mailed check,22.55,1408.9,4,No
0288-AWUSP,Female,1,Yes,No,23,Yes,No,DSL,No,Yes,Yes,No,No,No,Month-to-month,No,Electronic check,40.17,966.53,1,No
0289-SDRBA,Female,1,Yes,No,6,Yes,No,Fiber optic,No,No,No,Yes,No,Yes,One year,Yes,Electronic check,94.76,601.04,1,No
0290-OETKJ,Male,1,Yes,No,36,Yes,No,Fiber optic,Yes,Yes,Yes,No,No,No,Two year,No,Credit card (automatic),65.76,2384.1,0,No
0291-BCWWL,Male,1,No,Yes,72,Yes,No,Fiber optic,No,No,No,No,Yes,Yes,Month-to-month,Yes,Electronic check,73.74,5327.02,1,Yes
0292-TEEFI,Male,0,No,Yes,1,Yes,Yes,No,No internet service,No internet service,No internet service,No internet service,No internet service,No internet service,Month-to-month,Yes,Bank transfer (automatic),30.1,18.0,0,Yes
0293-BULCT,Male,1,Yes,Yes,9,Yes,Yes,No,No internet service,No internet service,No internet service,No internet service,No internet service,No internet service,One year,Yes,Mailed check,27.8,276.21,2,No
0294-ZVLXQ,Female,0,Yes,Yes,9,Yes,No,DSL,No,Yes,No,No,Yes,No,One year,Yes,Electronic check,51.73,436.47,0,Yes
0295-JXNWQ,Male,0,Yes,No,3,No,No phone service,DSL,Yes,No,No,No,No,Yes,Two year,Yes,Electronic check,40.32,116.73,2,No
0296-RSQNI,Male,0,Yes,No,8,Yes,No,Fiber optic,No,No,Yes,No,No,Yes,Month-to-month,Yes,Mailed check,77.94,626.21,1,No
0297-HBMYG,Male,0,Yes,No,15,Yes,No,Fiber optic,No,No,No,No,No,Yes,Month-to-month,No,Electronic check,80.74,1204.16,2,Yes
0298-IVVKN,Male,0,No,Yes,72,Yes,Yes,Fiber optic,No,No,Yes,No,No,Yes,Two year,No,Credit card (automatic),75.06,5433.97,1,No
0299-DZZMB,Male,0,Yes,No,62,Yes,Yes,No,No internet service,No internet service,No internet service,No internet service,No internet service,No internet service,One year,No,Credit card (automatic),18.0,1099.89,0,No
0300-WEKFR,Male,0,No,No,72,Yes,Yes,No,No internet service,No internet service,No internet service,No internet service,No internet service,No internet service,One year,Yes,Electronic check,18.0,1272.75,1,Yes
0301-UJDIF,Male,0,Yes,No,4,Yes,Yes,DSL,No,No,No,Yes,No,No,Two year,Yes,Credit card (automatic),46.93,186.49,2,No
0302-BQEYF,Male,0,Yes,No,1,Yes,No,Fiber optic,No,Yes,No,No,Yes,Yes,Month-to-month,Yes,Credit card (automatic),56.19,101.76,3,No
0303-ZLWUJ,Female,0,Yes,No,3,Yes,Yes,Fiber optic,No,No,No,Yes,No,No,Month-to-month,No,Credit card (automatic),68.39,177.68,1,No
0304-VUYFH,Male,0,No,No,72,Yes,No,Fiber optic,No,No,No,Yes,Yes,No,Two year,No,Bank transfer (automatic),83.01,6073.42,4,No
0305-BLMYU,Male,0,No,No,5,Yes,Yes,No,No internet service,No internet service,No internet service,No internet service,No internet service,No internet service,Month-to-month,No,Mailed check,23.09,129.29,0,No
0306-GJMQZ,Male,0,Yes,No,27,Yes,Yes,Fiber optic,No,No,No,Yes,Yes,Yes,One year,Yes,Mailed check,57.48,1514.88,0,No
0307-UZNBV,Male,0,No,No,8,Yes,Yes,Fiber optic,No,No,Yes,Yes,Yes,No,Month-to-month,Yes,Electronic check,57.47,459.91,1,Yes
0308-KASUD,Female,0,Yes,Yes,1,Yes,No,Fiber optic,Yes,No,Yes,No,No,No,One year,No,Electronic check,81.67,85.99,3,No
0309-SZUKH,Male,0,No,No,2,Yes,Yes,DSL,Yes,No,Yes,No,No,No,Month-to-month,No,Bank transfer (automatic),45.01,53.7,1,No
0310-KDQGH,Female,0,Yes,No,39,Yes,No,DSL,No,No,Yes,No,No,Yes,Month-to-month,No,Electronic check,55.59,2123.43,4,No
0311-CVBWO,Female,0,No,Yes,6,Yes,Yes,DSL,Yes,Yes,Yes,No,Yes,Yes,Month-to-month,Yes,Electronic check,44.08,328.4,1,Yes
0312-XVVEX,Female,0,No,Yes,8,No,No phone service,No,No internet service,No internet service,No internet service,No internet service,No internet service,No internet service,Month-to-month,Yes,Credit card (automatic),18.0,157.69,1,No
0313-AZDOT,Female,1,No,No,15,Yes,No,Fiber optic,No,No,Yes,Yes,Yes,No,Month-to-month,Yes,Mailed check,89.57,1317.98,0,No
0314-SCTKQ,Male,0,Yes,No,34,Yes,Yes,Fiber optic,No,Yes,Yes,No,No,No,Month-to-month,Yes,Mailed check,68.11,2184.55,2,No
0315-MKBIZ,Female,0,Yes,No,20,Yes,No,No,No internet service,No internet service,No internet service,No internet service,No internet service,No internet service,Month-to-month,No,Electronic check,18.0,370.0,2,Yes
0316-BUIIH,Female,0,No,Yes,72,Yes,No,DSL,No,Yes,No,No,Yes,Yes,Month-to-month,Yes,Credit card (automatic),53.57,3805.73,0,No
0317-QAYKH,Male,0,No,No,18,Yes,No,No,No internet service,No internet service,No internet service,No internet service,No internet service,No internet service,Month-to-month,Yes,Credit card (automatic),31.5,517.01,0,Yes
0318-JYGCC,Female,1,No,No,7,Yes,No,Fiber optic,Yes,No,No,No,Yes,No,One year,Yes,Mailed check,85.12,611.75,2,No
0319-RELLS,Female,0,Yes,No,24,Yes,No,DSL,No,Yes,No,Yes,Yes,Yes,Month-to-month,Yes,Bank transfer (automatic),41.54,939.36,1,No
0320-FBLSE,Female,0,Yes,No,19,Yes,No,Fiber optic,No,No,No,No,No,Yes,Two year,No,Electronic check,54.37,984.03,4,Yes
0321-LQQJY,Female,0,No,No,49,Yes,No,No,No internet service,No internet service,No internet service,No internet service,No internet service,No internet service,Month-to-month,No,Electronic check,26.51,1308.15,2,No
0322-WQOLP,Male,0,Yes,Yes,72,Yes,Yes,Fiber optic,No,No,No,No,No,No,Two year,No,Electronic check,74.01,5377.52,1,No
0323-XSHUQ,Female,0,Yes,Yes,57,No,No phone service,Fiber optic,Yes,No,No,No,Yes,No,Month-to-month,No,Bank transfer (automatic),61.34,3461.33,2,No
0324-WEVPF,Male,0,No,Yes,15,Yes,Yes,DSL,No,No,No,No,No,No,Month-to-month,Yes,Credit card (automatic),40.02,682.27,2,No
0325-HYRYL,Male,0,No,No,7,Yes,Yes,Fiber optic,No,No,No,No,No,No,Two year,Yes,Mailed check,64.39,371.59,1,No
0326-OZIMZ,Male,1,Yes,No,72,No,No phone service,Fiber optic,Yes,Yes,Yes,No,No,No,One year,No,Credit card (automatic),75.06,5358.77,3,No
0327-OJPGQ,Female,0,Yes,No,15,Yes,No,Fiber optic,No,Yes,No,No,Yes,No,One year,Yes,Electronic check,72.13,985.96,2,Yes
0328-WZUVZ,Female,0,No,No,47,Yes,No,No,No internet service,No internet service,No internet service,No internet service,No internet service,No internet service,Month-to-month,Yes,Mailed check,26.29,1195.6,2,No
0329-GNOUG,Male,0,Yes,No,72,Yes,No,No,No internet service,No internet service,No internet service,No internet service,No internet service,No internet service,Month-to-month,No,Electronic check,18.0,1228.62,2,No
0330-ISPHR,Male,0,No,Yes,27,Yes,Yes,Fiber optic,No,Yes,No,No,Yes,No,Month-to-month,No,Electronic check,73.5,1915.24,3,Yes
0331-WRTGC,Male,0,Yes,Yes,20,Yes,Yes,Fiber optic,Yes,Yes,Yes,No,No,No,Month-to-month,No,Mailed check,71.34,1401.97,3,No
0332-RJGQN,Male,0,Yes,No,38,No,No phone service,No,No internet service,No internet service,No internet service,No internet service,No internet service,No internet service,Month-to-month,Yes,Electronic check,41.58,1553.01,0,No
0333-XCLMB,Male,0,No,No,6,Yes,No,No,No internet service,No internet service,No internet service,No internet service,No internet service,No internet service,Two year,Yes,Electronic check,18.0,69.45,1,No
0334-CEKHZ,Male,0,No,No,21,Yes,No,Fiber optic,No,No,Yes,No,Yes,Yes,Two year,Yes,Mailed check,67.37,1441.89,0,No
0335-WWLGO,Female,0,Yes,Yes,11,Yes,Yes,Fiber optic,No,No,Yes,No,No,Yes,Month-to-month,Yes,Bank transfer (automatic),76.29,808.02,4,Yes
0336-XQDVY,Female,0,Yes,No,5,Yes,No,No,No internet service,No internet service,No internet service,No internet service,No internet service,No internet service,Two year,Yes,Bank transfer (automatic),21.8,166.19,2,No
0337-MRAPM,Female,0,Yes,No,30,Yes,No,Fiber optic,No,Yes,No,No,No,No,Two year,Yes,Credit card (automatic),42.11,1282.67,0,No
0338-JLBWC,Male,0,No,No,27,Yes,No,Fiber optic,No,Yes,No,No,No,Yes,Month-to-month,No,Mailed check,62.28,1654.53,4,No
0339-JBWMM,Female,0,Yes,No,45,Yes,Yes,DSL,No,No,Yes,Yes,No,Yes,One year,Yes,Mailed check,49.9,2181.18,3,No
0340-RCGNT,Male,0,No,No,66,Yes,No,Fiber optic,Yes,Yes,No,No,No,No,Month-to-month,Yes,Electronic check,63.8,4202.26,4,No
0341-QULYP,Male,1,No,No,7,Yes,Yes,DSL,No,No,Yes,No,Yes,Yes,One year,No,Mailed check,47.84,409.87,2,No
0342-XLOYJ,Female,0,No,No,48,Yes,Yes,Fiber optic,Yes,No,Yes,No,No,No,Month-to-month,Yes,Electronic check,84.92,4155.84,0,No
0343-YGTEA,Male,0,No,No,14,Yes,No,Fiber optic,No,Yes,No,Yes,Yes,No,Two year,Yes,Mailed check,55.27,702.33,0,No
0344-QCMNX,Female,0,No,Yes,31,Yes,No,Fiber optic,No,No,Yes,No,No,No,One year,Yes,Electronic check,74.07,2336.48,2,No
0345-RDREY,Female,0,Yes,No,60,Yes,Yes,DSL,No,No,No,Yes,Yes,No,One year,Yes,Mailed check,36.28,2123.39,1,No
0346-PAUNO,Female,1,Yes,No,9,Yes,No,DSL,No,No,Yes,No,No,No,Two year,No,Bank transfer (automatic),50.63,418.44,0,No
0347-IOQYX,Male,0,Yes,Yes,29,Yes,No,Fiber optic,No,No,No,No,No,No,One year,Yes,Electronic check,95.76,2841.14,0,No
0348-DLZEE,Male,0,No,No,20,Yes,No,Fiber optic,Yes,No,Yes,Yes,No,No,Month-to-month,No,Credit card (automatic),54.65,1060.88,2,No
0349-KFGXN,Male,0,No,No,50,Yes,No,Fiber optic,Yes,No,No,Yes,No,Yes,Two year,Yes,Electronic check,47.49,2352.39,2,Yes
0350-XKMBY,Female,0,Yes,Yes,38,Yes,Yes,No,No internet service,No internet service,No internet service,No internet service,No internet service,No internet service,Two year,No,Credit card (automatic),18.0,700.32,0,No
0351-GTDHT,Male,0,No,No,46,Yes,No,Fiber optic,No,No,No,No,Yes,Yes,Two year,No,Bank transfer (automatic),88.61,4060.13,0,No
0352-VUSMN,Female,0,No,Yes,10,Yes,Yes,DSL,Yes,No,Yes,Yes,No,Yes,Month-to-month,No,Mailed check,28.08,293.67,1,No
0353-JKBYZ,Male,0,Yes,No,38,Yes,No,Fiber optic,Yes,No,No,No,No,Yes,Month-to-month,Yes,Electronic check,64.11,2405.03,0,No
0354-IQZCX,Female,1,Yes,No,29,Yes,Yes,Fiber optic,No,No,No,No,Yes,Yes,Two year,Yes,Electronic check,77.88,2310.61,0,No
0355-FEEVO,Female,0,Yes,No,19,No,No phone service,Fiber optic,Yes,Yes,No,Yes,No,No,Two year,Yes,Mailed check,73.76,1368.66,2,No
0356-WQICT,Male,0,No,No,15,Yes,No,DSL,No,No,No,Yes,No,No,Month-to-month,Yes,Credit card (automatic),40.48,701.63,3,Yes
0357-ZQJCR,Male,0,Yes,No,12,Yes,No,Fiber optic,No,No,No,No,No,Yes,Two year,Yes,Mailed check,71.76,866.67,1,No
0358-RQXCC,Female,0,Yes,No,1,Yes,Yes,DSL,Yes,Yes,Yes,Yes,No,No,Month-to-month,Yes,Bank transfer (automatic),52.84,55.75,0,No
0359-FMXOY,Female,0,No,No,5,Yes,Yes,Fiber optic,Yes,No,No,No,No,No,Two year,No,Electronic check,66.68,331.32,2,No
0360-IDNEB,Male,0,No,No,1,Yes,Yes,Fiber optic,Yes,Yes,Yes,Yes,No,Yes,One year,Yes,Credit card (automatic),66.82,118.05,0,No
0361-KIXCI,Female,1,No,Yes,60,Yes,Yes,Fiber optic,No,Yes,Yes,No,No,Yes,Month-to-month,No,Electronic check,73.66,4381.27,2,Yes
0362-CYBLJ,Male,0,No,No,62,Yes,Yes,Fiber optic,Yes,Yes,Yes,No,Yes,Yes,Two year,No,Electronic check,85.29,5266.14,1,No
0363-IOHYE,Male,0,Yes,Yes,59,Yes,No,Fiber optic,No,No,No,No,No,No,Month-to-month,Yes,Mailed check,65.35,3905.76,1,No
0364-KBXOF,Female,0,No,Yes,54,Yes,Yes,DSL,No,No,No,No,No,Yes,Month-to-month,No,Mailed check,38.61,2056.77,2,No
0365-HEPZR,Male,0,No,Yes,8,Yes,No,Fiber optic,No,No,Yes,No,No,Yes,One year,Yes,Bank transfer (automatic),72.98,594.89,1,No
0366-FEPME,Female,0,No,Yes,21,Yes,No,No,No internet service,No internet service,No internet service,No internet service,No internet service,No internet service,Month-to-month,No,Mailed check,18.0,383.65,2,No
0367-MQRHM,Male,0,Yes,No,72,Yes,Yes,Fiber optic,Yes,No,No,No,Yes,No,Two year,Yes,Mailed check,70.71,5068.52,0,No
0368-SZCXH,Female,0,Yes,No,45,Yes,Yes,DSL,No,Yes,Yes,No,No,No,Two year,Yes,Bank transfer (automatic),47.86,2132.85,1,No
0369-BHMMA,Male,0,Yes,No,1,Yes,No,DSL,No,Yes,Yes,No,Yes,No,One year,Yes,Bank transfer (automatic),22.6,105.39,4,No
0370-FXSPH,Male,0,No,No,19,Yes,Yes,Fiber optic,No,Yes,Yes,Yes,No,No,Month-to-month,Yes,Mailed check,52.81,1040.81,2,No
0371-APIMK,Female,1,Yes,No,1,Yes,No,DSL,No,Yes,Yes,Yes,Yes,No,Month-to-month,Yes,Credit card (automatic),29.22,93.87,4,No
0372-MYUJD,Male,0,No,No,10,Yes,Yes,Fiber optic,Yes,No,Yes,No,No,Yes,One year,Yes,Mailed check,69.37,620.63,2,No
0373-FGEKM,Female,0,No,No,18,Yes,No,Fiber optic,No,No,Yes,No,No,Yes,Month-to-month,Yes,Credit card (automatic),60.1,1120.04,1,Yes
0374-ZYSWJ,Female,0,Yes,Yes,71,Yes,Yes,No,No internet service,No internet service,No internet service,No internet service,No internet service,No internet service,Month-to-month,No,Electronic check,24.98,1821.71,3,No
0375-JKUGR,Female,0,No,No,33,Yes,Yes,Fiber optic,Yes,No,No,No,Yes,Yes,Month-to-month,Yes,Bank transfer (automatic),79.14,2630.89,3,No
0376-DBNML,Female,0,Yes,No,14,Yes,Yes,Fiber optic,No,Yes,No,Yes,No,Yes,Month-to-month,No,Credit card (automatic),71.96,938.35,1,No
0377-GBMNQ,Female,0,No,No,21,No,No phone service,DSL,No,Yes,Yes,No,No,No,Two year,Yes,Electronic check,70.58,1591.86,0,No
0378-IQHBX,Male,0,Yes,No,54,Yes,No,DSL,Yes,Yes,Yes,Yes,Yes,No,Month-to-month,No,Credit card (automatic),51.33,2820.6,1,No
0379-MCPFS,Male,0,Yes,No,11,Yes,Yes,DSL,No,No,No,No,Yes,No,One year,Yes,Credit card (automatic),44.62,596.21,1,No
0380-GJIBO,Male,0,Yes,No,30,Yes,No,DSL,Yes,No,Yes,No,No,Yes,Month-to-month,Yes,Mailed check,50.3,1431.71,3,No
0381-EVDTD,Male,0,No,No,9,Yes,No,Fiber optic,No,No,No,Yes,No,No,One year,No,Mailed check,67.75,664.82,2,No
0382-RDQLV,Male,0,No,No,20,Yes,Yes,Fiber optic,Yes,No,No,Yes,Yes,Yes,Two year,Yes,Electronic check,75.32,1491.29,1,No
0383-QJVAV,Male,0,Yes,No,1,Yes,No,Fiber optic,No,No,No,Yes,No,Yes,Month-to-month,Yes,Mailed check,70.38,49.86,0,No
0384-ZXRRN,Male,0,Yes,No,61,Yes,No,DSL,No,No,Yes,No,No,Yes,Month-to-month,Yes,Credit card (automatic),18.0,1085.8,0,Yes
0385-OLDCT,Female,1,No,No,1,Yes,No,DSL,No,Yes,No,Yes,No,No,Month-to-month,Yes,Credit card (automatic),50.02,79.57,2,No
0386-LGKAF,Female,0,Yes,Yes,8,Yes,No,No,No internet service,No internet service,No internet service,No internet service,No internet service,No internet service,Two year,No,Electronic check,22.05,128.21,0,No
0387-OOSKZ,Female,0,No,No,12,Yes,Yes,Fiber optic,Yes,Yes,No,No,No,Yes,Month-to-month,Yes,Electronic check,73.94,833.64,3,No
0388-WZBNB,Male,0,No,No,31,No,No phone service,DSL,No,No,Yes,No,No,Yes,Month-to-month,No,Electronic check,60.76,1839.94,0,No
0389-DQCMI,Female,0,No,No,40,Yes,Yes,No,No internet service,No internet service,No internet service,No internet service,No internet service,No internet service,Month-to-month,Yes,Mailed check,30.64,1212.97,2,No
0390-GOWKT,Male,0,No,No,2,Yes,No,Fiber optic,No,No,No,No,No,No,Two year,Yes,Credit card (automatic),65.95,125.03,3,Yes
0391-BONTV,Male,0,Yes,No,1,Yes,Yes,DSL,No,No,Yes,No,No,Yes,One year,No,Electronic check,37.56,30.68,0,No
0392-KCQLX,Male,0,Yes,No,51,Yes,No,DSL,No,No,No,Yes,Yes,No,One year,No,Mailed check,42.46,2185.54,0,No
0393-UOPET,Female,1,Yes,No,39,Yes,Yes,Fiber optic,Yes,No,Yes,No,Yes,No,Month-to-month,Yes,Credit card (automatic),73.67,2939.52,2,Yes
0394-FSYEC,Female,0,Yes,No,56,Yes,No,Fiber optic,No,Yes,No,Yes,No,No,Two year,No,Mailed check,56.86,3226.44,1,No
0395-AZFOB,Female,0,No,No,36,Yes,No,No,No internet service,No internet service,No internet service,No internet service,No internet service,No internet service,Month-to-month,No,Mailed check,18.0,694.36,4,No
0396-CQYXL,Male,1,Yes,Yes,44,Yes,No,Fiber optic,No,No,No,No,Yes,Yes,Month-to-month,No,Electronic check,70.43,3083.62,1,No
0397-ROLPH,Male,0,No,No,15,Yes,Yes,Fiber optic,Yes,No,No,No,No,No,Month-to-month,Yes,Mailed check,52.86,779.69,2,No
0398-NYQUH,Male,0,No,No,28,Yes,Yes,Fiber optic,No,Yes,Yes,Yes,No,Yes,One year,Yes,Mailed check,55.16,1550.88,0,No
0399-ONRTG,Male,0,Yes,Yes,52,Yes,No,Fiber optic,No,No,No,No,No,No,Month-to-month,Yes,Mailed check,70.95,3662.93,2,No
0400-CLUXZ,Female,0,Yes,No,6,No,No phone service,DSL,No,Yes,Yes,No,No,No,Month-to-month,Yes,Credit card (automatic),40.71,274.56,1,No
0401-CTNOY,Female,0,Yes,No,17,Yes,Yes,Fiber optic,Yes,No,No,No,Yes,No,Month-to-month,No,Credit card (automatic),79.14,1354.61,0,Yes
0402-NGQLT,Female,0,Yes,Yes,43,Yes,No,DSL,No,No,Yes,Yes,No,No,Month-to-month,Yes,Mailed check,53.29,2286.35,1,No
0403-DIFPY,Female,0,No,No,24,No,No phone service,No,No internet service,No internet service,No internet service,No internet service,No internet service,No internet service,Two year,Yes,Electronic check,18.0,468.67,1,Yes
0404-VVUUB,Male,0,Yes,Yes,36,Yes,No,Fiber optic,No,No,No,No,Yes,No,Month-to-month,No,Credit card (automatic),55.77,2052.84,0,No
0405-XHKMQ,Male,0,No,Yes,11,Yes,No,Fiber optic,Yes,No,No,Yes,No,No,Month-to-month,Yes,Mailed check,66.51,655.22,3,Yes
0406-HURRN,Female,0,No,No,1,Yes,No,Fiber optic,Yes,No,No,Yes,Yes,Yes,Month-to-month,No,Electronic check,72.51,18.0,0,No
0407-OFKMY,Male,0,Yes,No,1,Yes,No,No,No internet service,No internet service,No internet service,No internet service,No internet service,No internet service,Month-to-month,Yes,Bank transfer (automatic),18.0,67.19,3,No
0408-AFIHK,Male,0,Yes,Yes,72,Yes,Yes,Fiber optic,No,No,Yes,No,No,Yes,Month-to-month,Yes,Bank transfer (automatic),75.47,5463.23,0,No
0409-VSXIQ,Female,0,No,No,72,Yes,No,Fiber optic,No,No,Yes,No,No,Yes,Month-to-month,Yes,Mailed check,64.31,4695.5,1,Yes
0410-LYNOP,Female,0,Yes,Yes,7,No,No phone service,No,No internet service,No internet service,No internet service,No internet service,No internet service,No internet service,Two year,Yes,Electronic check,20.22,168.62,1,No
0411-VVTAJ,Male,0,Yes,Yes,5,Yes,No,No,No internet service,No internet service,No internet service,No internet service,No internet service,No internet service,Month-to-month,No,Electronic check,29.78,226.68,2,No
0412-HRABA,Female,0,No,Yes,1,Yes,No,DSL,Yes,No,No,No,No,Yes,Month-to-month,Yes,Bank transfer (automatic),37.58,74.84,1,No
0413-AIMAM,Female,0,No,Yes,8,Yes,Yes,Fiber optic,Yes,No,Yes,Yes,No,Yes,Month-to-month,Yes,Electronic check,71.47,613.72,0,Yes
0414-TZVGB,Female,0,No,No,13,Yes,Yes,No,No internet service,No internet service,No internet service,No internet service,No internet service,No internet service,Month-to-month,Yes,Credit card (automatic),26.5,374.77,3,No
0415-FGZNZ,Female,0,Yes,No,8,Yes,No,Fiber optic,Yes,No,Yes,No,No,No,Two year,Yes,Electronic check,72.5,630.94,0,Yes
0416-ROBJW,Female,1,No,Yes,51,Yes,No,Fiber optic,No,No,Yes,No,Yes,No,One year,No,Mailed check,80.08,4051.05,3,No
0417-LQHKC,Female,0,Yes,No,44,Yes,No,DSL,Yes,Yes,No,Yes,No,No,One year,Yes,Bank transfer (automatic),39.62,1771.45,1,No
0418-FIFIG,Female,0,No,No,2,Yes,Yes,Fiber optic,No,No,No,No,No,Yes,One year,Yes,Credit card (automatic),68.59,137.2,1,No
0419-IRLHH,Female,0,Yes,No,38,Yes,Yes,Fiber optic,Yes,No,No,Yes,Yes,Yes,Month-to-month,No,Credit card (automatic),60.47,2307.61,1,No
0420-RTOGK,Female,0,Yes,No,23,Yes,No,DSL,No,Yes,No,No,Yes,No,Month-to-month,No,Mailed check,38.41,842.85,0,No
0421-TPDFZ,Male,1,No,No,4,Yes,No,DSL,Yes,No,No,Yes,No,No,Two year,No,Electronic check,34.83,171.91,1,No
0422-VZCIJ,Female,1,No,Yes,43,Yes,Yes,DSL,Yes,Yes,No,No,Yes,Yes,Month-to-month,Yes,Electronic check,36.86,1599.83,1,No
0423-NKRVL,Female,0,No,No,2,Yes,No,DSL,Yes,No,No,No,No,No,Month-to-month,Yes,Mailed check,46.02,75.36,1,No
0424-WLMYM,Female,0,Yes,Yes,6,Yes,No,DSL,No,No,Yes,Yes,No,No,Two year,Yes,Bank transfer (automatic),27.15,173.61,1,No
0425-SZSWN,Male,0,No,Yes,5,Yes,Yes,No,No internet service,No internet service,No internet service,No internet service,No internet service,No internet service,One year,Yes,Credit card (automatic),18.0,165.58,0,No
0426-DMHWU,Female,0,No,No,72,Yes,No,DSL,Yes,Yes,No,No,Yes,No,One year,Yes,Mailed check,47.96,3496.99,0,No
0427-WSLRF,Female,0,No,No,38,Yes,Yes,Fiber optic,No,Yes,No,No,No,No,Month-to-month,Yes,Bank transfer (automatic),73.7,2830.2,1,No
0428-RSVEX,Male,0,Yes,No,16,Yes,No,DSL,No,No,Yes,No,Yes,Yes,Month-to-month,No,Bank transfer (automatic),43.17,635.01,4,No
0429-ICJSC,Male,0,Yes,No,55,Yes,No,Fiber optic,No,No,Yes,No,No,No,One year,No,Electronic check,73.52,3985.75,4,No
0430-VOAGL,Female,0,No,No,7,Yes,No,Fiber optic,Yes,No,No,No,Yes,No,Month-to-month,Yes,Credit card (automatic),74.65,496.26,1,No
0431-QUZXT,Male,0,No,No,72,Yes,No,Fiber optic,Yes,No,Yes,Yes,No,No,Month-to-month,Yes,Mailed check,74.55,5292.0,3,No
0432-EDLTX,Male,0,No,No,38,Yes,Yes,No,No internet service,No internet service,No internet service,No internet service,No internet service,No internet service,Two year,Yes,Electronic check,20.01,750.23,0,No
0433-RQSID,Male,0,Yes,No,26,Yes,Yes,DSL,No,Yes,Yes,No,Yes,No,Month-to-month,Yes,Mailed check,34.74,925.06,1,No
0434-ZUBDB,Male,0,No,No,50,Yes,Yes,Fiber optic,No,No,No,No,No,No,Month-to-month,No,Credit card (automatic),71.86,3525.54,2,No
0435-OBDFG,Male,0,No,No,33,No,No phone service,No,No internet service,No internet service,No internet service,No internet service,No internet service,No internet service,Month-to-month,Yes,Bank transfer (automatic),41.41,1352.24,2,No
0436-JSSZV,Female,0,Yes,Yes,69,Yes,Yes,Fiber optic,Yes,No,Yes,Yes,No,No,Month-to-month,Yes,Electronic check,79.14,5438.38,0,No
0437-LCMRH,Male,0,No,No,56,No,No phone service,No,No internet service,No internet service,No internet service,No internet service,No internet service,No internet service,One year,No,Credit card (automatic),26.37,1355.56,3,No
0438-UOACZ,Female,0,Yes,Yes,7,Yes,Yes,DSL,No,Yes,No,No,Yes,Yes,Month-to-month,Yes,Electronic check,62.05,365.96,1,Yes
0439-HDPWJ,Female,0,Yes,No,8,Yes,No,No,No internet service,No internet service,No internet service,No internet service,No internet service,No internet service,Month-to-month,Yes,Bank transfer (automatic),19.57,46.98,0,Yes
0440-LNNBW,Female,0,No,Yes,2,Yes,No,Fiber optic,No,Yes,No,No,No,No,Month-to-month,Yes,Electronic check,66.65,169.86,0,No
0441-EEFMI,Male,0,No,No,7,Yes,Yes,DSL,Yes,Yes,No,No,Yes,Yes,Month-to-month,Yes,Bank transfer (automatic),34.09,219.47,1,No
0442-VONXG,Female,0,No,Yes,13,Yes,Yes,Fiber optic,No,No,No,No,Yes,No,Two year,Yes,Electronic check,64.68,812.85,1,No
0443-YTBGF,Male,0,Yes,No,1,Yes,No,Fiber optic,No,No,No,Yes,No,Yes,One year,Yes,Credit card (automatic),65.42,86.89,0,No
0444-QYYBC,Female,0,Yes,Yes,12,Yes,No,DSL,No,No,Yes,No,Yes,No,Month-to-month,Yes,Bank transfer (automatic),58.63,768.61,1,No
0445-EEAHL,Female,0,No,No,47,Yes,No,Fiber optic,Yes,No,Yes,No,Yes,No,Month-to-month,No,Mailed check,45.65,2229.67,1,No
0446-XDMWO,Female,0,Yes,No,58,Yes,Yes,DSL,Yes,No,No,No,No,Yes,One year,No,Credit card (automatic),40.67,2301.36,3,No
0447-KJCVN,Male,0,No,Yes,1,Yes,No,No,No internet service,No internet service,No internet service,No internet service,No internet service,No internet service,Month-to-month,Yes,Electronic check,18.0,38.42,0,Yes
0448-PJJLI,Female,1,Yes,No,1,Yes,Yes,Fiber optic,No,No,No,No,Yes,Yes,Month-to-month,Yes,Credit card (automatic),61.6,130.79,2,No
0449-AETHK,Male,0,No,No,5,Yes,Yes,DSL,No,No,No,Yes,Yes,Yes,Month-to-month,No,Electronic check,46.64,320.79,1,No
0450-LAYVT,Male,0,No,No,65,Yes,No,DSL,Yes,No,Yes,No,No,No,Two year,No,Bank transfer (automatic),33.67,2179.56,2,No
0451-YKEOE,Male,0,Yes,No,20,No,No phone service,No,No internet service,No internet service,No internet service,No internet service,No internet service,No internet service,Month-to-month,Yes,Electronic check,18.0,337.59,1,Yes
0452-LEQQX,Female,0,No,Yes,72,Yes,Yes,DSL,No,No,Yes,No,No,No,Two year,No,Electronic check,37.14,2624.26,2,No
0453-LXOOF,Female,0,Yes,No,69,Yes,No,DSL,No,No,No,No,No,No,Month-to-month,No,Credit card (automatic),50.19,3454.11,2,No
0454-LTRNB,Female,1,Yes,Yes,70,Yes,Yes,Fiber optic,No,Yes,No,No,No,No,Month-to-month,Yes,Mailed check,49.41,3490.45,1,No
0455-IETZA,Female,0,Yes,Yes,4,Yes,No,DSL,No,Yes,No,No,Yes,No,One year,No,Electronic check,44.28,122.2,0,No
0456-WCFEU,Male,0,No,Yes,20,Yes,Yes,DSL,No,No,Yes,No,No,Yes,Month-to-month,Yes,Bank transfer (automatic),45.52,865.67,1,Yes
0457-EAQSN,Female,0,Yes,Yes,72,No,No phone service,Fiber optic,No,Yes,No,Yes,Yes,Yes,Month-to-month,No,Credit card (automatic),81.19,5847.71,0,No
0458-LJTUR,Male,0,No,No,5,Yes,No,DSL,Yes,No,No,No,No,No,Month-to-month,No,Mailed check,49.43,231.13,3,No
0459-XKBYR,Male,1,Yes,No,27,Yes,No,DSL,No,No,No,Yes,No,No,Month-to-month,Yes,Electronic check,52.52,1364.74,3,No
0460-YGXOK,Female,0,Yes,No,13,No,No phone service,Fiber optic,Yes,Yes,No,No,No,Yes,Two year,Yes,Electronic check,75.96,1056.85,0,Yes
0461-RWLFT,Female,0,No,No,15,Yes,No,No,No internet service,No internet service,No internet service,No internet service,No internet service,No internet service,Month-to-month,Yes,Bank transfer (automatic),18.0,187.09,2,No
0462-WMTPR,Male,0,No,No,70,Yes,No,No,No internet service,No internet service,No internet service,No internet service,No internet service,No internet service,Month-to-month,No,Bank transfer (automatic),18.0,1215.99,3,No
0463-JWHRU,Male,1,No,Yes,28,Yes,No,Fiber optic,Yes,Yes,Yes,No,No,No,One year,Yes,Credit card (automatic),73.83,2023.16,2,No
0464-AWHFE,Female,0,No,Yes,45,Yes,Yes,Fiber optic,No,No,Yes,No,No,No,Month-to-month,Yes,Electronic check,69.86,3085.22,0,No
0465-OVOBA,Female,0,No,No,35,Yes,No,No,No internet service,No internet service,No internet service,No internet service,No internet service,No internet service,Two year,No,Electronic check,23.0,898.12,2,No
0466-WWZKJ,Female,0,Yes,No,24,Yes,Yes,Fiber optic,No,No,No,Yes,Yes,No,Month-to-month,No,Bank transfer (automatic),81.98,2061.18,0,No
0467-RRQZH,Male,0,Yes,No,50,Yes,No,Fiber optic,No,No,No,No,Yes,No,Month-to-month,No,Electronic check,70.2,3478.82,1,Yes
0468-OHQLH,Male,0,No,No,72,Yes,No,No,No internet service,No internet service,No internet service,No internet service,No internet service,No internet service,Month-to-month,No,Mailed check,18.0,1316.05,1,No
0469-YNDAA,Female,0,No,Yes,72,Yes,No,Fiber optic,No,Yes,Yes,No,No,No,Month-to-month,No,Credit card (automatic),72.12,5194.1,1,Yes
0470-SPNUP,Male,0,No,Yes,49,Yes,Yes,No,No internet service,No internet service,No internet service,No internet service,No internet service,No internet service,Month-to-month,Yes,Electronic check,18.0,911.05,1,Yes
0471-EIZBR,Male,0,No,No,21,Yes,Yes,No,No internet service,No internet service,No internet service,No internet service,No internet service,No internet service,Month-to-month,Yes,Bank transfer (automatic),39.32,893.3,2,Yes
0472-FIAIY,Male,0,Yes,No,5,Yes,No,Fiber optic,No,No,No,Yes,No,No,Month-to-month,No,Credit card (automatic),92.27,420.26,2,No
0473-PMIUM,Male,0,Yes,No,1,Yes,No,No,No internet service,No internet service,No internet service,No internet service,No internet service,No internet service,One year,No,Electronic check,20.34,18.0,3,Yes
0474-IKDBF,Female,0,No,No,8,Yes,No,Fiber optic,Yes,No,No,No,Yes,No,Two year,Yes,Bank transfer (automatic),67.6,676.65,0,No
0475-NDFSF,Male,1,Yes,No,13,Yes,No,Fiber optic,No,No,No,No,No,No,One year,No,Credit card (automatic),77.42,949.58,2,No
0476-BRMIW,Female,0,Yes,No,4,Yes,No,DSL,Yes,No,No,No,No,Yes,Month-to-month,Yes,Electronic check,55.66,205.02,0,Yes
0477-SMKAX,Female,0,No,Yes,8,Yes,No,No,No internet service,No internet service,No internet service,No internet service,No internet service,No internet service,Month-to-month,No,Electronic check,23.01,121.19,2,No
0478-VGYUO,Male,0,Yes,No,2,No,No phone service,DSL,No,No,Yes,No,Yes,No,Two year,No,Electronic check,37.18,171.53,3,Yes
0479-ALZGO,Female,0,No,Yes,23,No,No phone service,No,No internet service,No internet service,No internet service,No internet service,No internet service,No internet service,Two year,No,Bank transfer (automatic),18.0,381.62,1,No
0480-USYAQ,Female,0,Yes,Yes,4,Yes,No,DSL,No,No,No,Yes,No,No,Month-to-month,Yes,Mailed check,43.09,229.43,1,Yes
0481-QCLFZ,Female,0,No,No,43,Yes,No,Fiber optic,No,No,No,Yes,Yes,Yes,One year,Yes,Mailed check,67.82,2847.77,2,No
0482-KCHNN,Male,0,No,No,12,Yes,No,DSL,No,No,Yes,No,No,No,Month-to-month,Yes,Electronic check,29.66,344.41,0,No
0483-JBNIC,Female,0,Yes,No,35,Yes,Yes,Fiber optic,No,No,No,No,No,No,Month-to-month,Yes,Electronic check,79.98,2828.54,1,No
0484-UZHPB,Male,0,Yes,Yes,68,Yes,No,Fiber optic,No,Yes,No,Yes,No,No,Two year,Yes,Bank transfer (automatic),84.67,5641.08,1,No
0485-FUZYL,Female,0,Yes,No,2,Yes,No,No,No internet service,No internet service,No internet service,No internet service,No internet service,No internet service,Month-to-month,No,Mailed check,23.02,18.0,3,No
0486-EBPEO,Female,0,No,Yes,72,Yes,No,Fiber optic,No,Yes,Yes,No,No,No,Month-to-month,No,Credit card (automatic),77.89,5537.95,0,No
0487-LDOKP,Female,0,Yes,No,33,Yes,No,Fiber optic,No,No,Yes,Yes,No,Yes,Month-to-month,No,Bank transfer (automatic),72.0,2366.02,2,No
0488-WFNRL,Female,0,Yes,No,1,Yes,No,DSL,No,Yes,No,Yes,No,No,Month-to-month,Yes,Bank transfer (automatic),38.03,81.46,0,Yes
0489-KMUWK,Male,0,Yes,Yes,12,Yes,Yes,DSL,No,No,Yes,No,Yes,Yes,Month-to-month,Yes,Credit card (automatic),44.78,528.34,2,No
0490-WPOUO,Female,0,No,Yes,69,Yes,No,No,No internet service,No internet service,No internet service,No internet service,No internet service,No internet service,Two year,No,Credit card (automatic),18.0,1085.08,2,No
0491-YDKSO,Female,0,No,Yes,29,Yes,Yes,DSL,No,Yes,No,No,No,No,Month-to-month,No,Mailed check,54.55,1498.63,4,No
0492-DUMVS,Female,0,No,No,10,Yes,No,No,No internet service,No internet service,No internet service,No internet service,No internet service,No internet service,One year,No,Electronic check,39.28,459.79,1,No
0493-BNDPU,Male,0,No,No,72,Yes,No,DSL,No,No,Yes,No,Yes,No,Month-to-month,Yes,Mailed check,33.28,2424.8,2,No
0494-TNOCH,Male,0,Yes,No,49,Yes,No,DSL,No,No,No,Yes,No,No,Month-to-month,Yes,Electronic check,49.57,2408.13,3,No
0495-PJDRB,Female,0,No,No,42,Yes,No,No,No internet service,No internet service,No internet service,No internet service,No internet service,No internet service,Month-to-month,Yes,Electronic check,37.94,1638.22,1,No
0496-QMDZY,Female,0,Yes,No,70,No,No phone service,No,No internet service,No internet service,No internet service,No internet service,No internet service,No internet service,Month-to-month,Yes,Mailed check,20.01,1429.16,2,Yes
0497-KGLJG,Female,0,No,No,46,Yes,Yes,DSL,No,No,No,No,Yes,No,Month-to-month,Yes,Bank transfer (automatic),60.26,2728.4,1,No
0498-MGXQJ,Female,0,No,No,10,Yes,No,Fiber optic,No,No,No,Yes,No,No,Month-to-month,No,Mailed check,85.1,939.51,0,No
0499-JXDTD,Male,0,Yes,No,28,Yes,No,No,No internet service,No internet service,No internet service,No internet service,No internet service,No internet service,Two year,Yes,Credit card (automatic),18.0,404.22,0,No
0500-VGVAL,Male,0,Yes,Yes,59,Yes,No,DSL,Yes,No,No,No,Yes,No,Month-to-month,No,Bank transfer (automatic),26.44,1590.54,2,No
0501-XMJOM,Male,0,No,No,6,Yes,No,DSL,Yes,Yes,No,No,Yes,Yes,Month-to-month,Yes,Credit card (automatic),48.99,328.47,1,Yes
0502-WVVUV,Female,0,Yes,No,5,Yes,No,Fiber optic,Yes,No,Yes,No,No,Yes,Month-to-month,No,Electronic check,74.42,377.8,1,Yes
0503-IZIOJ,Female,0,Yes,Yes,5,Yes,No,DSL,No,No,No,No,Yes,Yes,Month-to-month,No,Electronic check,39.67,143.13,0,No
0504-XZYJH,Female,1,No,No,6,Yes,Yes,Fiber optic,No,No,No,No,Yes,No,One year,Yes,Electronic check,86.65,516.82,1,No
0505-XPQZE,Female,0,No,Yes,3,Yes,Yes,Fiber optic,No,No,No,Yes,No,No,Month-to-month,No,Mailed check,86.24,252.42,1,No
0506-DRXSD,Male,1,No,Yes,58,No,No phone service,No,No internet service,No internet service,No internet service,No internet service,No internet service,No internet service,Two year,Yes,Electronic check,42.06,2441.58,2,No
0507-GJYRS,Male,0,No,Yes,54,Yes,Yes,No,No internet service,No internet service,No internet service,No internet service,No internet service,No internet service,Month-to-month,Yes,Bank transfer (automatic),22.42,1160.87,1,No
0508-DJAWR,Male,0,Yes,No,5,No,No phone service,Fiber optic,No,No,No,Yes,No,No,Month-to-month,Yes,Electronic check,67.71,318.0,2,No
0509-EOQCL,Female,0,Yes,No,39,Yes,No,Fiber optic,No,No,No,Yes,No,No,Month-to-month,Yes,Bank transfer (automatic),75.69,2981.18,3,No
0510-BAWUQ,Female,0,No,Yes,31,Yes,No,Fiber optic,No,No,No,No,No,Yes,Two year,Yes,Electronic check,82.31,2502.95,0,No
0511-VPEOC,Female,0,No,Yes,10,No,No phone service,DSL,No,No,Yes,No,No,No,Month-to-month,Yes,Electronic check,50.88,428.29,0,No
0512-GKJIN,Female,0,Yes,No,8,Yes,No,No,No internet service,No internet service,No internet service,No internet service,No internet service,No internet service,Month-to-month,Yes,Credit card (automatic),26.55,157.95,2,No
0513-MYYBC,Female,0,Yes,No,9,Yes,No,DSL,No,Yes,No,No,Yes,No,One year,Yes,Electronic check,36.7,268.9,2,No
0514-GURCJ,Male,1,Yes,No,41,Yes,No,DSL,No,No,Yes,No,No,Yes,Month-to-month,No,Credit card (automatic),55.77,2280.59,2,No
0515-VGIQK,Female,1,No,No,12,Yes,No,Fiber optic,Yes,Yes,No,Yes,No,Yes,Month-to-month,Yes,Electronic check,66.26,830.4,0,Yes
0516-GXNSD,Female,0,Yes,No,10,Yes,No,Fiber optic,No,Yes,No,No,Yes,No,Two year,No,Electronic check,80.39,798.92,5,Yes
0517-ZFJGM,Male,1,No,No,1,Yes,No,Fiber optic,No,Yes,Yes,Yes,No,Yes,Month-to-month,Yes,Credit card (automatic),58.96,113.9,2,Yes
0518-NDHEA,Male,0,No,Yes,72,Yes,No,DSL,No,No,Yes,Yes,Yes,No,Month-to-month,No,Mailed check,61.65,4428.24,1,No
0519-DCIHA,Female,0,No,Yes,44,Yes,No,Fiber optic,Yes,No,Yes,No,Yes,No,Two year,Yes,Mailed check,70.71,3144.79,3,No
0520-FIGDM,Male,0,No,No,20,Yes,Yes,No,No internet service,No internet service,No internet service,No internet service,No internet service,No internet service,Month-to-month,Yes,Bank transfer (automatic),18.0,335.38,1,Yes
0521-QBELU,Female,0,Yes,No,72,Yes,No,Fiber optic,No,No,Yes,No,No,Yes,Month-to-month,Yes,Mailed check,71.73,5160.58,3,No
0522-HFHRC,Female,1,Yes,No,11,Yes,Yes,DSL,No,Yes,No,No,Yes,No,One year,Yes,Bank transfer (automatic),36.1,397.84,1,No
0523-VLZCV,Male,0,No,No,35,Yes,No,DSL,No,Yes,No,No,No,No,Two year,Yes,Mailed check,36.3,1275.93,1,No
0524-FBWLB,Female,1,Yes,Yes,11,Yes,No,Fiber optic,No,No,No,No,Yes,Yes,One year,No,Electronic check,55.33,673.65,1,No
0525-FQCBW,Female,1,Yes,No,12,Yes,Yes,Fiber optic,Yes,Yes,Yes,No,Yes,Yes,Month-to-month,No,Bank transfer (automatic),73.04,844.84,0,No
0526-THVLZ,Female,0,No,No,59,Yes,Yes,Fiber optic,No,No,Yes,No,No,Yes,Month-to-month,Yes,Electronic check,82.4,4881.12,0,No
0527-DEMOY,Male,0,Yes,No,49,Yes,Yes,No,No internet service,No internet service,No internet service,No internet service,No internet service,No internet service,Month-to-month,No,Mailed check,22.46,1041.32,0,No
0528-WPJYW,Male,0,No,Yes,11,Yes,No,DSL,Yes,No,No,No,No,No,Month-to-month,Yes,Mailed check,49.36,500.44,1,No
0529-PLQPL,Male,0,Yes,No,2,Yes,No,Fiber optic,No,Yes,Yes,No,No,No,Two year,Yes,Mailed check,60.0,81.56,2,No
0530-HTCPM,Male,0,Yes,No,14,Yes,Yes,Fiber optic,Yes,No,No,No,No,No,Two year,Yes,Bank transfer (automatic),71.32,938.41,1,No
0531-WSHVE,Female,0,Yes,No,45,Yes,No,No,No internet service,No internet service,No internet service,No internet service,No internet service,No internet service,Month-to-month,Yes,Electronic check,18.67,812.1,2,No
0532-THXLA,Male,0,No,No,3,Yes,No,DSL,No,No,Yes,No,Yes,No,Month-to-month,Yes,Electronic check,50.69,140.2,4,No
0533-YUTFV,Female,1,No,No,35,No,No phone service,DSL,No,No,No,No,Yes,No,One year,Yes,Credit card (automatic),30.92,1080.62,0,No
0534-RHGAU,Male,0,Yes,No,70,Yes,Yes,Fiber optic,Yes,No,No,No,No,No,One year,Yes,Credit card (automatic),66.19,4700.42,1,No
0535-PLFTB,Male,0,Yes,No,6,Yes,No,Fiber optic,No,Yes,No,No,No,No,Two year,No,Credit card (automatic),71.56,504.52,0,Yes
0536-NDAWR,Female,0,No,No,63,Yes,No,Fiber optic,No,Yes,Yes,Yes,No,Yes,Month-to-month,No,Bank transfer (automatic),56.98,3534.14,2,Yes
0537-MBIUB,Male,0,Yes,Yes,1,Yes,Yes,No,No internet service,No internet service,No internet service,No internet service,No internet service,No internet service,One year,Yes,Credit card (automatic),27.97,18.0,0,No
0538-YIAKC,Male,0,Yes,Yes,35,Yes,Yes,No,No internet service,No internet service,No internet service,No internet service,No internet service,No internet service,One year,Yes,Electronic check,24.38,826.42,1,Yes
0539-TWZDR,Female,0,Yes,No,50,Yes,Yes,DSL,No,Yes,Yes,No,Yes,No,Month-to-month,No,Electronic check,18.0,950.84,1,No
0540-WFCVK,Male,0,No,No,18,Yes,Yes,Fiber optic,No,No,Yes,No,No,No,Two year,No,Bank transfer (automatic),57.69,1032.01,3,No
0541-OVETJ,Female,0,Yes,No,7,Yes,No,DSL,No,No,No,No,No,No,One year,Yes,Mailed check,46.25,308.16,2,No
0542-LOQJF,Male,0,Yes,Yes,72,Yes,No,No,No internet service,No internet service,No internet service,No internet service,No internet service,No internet service,Month-to-month,No,Electronic check,42.2,3071.2,1,No
0543-RMCXJ,Female,0,No,Yes,1,Yes,Yes,DSL,No,No,Yes,No,Yes,No,Month-to-month,Yes,Bank transfer (automatic),50.74,182.88,1,Yes
0544-NFCPG,Male,0,Yes,No,25,Yes,Yes,No,No internet service,No internet service,No internet service,No internet service,No internet service,No internet service,Month-to-month,Yes,Electronic check,18.0,372.05,1,No
0545-TNIOU,Female,0,No,Yes,14,Yes,Yes,Fiber optic,No,No,Yes,Yes,Yes,No,Two year,No,Bank transfer (automatic),61.95,832.58,2,No
0546-CBBCR,Male,0,No,No,19,Yes,No,Fiber optic,No,Yes,No,No,No,Yes,Month-to-month,No,Credit card (automatic),74.09,1381.83,1,No
0547-NTRJY,Female,0,No,No,24,Yes,No,Fiber optic,No,No,No,No,No,Yes,Two year,Yes,Bank transfer (automatic),55.89,1217.87,2,No
0548-BYVAD,Male,1,Yes,Yes,24,Yes,Yes,Fiber optic,Yes,No,No,No,No,Yes,Two year,Yes,Mailed check,77.59,1829.72,1,No
0549-NANPV,Male,0,No,No,7,Yes,No,DSL,No,Yes,Yes,Yes,No,No,Two year,Yes,Mailed check,45.85,258.61,1,Yes
0550-NTCCI,Male,0,Yes,No,36,Yes,No,Fiber optic,No,Yes,No,Yes,No,Yes,One year,No,Electronic check,84.25,3080.22,2,No
0551-FYMUB,Female,0,Yes,Yes,1,Yes,No,Fiber optic,No,No,No,No,Yes,No,Month-to-month,No,Bank transfer (automatic),60.57,18.0,3,Yes
0552-HUBDY,Female,0,No,No,1,Yes,Yes,No,No internet service,No internet service,No internet service,No internet service,No internet service,No internet service,Month-to-month,Yes,Credit card (automatic),26.52,18.0,1,Yes
0553-ODMLM,Male,0,No,Yes,20,No,No phone service,Fiber optic,Yes,Yes,Yes,No,No,No,One year,Yes,Mailed check,76.32,1591.94,0,No
0554-NTRFK,Male,0,Yes,No,24,Yes,No,Fiber optic,No,No,No,Yes,No,Yes,Two year,Yes,Credit card (automatic),89.93,2168.84,0,No
0555-BWSSE,Male,0,Yes,Yes,10,No,No phone service,No,No internet service,No internet service,No internet service,No internet service,No internet service,No internet service,One year,Yes,Electronic check,30.48,273.61,0,No
0556-SBJYB,Male,0,Yes,No,25,Yes,Yes,No,No internet service,No internet service,No internet service,No internet service,No internet service,No internet service,Month-to-month,Yes,Electronic check,21.31,453.67,0,Yes
0557-KRXOI,Male,0,No,No,23,Yes,No,DSL,Yes,No,No,No,No,Yes,Month-to-month,Yes,Electronic check,30.11,664.38,2,No
0558-WSICU,Male,0,No,Yes,13,Yes,No,Fiber optic,No,Yes,No,No,No,No,One year,No,Mailed check,62.07,813.05,2,No
0559-INSGP,Male,1,No,Yes,33,Yes,Yes,DSL,Yes,Yes,Yes,No,No,No,Month-to-month,Yes,Electronic check,50.71,1671.0,2,No
0560-PADDG,Male,0,No,No,72,Yes,No,Fiber optic,No,Yes,No,No,Yes,Yes,Month-to-month,Yes,Credit card (automatic),70.4,5079.02,0,No
0561-HQEGT,Male,1,No,No,21,Yes,No,No,No internet service,No internet service,No internet service,No internet service,No internet service,No internet service,Month-to-month,Yes,Bank transfer (automatic),31.0,669.27,0,No
0562-TDFGR,Male,0,Yes,No,49,Yes,Yes,No,No internet service,No internet service,No internet service,No internet service,No internet service,No internet service,Two year,Yes,Bank transfer (automatic),18.0,843.77,2,No
0563-ETCGV,Female,0,Yes,Yes,9,Yes,Yes,No,No internet service,No internet service,No internet service,No internet service,No internet service,No internet service,One year,No,Electronic check,18.0,142.17,3,No
0564-NGEVE,Female,0,No,No,45,No,No phone service,Fiber optic,No,Yes,Yes,Yes,No,Yes,Month-to-month,Yes,Electronic check,84.25,3752.79,2,Yes
0565-WBUVF,Male,0,Yes,No,33,Yes,Yes,DSL,No,No,No,Yes,No,No,Month-to-month,Yes,Bank transfer (automatic),47.96,1611.98,2,No
0566-OUJWZ,Male,0,Yes,Yes,32,Yes,Yes,DSL,No,No,No,No,No,No,Two year,Yes,Electronic check,44.62,1366.69,1,No
0567-XGEAM,Male,0,Yes,No,71,Yes,No,Fiber optic,Yes,Yes,No,Yes,No,No,Month-to-month,No,Bank transfer (automatic),50.17,3494.54,0,No
0568-UZRMU,Female,0,No,Yes,8,Yes,Yes,DSL,Yes,No,No,No,Yes,No,One year,Yes,Credit card (automatic),39.45,374.62,0,No
0569-UREMD,Female,0,Yes,No,14,No,No phone service,DSL,No,Yes,No,No,No,No,One year,No,Credit card (automatic),37.53,566.44,0,No
0570-QCQKU,Male,0,Yes,No,2,Yes,Yes,Fiber optic,No,Yes,No,No,Yes,Yes,Month-to-month,Yes,Electronic check,85.66,206.67,1,Yes
0571-TWUZD,Male,0,No,Yes,41,Yes,Yes,DSL,No,No,Yes,No,No,No,Two year,Yes,Credit card (automatic),58.39,2375.38,0,No
0572-BTPRH,Male,0,Yes,No,59,Yes,Yes,DSL,No,Yes,No,No,No,No,One year,Yes,Electronic check,43.91,2598.56,0,No
0573-CITFJ,Female,0,No,No,16,Yes,Yes,No,No internet service,No internet service,No internet service,No internet service,No internet service,No internet service,One year,Yes,Mailed check,21.31,323.55,0,No
0574-UJMQI,Female,0,Yes,No,14,Yes,No,DSL,No,No,Yes,No,No,No,Month-to-month,No,Mailed check,48.31,625.35,4,No
0575-QXIIA,Female,0,No,Yes,34,Yes,Yes,No,No internet service,No internet service,No internet service,No internet service,No internet service,No internet service,Two year,Yes,Mailed check,22.89,684.46,1,No
0576-BPAJR,Female,0,Yes,Yes,2,Yes,Yes,No,No internet service,No internet service,No internet service,No internet service,No internet service,No internet service,One year,No,Bank transfer (automatic),21.58,18.0,0,No
0577-ZHUKW,Male,0,No,No,11,Yes,No,Fiber optic,No,Yes,No,Yes,Yes,No,Two year,No,Credit card (automatic),77.23,758.92,0,No
0578-BHVHQ,Male,0,No,Yes,14,Yes,Yes,No,No internet service,No internet service,No internet service,No internet service,No internet service,No internet service,Month-to-month,No,Bank transfer (automatic),19.27,295.21,5,Yes
0579-OQWXM,Male,0,No,No,23,Yes,No,DSL,No,Yes,No,No,Yes,No,One year,No,Electronic check,29.72,667.54,3,No
0580-SELAW,Male,0,No,No,20,Yes,Yes,No,No internet service,No internet service,No internet service,No internet service,No internet service,No internet service,One year,Yes,Credit card (automatic),18.0,357.25,1,No
0581-EHMHY,Male,0,Yes,No,7,Yes,No,No,No internet service,No internet service,No internet service,No internet service,No internet service,No internet service,One year,Yes,Bank transfer (automatic),21.29,217.07,1,No
0582-WKAMS,Female,0,No,No,24,Yes,No,No,No internet service,No internet service,No internet service,No internet service,No internet service,No internet service,One year,Yes,Electronic check,37.26,843.21,0,No
0583-XCXQE,Male,0,No,No,72,Yes,Yes,DSL,No,Yes,No,No,No,No,Month-to-month,No,Bank transfer (automatic),58.36,4291.8,2,No
0584-TUHZN,Male,1,No,No,1,Yes,Yes,No,No internet service,No internet service,No internet service,No internet service,No internet service,No internet service,One year,No,Electronic check,18.0,19.2,1,No
0585-DKTOS,Female,0,No,No,36,Yes,No,No,No internet service,No internet service,No internet service,No internet service,No internet service,No internet service,Month-to-month,Yes,Bank transfer (automatic),18.0,658.99,1,No
0586-GSSKZ,Male,0,Yes,Yes,31,Yes,Yes,No,No internet service,No internet service,No internet service,No internet service,No internet service,No internet service,Month-to-month,Yes,Credit card (automatic),18.0,560.5,1,No
0587-EEVHJ,Male,0,No,Yes,72,Yes,No,DSL,No,No,No,Yes,Yes,Yes,Month-to-month,Yes,Bank transfer (automatic),49.44,3533.45,5,No
0588-FOPQH,Male,0,Yes,Yes,33,No,No phone service,DSL,No,Yes,No,Yes,Yes,No,Month-to-month,No,Electronic check,46.57,1521.46,1,No
0589-HYIBO,Female,0,No,No,31,Yes,Yes,Fiber optic,Yes,Yes,No,No,No,No,Month-to-month,Yes,Credit card (automatic),67.78,2080.89,2,Yes
0590-RCQDD,Male,0,Yes,Yes,47,Yes,Yes,Fiber optic,No,Yes,Yes,No,Yes,No,Month-to-month,No,Credit card (automatic),72.7,3384.83,2,Yes
0591-NIIYZ,Female,0,Yes,Yes,9,Yes,Yes,DSL,No,No,No,Yes,Yes,No,Month-to-month,Yes,Electronic check,48.12,505.69,2,No
0592-WRJUD,Female,1,No,No,28,Yes,Yes,No,No internet service,No internet service,No internet service,No internet service,No internet service,No internet service,Month-to-month,Yes,Electronic check,18.0,523.99,2,No
0593-LHBVM,Female,0,No,No,23,Yes,No,Fiber optic,No,No,No,No,Yes,No,Month-to-month,Yes,Credit card (automatic),75.72,1794.73,6,Yes
0594-UPBKJ,Female,0,No,No,18,Yes,Yes,Fiber optic,Yes,No,No,No,No,Yes,One year,Yes,Electronic check,83.67,1481.99,0,No
0595-OQHRW,Male,0,No,No,2,Yes,Yes,Fiber optic,No,No,No,No,No,Yes,One year,No,Bank transfer (automatic),85.65,217.31,0,No
0596-IYHNZ,Female,0,No,No,11,Yes,Yes,Fiber optic,No,No,No,No,No,Yes,Two year,No,Credit card (automatic),64.98,800.48,2,No
0597-YRVTT,Male,0,No,No,10,Yes,No,DSL,No,No,Yes,Yes,No,No,Two year,Yes,Electronic check,61.36,655.89,2,No
0598-ULSNQ,Female,0,Yes,No,41,Yes,Yes,DSL,No,No,Yes,No,Yes,Yes,Two year,Yes,Credit card (automatic),59.65,2432.45,0,No
0599-XUCZW,Male,0,No,No,72,Yes,Yes,Fiber optic,No,No,No,No,No,No,Two year,Yes,Mailed check,63.14,4600.39,1,No
0600-GQLIO,Male,0,No,No,8,Yes,Yes,Fiber optic,No,Yes,Yes,No,Yes,Yes,Two year,Yes,Electronic check,81.01,667.84,2,No
0601-RUMUH,Male,0,No,Yes,2,Yes,Yes,Fiber optic,Yes,No,Yes,No,No,No,Month-to-month,No,Electronic check,70.03,268.18,1,No
0602-NHNGW,Male,0,No,Yes,72,No,No phone service,DSL,No,No,Yes,No,Yes,No,Month-to-month,No,Bank transfer (automatic),61.41,4425.35,0,No
0603-LKVVK,Male,0,No,No,37,Yes,No,DSL,No,Yes,No,No,No,Yes,One year,Yes,Bank transfer (automatic),45.14,1727.08,3,No
0604-YVMRB,Male,0,Yes,Yes,69,Yes,Yes,Fiber optic,No,No,No,No,No,No,Two year,No,Bank transfer (automatic),83.53,5721.15,1,No
0605-UOTRO,Male,0,No,Yes,4,Yes,No,Fiber optic,No,No,Yes,No,Yes,Yes,Month-to-month,Yes,Bank transfer (automatic),74.81,313.36,0,Yes
0606-SWXLM,Male,0,Yes,No,51,Yes,Yes,Fiber optic,No,No,No,Yes,No,Yes,Two year,Yes,Bank transfer (automatic),67.03,3444.74,1,Yes
0607-VKEAX,Male,0,No,Yes,53,Yes,No,Fiber optic,Yes,No,No,Yes,No,No,Month-to-month,Yes,Mailed check,62.03,3350.22,1,No
0608-CVSWG,Male,1,Yes,No,5,No,No phone service,Fiber optic,No,No,No,No,Yes,Yes,Month-to-month,Yes,Electronic check,61.58,302.43,1,Yes
0609-LOYEO,Female,0,No,Yes,5,Yes,No,DSL,No,No,No,No,No,No,One year,No,Bank transfer (automatic),42.12,65.32,2,No
0610-HJZPH,Male,1,No,Yes,11,Yes,Yes,DSL,No,Yes,No,No,Yes,Yes,One year,Yes,Credit card (automatic),42.05,460.62,2,No
0611-ALECA,Male,0,No,No,7,Yes,No,Fiber optic,No,No,No,No,Yes,No,Two year,No,Electronic check,74.99,467.18,6,Yes
0612-DHCJB,Male,0,No,No,72,Yes,No,Fiber optic,No,Yes,No,No,No,No,One year,Yes,Credit card (automatic),69.25,5021.19,3,No
0613-KYJUN,Female,0,Yes,No,14,Yes,Yes,DSL,No,Yes,Yes,No,Yes,No,Month-to-month,No,Credit card (automatic),60.29,815.28,1,No
0614-GBIPM,Female,0,No,No,45,Yes,Yes,DSL,No,No,No,No,No,No,Two year,No,Electronic check,48.28,2171.07,4,No
0615-ITDVJ,Male,0,No,No,52,Yes,Yes,DSL,Yes,Yes,No,No,No,No,Two year,No,Mailed check,50.54,2660.23,1,No
0616-ZZVLQ,Male,0,Yes,Yes,15,No,No phone service,No,No internet service,No internet service,No internet service,No internet service,No internet service,No internet service,Two year,No,Mailed check,19.18,232.56,3,No
0617-NNYBU,Female,1,Yes,No,36,Yes,Yes,Fiber optic,Yes,No,Yes,No,Yes,No,One year,Yes,Credit card (automatic),86.25,3140.57,1,No
0618-YTKPS,Male,0,Yes,Yes,3,Yes,Yes,Fiber optic,No,Yes,No,No,No,Yes,Two year,Yes,Electronic check,63.38,182.53,2,Yes
0619-WFXSE,Male,1,No,No,16,No,No phone service,No,No internet service,No internet service,No internet service,No internet service,No internet service,No internet service,Month-to-month,No,Electronic check,18.0,287.78,5,No
0620-ZDODT,Female,0,No,Yes,72,Yes,No,DSL,No,No,No,No,No,Yes,One year,No,Bank transfer (automatic),37.93,2739.97,0,No
0621-JXVCZ,Female,1,No,Yes,5,Yes,Yes,Fiber optic,No,Yes,No,Yes,Yes,No,Month-to-month,Yes,Electronic check,69.83,269.08,1,Yes
0622-EFUVH,Male,0,No,No,15,Yes,Yes,Fiber optic,No,No,No,No,No,No,Month-to-month,Yes,Credit card (automatic),66.83,1060.11,0,No
0623-GUJFN,Male,0,Yes,No,50,Yes,Yes,No,No internet service,No internet service,No internet service,No internet service,No internet service,No internet service,Two year,Yes,Credit card (automatic),18.0,917.27,4,No
0624-DYMTQ,Male,0,No,No,35,Yes,Yes,No,No internet service,No internet service,No internet service,No internet service,No internet service,No internet service,One year,Yes,Electronic check,18.0,621.23,2,No
0625-WGDNC,Female,1,Yes,No,31,Yes,No,Fiber optic,No,No,No,Yes,No,Yes,Two year,Yes,Mailed check,68.62,2081.17,1,No
0626-XEPZW,Male,0,Yes,Yes,61,Yes,Yes,Fiber optic,No,Yes,No,No,No,No,Two year,No,Mailed check,96.01,5892.87,1,No
0627-TDXXB,Male,0,Yes,Yes,1,Yes,No,No,No internet service,No internet service,No internet service,No internet service,No internet service,No internet service,Month-to-month,No,Bank transfer (automatic),18.0,59.6,1,No
0628-RSSQN,Female,0,Yes,No,47,Yes,Yes,No,No internet service,No internet service,No internet service,No internet service,No internet service,No internet service,Two year,Yes,Mailed check,26.07,1177.3,1,No
0629-SVXML,Male,0,Yes,Yes,68,Yes,Yes,No,No internet service,No internet service,No internet service,No internet service,No internet service,No internet service,Month-to-month,No,Electronic check,28.12,1905.85,1,No
0630-ZFUDS,Male,0,Yes,No,1,Yes,No,DSL,No,No,No,No,No,No,Month-to-month,No,Electronic check,51.63,18.0,2,No
0631-PMDWQ,Male,0,Yes,No,26,Yes,No,Fiber optic,Yes,No,No,No,Yes,Yes,Month-to-month,No,Credit card (automatic),74.71,1971.95,2,Yes
0632-WARTQ,Male,0,Yes,Yes,13,Yes,Yes,No,No internet service,No internet service,No internet service,No internet service,No internet service,No internet service,Two year,No,Bank transfer (automatic),20.97,321.19,0,No
0633-OKYVM,Female,0,No,No,1,Yes,No,DSL,No,No,Yes,No,Yes,Yes,Two year,No,Electronic check,48.2,67.08,3,No
0634-AQFDT,Female,0,Yes,No,17,Yes,Yes,Fiber optic,No,Yes,No,No,Yes,No,One year,No,Electronic check,63.73,1000.09,2,No
0635-POOFO,Female,0,Yes,No,33,No,No phone service,DSL,No,No,No,No,No,No,Two year,Yes,Credit card (automatic),31.6,998.43,1,No
0636-NKGIZ,Male,1,Yes,Yes,72,Yes,Yes,Fiber optic,No,No,Yes,No,Yes,Yes,One year,Yes,Mailed check,72.83,5187.91,0,No
0637-PEYTJ,Male,0,No,Yes,31,Yes,No,No,No internet service,No internet service,No internet service,No internet service,No internet service,No internet service,Two year,Yes,Mailed check,37.81,1138.8,0,No
0638-RCMKQ,Male,0,No,No,62,Yes,Yes,Fiber optic,No,No,Yes,No,Yes,No,Month-to-month,Yes,Credit card (automatic),65.76,4148.04,1,Yes
0639-VMFQM,Male,0,No,No,4,Yes,No,Fiber optic,Yes,Yes,Yes,Yes,No,No,Two year,No,Credit card (automatic),66.93,370.24,1,No
0640-SUSJC,Female,1,No,No,7,Yes,No,Fiber optic,No,No,No,No,No,No,Month-to-month,Yes,Mailed check,91.06,624.89,3,Yes
0641-NZSEE,Male,0,Yes,No,72,No,No phone service,Fiber optic,No,No,Yes,No,Yes,Yes,Month-to-month,Yes,Credit card (automatic),73.17,5193.76,2,No
0642-TQUJE,Male,0,Yes,No,69,Yes,No,Fiber optic,No,No,No,Yes,Yes,No,Month-to-month,No,Mailed check,55.28,3715.57,0,No
0643-DFZDG,Male,1,Yes,No,8,Yes,Yes,Fiber optic,Yes,No,No,No,No,No,Month-to-month,Yes,Mailed check,93.37,716.21,0,Yes
0644-GRCAX,Female,0,No,Yes,31,Yes,No,No,No internet service,No internet service,No internet service,No internet service,No internet service,No internet service,Month-to-month,No,Electronic check,20.7,539.52,2,No
0645-YDFIV,Male,0,No,No,14,Yes,No,DSL,No,No,Yes,Yes,No,Yes,Month-to-month,No,Credit card (automatic),41.6,604.39,1,Yes
0646-NLYTX,Male,0,Yes,Yes,20,Yes,No,Fiber optic,Yes,Yes,No,Yes,Yes,No,Two year,No,Credit card (automatic),51.86,1104.27,3,No
0647-YDUXL,Male,0,Yes,No,63,Yes,Yes,DSL,No,No,No,Yes,No,No,Month-to-month,No,Bank transfer (automatic),46.74,3000.59,2,No
0648-JVGCW,Male,0,No,Yes,42,Yes,No,Fiber optic,No,No,No,No,No,Yes,Two year,No,Credit card (automatic),76.42,3262.88,3,No
0649-NXJPP,Male,0,Yes,No,8,Yes,No,No,No internet service,No internet service,No internet service,No internet service,No internet service,No internet service,Two year,Yes,Electronic check,29.88,347.14,2,No
0650-VJYMF,Female,0,No,No,12,Yes,Yes,DSL,Yes,Yes,No,No,No,No,One year,No,Credit card (automatic),45.01,561.6,0,No
0651-LIMDX,Male,0,No,Yes,10,Yes,Yes,Fiber optic,No,No,No,No,No,Yes,Two year,Yes,Credit card (automatic),74.77,734.6,4,No
0652-KTRZK,Male,1,No,No,48,Yes,No,No,No internet service,No internet service,No internet service,No internet service,No internet service,No internet service,Month-to-month,No,Electronic check,21.81,1066.08,1,No
0653-YUDRA,Male,0,Yes,Yes,21,Yes,No,Fiber optic,Yes,Yes,Yes,Yes,Yes,No,Two year,No,Electronic check,69.85,1354.77,1,Yes
0654-GFORX,Male,0,Yes,Yes,72,Yes,No,Fiber optic,No,No,No,Yes,No,No,Month-to-month,Yes,Electronic check,43.04,3040.66,1,No
0655-KTXOP,Male,0,No,Yes,54,Yes,Yes,DSL,No,Yes,No,No,No,No,Month-to-month,Yes,Electronic check,45.96,2454.38,1,Yes
0656-GUJZL,Female,0,No,No,7,Yes,Yes,DSL,Yes,Yes,No,No,Yes,Yes,Month-to-month,Yes,Credit card (automatic),48.0,381.93,2,Yes
0657-XNYEZ,Male,0,Yes,Yes,49,Yes,No,Fiber optic,Yes,Yes,No,Yes,Yes,No,One year,Yes,Mailed check,61.71,2964.76,2,No
0658-URECW,Female,0,No,No,22,Yes,Yes,No,No internet service,No internet service,No internet service,No internet service,No internet service,No internet service,Month-to-month,Yes,Bank transfer (automatic),23.24,487.16,1,Yes
0659-ZEXQS,Female,1,No,Yes,9,Yes,Yes,Fiber optic,No,No,Yes,No,Yes,No,Month-to-month,No,Mailed check,70.21,659.46,1,Yes
0660-SYULY,Male,0,Yes,No,14,Yes,No,No,No internet service,No internet service,No internet service,No internet service,No internet service,No internet service,Month-to-month,Yes,Bank transfer (automatic),18.0,280.41,2,Yes
0661-IARUD,Male,0,No,No,72,Yes,Yes,Fiber optic,No,No,No,No,Yes,No,Month-to-month,No,Electronic check,67.71,4843.9,0,No
0662-JYGVW,Female,0,Yes,No,21,Yes,Yes,No,No internet service,No internet service,No internet service,No internet service,No internet service,No internet service,Two year,Yes,Credit card (automatic),28.85,585.45,0,No
0663-AQXBZ,Male,0,No,Yes,40,Yes,Yes,No,No internet service,No internet service,No internet service,No internet service,No internet service,No internet service,Month-to-month,No,Bank transfer (automatic),18.0,687.23,0,No
0664-KIGVQ,Female,0,Yes,No,20,Yes,No,DSL,No,Yes,No,No,Yes,Yes,Month-to-month,Yes,Mailed check,31.4,748.82,0,Yes
0665-QBFNF,Female,0,No,Yes,14,No,No phone service,Fiber optic,No,No,No,No,No,Yes,Month-to-month,No,Electronic check,61.04,893.85,1,No
0666-BAJUE,Male,0,Yes,No,50,Yes,No,DSL,No,No,Yes,No,Yes,No,Month-to-month,No,Electronic check,39.78,1952.72,0,No
0667-BVPYB,Male,0,Yes,No,60,Yes,No,Fiber optic,No,No,Yes,Yes,No,No,Month-to-month,Yes,Bank transfer (automatic),72.74,4378.73,3,No
0668-JBPPS,Female,0,No,No,2,No,No phone service,Fiber optic,Yes,Yes,No,No,Yes,No,One year,Yes,Mailed check,77.13,138.56,1,No
0669-GVLXO,Male,0,No,No,10,Yes,No,Fiber optic,No,Yes,Yes,No,No,No,Month-to-month,No,Mailed check,76.99,711.89,3,No
0670-HFJCS,Female,0,No,Yes,22,Yes,No,Fiber optic,Yes,No,Yes,No,No,No,One year,No,Credit card (automatic),58.95,1363.92,2,No
0671-QGUTZ,Female,0,No,Yes,12,No,No phone service,DSL,Yes,No,No,Yes,No,No,Month-to-month,Yes,Electronic check,50.37,579.94,1,No
0672-DNTVO,Male,0,No,Yes,48,Yes,No,DSL,No,No,Yes,No,No,Yes,Month-to-month,No,Mailed check,39.78,1880.33,4,No
0673-XHUOV,Female,0,No,No,3,Yes,No,DSL,Yes,No,No,No,No,No,Month-to-month,Yes,Electronic check,45.0,105.54,1,Yes
0674-TNIHZ,Female,0,Yes,Yes,51,Yes,No,DSL,No,Yes,Yes,No,Yes,No,One year,Yes,Electronic check,53.24,2611.77,1,No
0675-ZQBYX,Female,1,Yes,No,30,Yes,Yes,Fiber optic,No,No,No,No,Yes,Yes,One year,Yes,Credit card (automatic),58.26,1740.85,2,No
0676-CHLAJ,Female,0,Yes,No,10,Yes,Yes,Fiber optic,No,No,No,Yes,Yes,No,Month-to-month,Yes,Bank transfer (automatic),59.66,639.41,3,Yes
0677-TCFGT,Female,0,Yes,No,13,No,No phone service,DSL,Yes,No,No,No,Yes,Yes,Month-to-month,No,Bank transfer (automatic),40.82,521.05,5,No
0678-WYRKS,Female,1,Yes,No,6,Yes,No,No,No internet service,No internet service,No internet service,No internet service,No internet service,No internet service,Month-to-month,Yes,Electronic check,22.61,150.86,4,No
0679-ESKXL,Male,0,No,No,9,Yes,No,Fiber optic,Yes,Yes,Yes,No,Yes,Yes,One year,Yes,Credit card (automatic),66.12,619.75,4,No
0680-JHXID,Female,1,No,No,40,No,No phone service,Fiber optic,No,Yes,No,No,Yes,No,Month-to-month,Yes,Electronic check,62.03,2537.65,1,No
0681-EUHWI,Female,0,No,No,15,Yes,No,No,No internet service,No internet service,No internet service,No internet service,No internet service,No internet service,Two year,Yes,Electronic check,32.96,478.94,2,No
0682-OOPNH,Male,0,No,No,37,No,No phone service,No,No internet service,No internet service,No internet service,No internet service,No internet service,No internet service,Month-to-month,Yes,Electronic check,18.0,653.43,0,Yes
0683-RJTFL,Male,1,Yes,No,23,Yes,No,DSL,No,No,Yes,Yes,Yes,No,Month-to-month,No,Electronic check,41.04,926.84,2,No
0684-BGPCM,Male,0,Yes,No,5,No,No phone service,Fiber optic,No,No,Yes,No,No,Yes,Month-to-month,Yes,Bank transfer (automatic),69.51,357.58,4,No
0685-CRKHF,Female,0,No,Yes,22,No,No phone service,No,No internet service,No internet service,No internet service,No internet service,No internet service,No internet service,Two year,No,Electronic check,38.32,795.0,1,No
0686-AAWHE,Male,0,No,No,45,Yes,No,DSL,No,No,No,Yes,Yes,No,Two year,Yes,Bank transfer (automatic),39.41,1818.37,1,No
0687-PKEDF,Female,0,Yes,No,11,Yes,No,DSL,No,No,Yes,No,Yes,No,Two year,Yes,Bank transfer (automatic),53.06,572.96,0,No
0688-NVSIL,Female,0,No,No,33,Yes,No,Fiber optic,No,No,No,No,Yes,No,Two year,Yes,Mailed check,67.19,2288.33,1,Yes
0689-KNWPA,Female,0,Yes,No,7,Yes,No,Fiber optic,No,Yes,No,No,Yes,No,Month-to-month,No,Bank transfer (automatic),48.94,369.51,0,No
0690-MWUUM,Female,0,Yes,No,4,Yes,Yes,DSL,No,No,No,No,No,No,One year,Yes,Mailed check,52.45,187.37,0,No
0691-BDFZW,Male,0,Yes,No,14,Yes,Yes,DSL,No,Yes,Yes,Yes,No,Yes,Month-to-month,Yes,Bank transfer (automatic),49.26,688.95,2,No
0692-EYCAD,Female,0,Yes,Yes,15,Yes,Yes,Fiber optic,No,Yes,No,No,Yes,No,Month-to-month,Yes,Credit card (automatic),76.06,1169.5,1,Yes
0693-YTBZE,Female,0,No,No,45,Yes,Yes,No,No internet service,No internet service,No internet service,No internet service,No internet service,No internet service,Month-to-month,Yes,Mailed check,18.0,897.73,0,No
0694-CITFR,Female,0,Yes,Yes,19,No,No phone service,Fiber optic,Yes,No,No,No,No,No,Month-to-month,Yes,Bank transfer (automatic),64.83,1178.27,3,Yes
0695-FSLYK,Female,0,No,No,2,Yes,No,No,No internet service,No internet service,No internet service,No internet service,No internet service,No internet service,Two year,Yes,Credit card (automatic),27.33,120.76,1,Yes
0696-BOLLI,Female,0,Yes,Yes,32,Yes,Yes,DSL,No,No,Yes,No,No,Yes,One year,No,Electronic check,36.83,1218.25,2,No
0697-UXBVC,Female,0,No,Yes,20,Yes,Yes,DSL,No,Yes,Yes,Yes,No,Yes,Month-to-month,Yes,Electronic check,45.08,932.87,0,No
0698-LZPUX,Male,0,No,Yes,12,Yes,No,Fiber optic,Yes,No,No,No,No,Yes,One year,No,Electronic check,66.41,826.72,2,Yes
0699-ZAUCT,Male,0,No,No,51,No,No phone service,DSL,No,No,No,No,No,No,One year,Yes,Bank transfer (automatic),35.71,1778.51,2,No
0700-BISOR,Female,0,Yes,No,5,Yes,Yes,DSL,Yes,No,No,No,No,No,Month-to-month,Yes,Electronic check,47.72,287.09,2,No
0701-ZKYWP,Female,1,No,No,72,Yes,Yes,DSL,Yes,No,No,No,No,Yes,Month-to-month,Yes,Electronic check,51.81,3784.18,1,Yes
0702-VQELK,Female,0,No,No,13,Yes,No,DSL,No,Yes,Yes,No,Yes,No,Month-to-month,Yes,Mailed check,50.34,735.23,2,No
0703-OCATP,Female,0,Yes,No,19,Yes,No,Fiber optic,No,No,No,No,No,No,Month-to-month,No,Electronic check,71.23,1362.63,2,No
0704-BBCHX,Female,0,Yes,No,72,Yes,No,No,No internet service,No internet service,No internet service,No internet service,No internet service,No internet service,Two year,No,Electronic check,18.0,1311.81,2,No
0705-OGFIT,Male,0,Yes,No,45,Yes,No,DSL,Yes,Yes,Yes,No,No,No,Two year,Yes,Electronic check,43.2,1983.36,3,No
0706-AHWWC,Female,0,Yes,Yes,2,Yes,No,Fiber optic,No,Yes,No,No,No,Yes,Month-to-month,Yes,Mailed check,52.4,110.33,3,Yes
0707-DZYOF,Male,0,Yes,Yes,27,Yes,No,No,No internet service,No internet service,No internet service,No internet service,No internet service,No internet service,Month-to-month,No,Credit card (automatic),18.0,464.87,1,No
0708-OUCYU,Male,0,No,Yes,11,No,No phone service,DSL,Yes,Yes,No,No,No,No,Month-to-month,Yes,Credit card (automatic),37.67,451.4,1,No
0709-UNTND,Male,1,Yes,No,22,Yes,Yes,No,No internet service,No internet service,No internet service,No internet service,No internet service,No internet service,One year,Yes,Electronic check,28.69,627.8,1,No
0710-LQGIC,Male,0,No,Yes,43,Yes,Yes,No,No internet service,No internet service,No internet service,No internet service,No internet service,No internet service,Month-to-month,No,Bank transfer (automatic),18.0,813.94,2,Yes
0711-MORSA,Male,1,No,No,21,Yes,Yes,DSL,No,No,No,No,No,No,Two year,Yes,Credit card (automatic),52.56,1064.74,2,No
0712-FWBXN,Female,0,No,No,2,No,No phone service,No,No internet service,No internet service,No internet service,No internet service,No internet service,No internet service,Two year,No,Mailed check,18.0,18.0,1,No
0713-FNDUH,Female,0,Yes,Yes,24,No,No phone service,No,No internet service,No internet service,No internet service,No internet service,No internet service,No internet service,Month-to-month,Yes,Bank transfer (automatic),18.94,508.14,1,No
0714-CSNTQ,Female,0,No,No,1,Yes,Yes,DSL,No,No,No,Yes,No,Yes,Two year,Yes,Mailed check,64.86,133.48,4,Yes
0715-YHXNZ,Female,0,Yes,No,13,No,No phone service,No,No internet service,No internet service,No internet service,No internet service,No internet service,No internet service,Month-to-month,Yes,Bank transfer (automatic),29.54,443.43,3,No
0716-FWVPY,Male,0,Yes,Yes,20,No,No phone service,Fiber optic,No,No,No,No,No,No,Month-to-month,Yes,Mailed check,68.56,1389.21,0,Yes
0717-SNSCJ,Male,1,Yes,No,33,Yes,No,No,No internet service,No internet service,No internet service,No internet service,No internet service,No internet service,One year,Yes,Electronic check,18.0,621.3,1,No
0718-SITMG,Female,0,No,No,22,Yes,Yes,Fiber optic,No,No,No,No,No,Yes,Month-to-month,Yes,Electronic check,78.73,1772.74,1,Yes
0719-NIWYS,Male,0,No,No,5,Yes,No,Fiber optic,Yes,No,No,No,Yes,No,One year,No,Electronic check,61.17,202.05,1,Yes
0720-OTNXF,Female,0,Yes,Yes,72,Yes,No,Fiber optic,Yes,Yes,No,No,No,No,Month-to-month,No,Credit card (automatic),70.5,5049.99,1,Yes
0721-UDHQI,Male,0,Yes,Yes,33,Yes,Yes,Fiber optic,Yes,No,No,No,No,No,Month-to-month,Yes,Credit card (automatic),77.75,2637.62,5,Yes
0722-AXTYN,Male,0,Yes,No,12,Yes,No,Fiber optic,No,Yes,No,Yes,No,No,Two year,No,Credit card (automatic),78.29,979.23,1,No
0723-KUCIN,Male,0,No,No,72,No,No phone service,No,No internet service,No internet service,No internet service,No internet service,No internet service,No internet service,Two year,Yes,Electronic check,18.0,1211.83,1,No
0724-IDDHB,Male,0,No,No,68,Yes,No,Fiber optic,No,Yes,Yes,No,No,Yes,Two year,Yes,Credit card (automatic),73.38,4988.53,3,No
0725-INVIX,Female,0,Yes,No,4,Yes,Yes,No,No internet service,No internet service,No internet service,No internet service,No internet service,No internet service,Month-to-month,No,Electronic check,18.0,39.2,1,Yes
0726-WPQPL,Male,0,Yes,No,34,Yes,Yes,Fiber optic,No,No,Yes,No,No,No,One year,No,Credit card (automatic),65.62,2250.52,2,No
0727-CKNRU,Female,1,No,Yes,26,Yes,Yes,No,No internet service,No internet service,No internet service,No internet service,No internet service,No internet service,Two year,Yes,Electronic check,20.42,551.38,2,No
0728-UEPTE,Female,1,Yes,No,6,Yes,No,DSL,No,No,No,No,Yes,No,Two year,No,Bank transfer (automatic),68.7,349.18,2,No
0729-CLAUI,Male,0,Yes,Yes,8,Yes,Yes,DSL,No,No,No,No,Yes,No,Month-to-month,No,Bank transfer (automatic),44.5,465.28,1,Yes
0730-IDCQB,Female,0,No,No,26,Yes,No,Fiber optic,No,No,No,No,No,Yes,Month-to-month,No,Electronic check,66.58,1681.66,2,No
0731-XAHMW,Female,1,Yes,No,12,Yes,No,Fiber optic,No,No,Yes,No,Yes,Yes,Month-to-month,Yes,Electronic check,59.62,742.88,3,No
0732-OHLVL,Female,0,No,No,57,Yes,No,No,No internet service,No internet service,No internet service,No internet service,No internet service,No internet service,Two year,No,Bank transfer (automatic),18.9,1106.0,3,No
0733-NOOIS,Female,0,Yes,No,3,Yes,Yes,DSL,No,Yes,Yes,No,Yes,No,Month-to-month,Yes,Bank transfer (automatic),27.12,133.94,2,No
0734-ZTVHU,Male,0,No,No,72,Yes,Yes,Fiber optic,Yes,No,Yes,No,No,No,Two year,Yes,Credit card (automatic),80.41,5801.31,2,No
0735-SFTYS,Male,0,No,Yes,58,Yes,Yes,DSL,No,No,Yes,No,No,Yes,Month-to-month,No,Bank transfer (automatic),44.25,2581.6,1,No
0736-DWGDV,Male,0,No,No,42,Yes,No,No,No internet service,No internet service,No internet service,No internet service,No internet service,No internet service,One year,Yes,Electronic check,18.0,654.59,2,No
0737-LMCVL,Male,0,No,No,9,Yes,Yes,DSL,No,No,No,No,No,No,Month-to-month,Yes,Bank transfer (automatic),50.77,418.64,1,Yes
0738-BXBWI,Female,1,Yes,No,40,Yes,No,Fiber optic,Yes,Yes,No,Yes,No,No,Two year,Yes,Credit card (automatic),64.04,2662.74,0,No
0739-AHWFF,Female,0,Yes,No,18,No,No phone service,Fiber optic,Yes,Yes,No,Yes,No,Yes,Two year,Yes,Bank transfer (automatic),73.95,1274.52,0,No
0740-VYRQL,Male,0,Yes,Yes,32,Yes,No,DSL,No,No,Yes,No,No,Yes,Month-to-month,Yes,Mailed check,30.92,958.89,2,No
0741-FZHSJ,Male,1,Yes,No,11,No,No phone service,Fiber optic,Yes,No,Yes,No,Yes,Yes,Two year,No,Credit card (automatic),55.88,530.38,2,No
0742-AYMQC,Female,0,Yes,No,57,Yes,No,No,No internet service,No internet service,No internet service,No internet service,No internet service,No internet service,Month-to-month,Yes,Mailed check,18.0,1038.8,1,No
0743-HNCPM,Male,0,No,Yes,1,Yes,No,DSL,No,No,Yes,No,No,No,Two year,Yes,Electronic check,51.63,32.04,1,No
0744-TXQMF,Female,0,Yes,No,37,Yes,No,No,No internet service,No internet service,No internet service,No internet service,No internet service,No internet service,Two year,Yes,Electronic check,30.03,1089.89,0,No
0745-QNQHK,Male,0,Yes,Yes,56,Yes,No,DSL,No,Yes,Yes,Yes,Yes,No,Two year,Yes,Mailed check,47.61,2628.81,4,No
0746-TAZGU,Female,0,No,No,33,No,No phone service,DSL,No,No,Yes,Yes,Yes,Yes,Month-to-month,No,Bank transfer (automatic),56.87,1905.28,1,No
0747-UQJKV,Female,0,No,No,6,Yes,No,Fiber optic,No,Yes,Yes,No,No,No,Month-to-month,Yes,Bank transfer (automatic),77.21,511.87,2,No
0748-IIXEQ,Male,0,Yes,Yes,10,Yes,No,Fiber optic,No,No,Yes,Yes,Yes,Yes,Month-to-month,Yes,Mailed check,76.06,760.33,0,Yes
0749-IQXUS,Male,0,Yes,No,23,Yes,No,Fiber optic,No,No,No,No,No,No,Month-to-month,Yes,Mailed check,68.6,1508.59,0,No
0750-GWIGM,Male,0,Yes,No,12,Yes,No,DSL,No,No,Yes,No,Yes,Yes,Month-to-month,Yes,Bank transfer (automatic),56.34,685.64,2,No
0751-KNSKM,Female,0,Yes,Yes,1,No,No phone service,Fiber optic,No,No,No,No,Yes,Yes,Month-to-month,Yes,Credit card (automatic),63.04,148.95,1,No
0752-NMAHL,Male,0,No,No,1,Yes,No,DSL,No,No,Yes,Yes,Yes,No,Two year,No,Electronic check,50.44,18.54,4,No
0753-SLHHU,Male,0,Yes,No,46,No,No phone service,No,No internet service,No internet service,No internet service,No internet service,No internet service,No internet service,Month-to-month,Yes,Mailed check,29.49,1435.28,2,No
0754-MLPAM,Male,0,No,Yes,2,Yes,No,Fiber optic,No,Yes,No,Yes,Yes,No,One year,Yes,Credit card (automatic),64.17,135.71,1,No
0755-ZGZEH,Male,0,No,No,72,Yes,No,Fiber optic,No,No,Yes,No,No,No,Two year,No,Electronic check,74.26,5332.96,2,No
0756-YNWMO,Male,0,No,No,18,Yes,Yes,No,No internet service,No internet service,No internet service,No internet service,No internet service,No internet service,Two year,No,Electronic check,21.51,352.45,3,Yes
0757-WQOTR,Female,0,Yes,No,45,Yes,No,Fiber optic,Yes,No,No,No,Yes,No,Two year,Yes,Credit card (automatic),60.21,2742.08,2,No
0758-RBDAD,Male,0,No,Yes,4,Yes,No,Fiber optic,No,Yes,Yes,No,No,No,Month-to-month,No,Credit card (automatic),78.94,285.13,1,No
0759-RESOH,Male,1,No,No,72,Yes,No,No,No internet service,No internet service,No internet service,No internet service,No internet service,No internet service,Month-to-month,No,Bank transfer (automatic),18.0,1282.48,1,No
0760-TQALZ,Male,0,No,No,1,Yes,No,DSL,No,No,No,No,No,No,Month-to-month,Yes,Bank transfer (automatic),51.87,24.43,0,Yes
0761-SOIGB,Male,0,No,No,1,Yes,No,Fiber optic,No,Yes,No,Yes,No,Yes,One year,No,Mailed check,58.65,39.23,2,No
0762-IJBSK,Female,0,No,Yes,1,Yes,Yes,DSL,Yes,Yes,No,Yes,No,Yes,Month-to-month,No,Bank transfer (automatic),38.33,18.0,0,No
0763-MJNRS,Female,0,No,No,3,No,No phone service,DSL,No,No,Yes,Yes,No,Yes,Month-to-month,No,Credit card (automatic),39.84,143.97,0,No
0764-VIYGC,Male,1,No,Yes,21,Yes,Yes,DSL,No,No,No,No,No,No,One year,No,Mailed check,38.83,816.51,4,No
0765-TFUBF,Male,0,No,No,49,Yes,No,No,No internet service,No internet service,No internet service,No internet service,No internet service,No internet service,Month-to-month,No,Electronic check,18.0,826.09,0,Yes
0766-CPHBQ,Male,1,No,Yes,10,Yes,No,Fiber optic,No,No,Yes,Yes,No,No,Month-to-month,Yes,Credit card (automatic),59.44,553.48,2,Yes
0767-ILCKA,Female,0,No,Yes,43,Yes,Yes,DSL,No,Yes,Yes,No,No,No,Month-to-month,Yes,Mailed check,45.55,1889.22,0,No
0768-WMOZE,Female,0,No,No,47,Yes,No,DSL,No,Yes,Yes,Yes,No,No,One year,Yes,Electronic check,41.93,2027.44,2,No
0769-UQYWX,Male,0,No,Yes,72,Yes,Yes,Fiber optic,Yes,No,No,No,No,No,One year,Yes,Credit card (automatic),72.39,5221.87,2,No
0770-YFUVK,Female,0,Yes,No,5,No,No phone service,Fiber optic,No,No,No,Yes,Yes,No,Month-to-month,Yes,Electronic check,73.43,363.3,2,Yes
0771-RDCMW,Female,1,No,No,4,Yes,Yes,Fiber optic,No,No,Yes,No,No,Yes,Two year,Yes,Mailed check,55.81,203.59,1,No
0772-IUFZL,Female,0,No,No,4,Yes,No,Fiber optic,Yes,Yes,Yes,No,Yes,Yes,One year,Yes,Bank transfer (automatic),72.78,276.34,1,No
0773-BCCLO,Female,0,No,Yes,14,Yes,No,Fiber optic,No,No,Yes,Yes,No,No,Two year,Yes,Credit card (automatic),75.32,1066.87,0,Yes
0774-IWHKP,Female,0,No,No,21,Yes,No,No,No internet service,No internet service,No internet service,No internet service,No internet service,No internet service,One year,Yes,Electronic check,18.0,415.65,1,Yes
0775-ZYVDA,Female,0,Yes,No,19,No,No phone service,Fiber optic,Yes,Yes,No,No,No,No,Month-to-month,No,Bank transfer (automatic),78.1,1552.25,1,No
0776-XGBXE,Male,0,Yes,No,9,Yes,Yes,No,No internet service,No internet service,No internet service,No internet service,No internet service,No internet service,Month-to-month,Yes,Credit card (automatic),18.0,211.76,2,No
0777-GDEXA,Female,0,No,No,31,Yes,No,DSL,No,No,No,No,Yes,No,Month-to-month,Yes,Bank transfer (automatic),53.62,1689.09,1,Yes
0778-AOTSJ,Male,0,No,No,13,No,No phone service,DSL,No,No,Yes,No,Yes,Yes,Two year,Yes,Electronic check,18.0,109.0,3,No
0779-RCKOK,Female,0,Yes,No,14,Yes,No,DSL,No,Yes,Yes,No,No,No,Two year,No,Bank transfer (automatic),57.22,818.05,1,No
0780-QQFEH,Male,0,No,Yes,3,Yes,No,DSL,No,Yes,No,No,Yes,Yes,Month-to-month,No,Credit card (automatic),58.71,253.52,0,Yes
0781-BPTXL,Female,0,No,No,28,Yes,Yes,No,No internet service,No internet service,No internet service,No internet service,No internet service,No internet service,Two year,No,Credit card (automatic),19.53,576.03,1,No
0782-FADQM,Male,0,No,No,34,No,No phone service,Fiber optic,Yes,No,No,No,No,Yes,Two year,No,Bank transfer (automatic),81.89,2790.27,0,No
0783-REXXC,Male,1,No,Yes,45,Yes,No,Fiber optic,No,No,No,No,No,Yes,One year,No,Electronic check,67.18,2939.61,3,No
0784-KMDZN,Female,1,Yes,Yes,72,Yes,Yes,Fiber optic,Yes,No,No,No,No,No,One year,Yes,Electronic check,66.98,4782.7,1,No
0785-VKJSR,Male,0,No,Yes,46,Yes,No,Fiber optic,No,No,No,No,No,No,Two year,No,Mailed check,85.24,3829.07,1,No
0786-FOUJE,Male,0,No,Yes,8,No,No phone service,DSL,No,Yes,No,No,No,No,Month-to-month,Yes,Electronic check,40.53,294.67,1,Yes
0787-ZEJEC,Female,1,No,Yes,8,Yes,No,Fiber optic,No,No,No,No,No,Yes,Two year,No,Electronic check,82.34,624.47,1,Yes
0788-WFDRI,Male,0,No,Yes,72,Yes,Yes,Fiber optic,Yes,Yes,No,No,Yes,No,Two year,Yes,Electronic check,60.81,4379.77,1,No
0789-QMOTQ,Female,0,Yes,Yes,49,Yes,Yes,No,No internet service,No internet service,No internet service,No internet service,No internet service,No internet service,Month-to-month,Yes,Electronic check,22.39,1095.48,1,No
0790-MPVDE,Male,1,No,No,48,No,No phone service,Fiber optic,No,No,No,No,No,No,Month-to-month,No,Mailed check,51.83,2489.5,3,No
0791-EIQMB,Male,0,No,No,40,No,No phone service,No,No internet service,No internet service,No internet service,No internet service,No internet service,No internet service,One year,Yes,Electronic check,21.09,854.18,2,No
0792-MVUWS,Female,0,No,No,9,Yes,No,Fiber optic,Yes,Yes,Yes,Yes,No,Yes,Month-to-month,No,Credit card (automatic),84.86,826.8,0,Yes
0793-CJBMS,Male,0,No,No,60,Yes,No,DSL,No,No,No,No,Yes,No,Month-to-month,Yes,Mailed check,44.22,2789.27,0,No
0794-ZQUNL,Male,0,No,No,4,Yes,Yes,Fiber optic,No,No,No,No,No,No,One year,Yes,Bank transfer (automatic),78.92,346.64,1,No
0795-ULKGD,Female,0,No,No,13,Yes,No,No,No internet service,No internet service,No internet service,No internet service,No internet service,No internet service,One year,No,Credit card (automatic),18.0,292.26,1,No
0796-SAXCM,Female,0,No,No,13,Yes,Yes,Fiber optic,No,Yes,Yes,No,No,No,Month-to-month,No,Credit card (automatic),73.29,960.29,2,No
0797-OBKDS,Female,0,No,Yes,26,Yes,No,DSL,No,No,No,No,No,Yes,Month-to-month,Yes,Credit card (automatic),47.84,1241.8,1,No
0798-QCRHV,Male,1,Yes,No,19,No,No phone service,DSL,No,Yes,Yes,Yes,No,Yes,Two year,No,Credit card (automatic),40.07,762.9,2,No
0799-YXZSE,Male,0,Yes,No,19,Yes,No,DSL,No,No,No,Yes,Yes,No,Two year,Yes,Credit card (automatic),46.51,899.92,2,No
0800-GUHEQ,Female,0,No,No,25,Yes,No,Fiber optic,Yes,No,No,Yes,No,Yes,Two year,Yes,Credit card (automatic),78.6,1969.17,1,No
0801-EDVSU,Male,0,No,Yes,17,Yes,No,No,No internet service,No internet service,No internet service,No internet service,No internet service,No internet service,One year,No,Credit card (automatic),18.14,351.29,2,Yes
0802-BKVMO,Male,0,Yes,No,9,Yes,No,Fiber optic,Yes,No,No,Yes,No,No,Month-to-month,Yes,Mailed check,61.25,572.13,3,Yes
0803-LVUVK,Male,0,No,Yes,34,Yes,No,Fiber optic,Yes,No,No,No,No,Yes,Month-to-month,No,Electronic check,60.9,2103.13,2,No
0804-GEQXT,Male,0,No,No,50,Yes,Yes,Fiber optic,No,Yes,Yes,No,No,No,Month-to-month,Yes,Credit card (automatic),72.47,3568.76,1,Yes
0805-INZLF,Male,0,No,No,20,Yes,No,Fiber optic,Yes,No,Yes,No,No,Yes,Month-to-month,No,Credit card (automatic),70.42,1376.35,2,No
0806-QSSZP,Female,0,Yes,No,33,Yes,No,DSL,No,Yes,No,No,No,No,Month-to-month,Yes,Bank transfer (automatic),57.88,1923.69,1,Yes
0807-LLTFW,Female,0,Yes,Yes,24,Yes,No,No,No internet service,No internet service,No internet service,No internet service,No internet service,No internet service,Month-to-month,Yes,Bank transfer (automatic),26.9,573.49,3,Yes
0808-ZDFKA,Male,0,No,No,1,Yes,No,DSL,No,Yes,No,No,No,No,Month-to-month,Yes,Credit card (automatic),48.7,18.0,2,Yes
0809-XWOKY,Male,0,Yes,Yes,17,Yes,Yes,DSL,No,Yes,No,No,No,No,Month-to-month,Yes,Mailed check,33.0,580.03,3,No
0810-SRQSU,Male,0,No,Yes,1,No,No phone service,DSL,No,Yes,Yes,Yes,Yes,No,One year,Yes,Mailed check,44.49,124.41,3,No
0811-NRSOO,Female,1,No,No,34,Yes,Yes,DSL,No,No,Yes,Yes,Yes,No,One year,Yes,Credit card (automatic),32.84,1092.74,1,No
0812-DGMCP,Female,1,No,No,22,Yes,No,Fiber optic,No,No,No,No,No,No,Month-to-month,No,Mailed check,85.41,1828.77,1,No
0813-IHTMQ,Female,0,No,No,4,Yes,No,DSL,Yes,No,Yes,No,Yes,No,Month-to-month,No,Credit card (automatic),40.49,156.87,3,No
0814-QQAHS,Female,1,Yes,No,25,Yes,No,Fiber optic,No,Yes,No,No,Yes,No,Two year,Yes,Credit card (automatic),63.49,1572.35,2,No
0815-FCEMO,Female,0,Yes,Yes,72,Yes,No,Fiber optic,No,Yes,No,No,No,No,Two year,Yes,Electronic check,67.99,4791.64,1,No
0816-NWPRV,Male,1,No,No,13,Yes,Yes,Fiber optic,Yes,No,No,No,Yes,Yes,One year,No,Credit card (automatic),74.11,922.86,2,No
0817-VKCVJ,Male,0,No,No,72,Yes,No,DSL,No,Yes,No,No,No,No,Two year,No,Credit card (automatic),21.37,1488.75,3,No
0818-JUPLB,Male,0,Yes,No,72,Yes,Yes,No,No internet service,No internet service,No internet service,No internet service,No internet service,No internet service,Two year,Yes,Bank transfer (automatic),18.0,1366.07,1,No
0819-IXCXY,Male,0,Yes,No,49,Yes,No,Fiber optic,No,No,No,No,No,No,Month-to-month,No,Mailed check,88.32,4325.25,2,No
0820-OCSRH,Female,0,Yes,No,53,No,No phone service,DSL,No,Yes,No,No,No,Yes,Month-to-month,Yes,Electronic check,48.99,2514.92,1,No
0821-ZQHGG,Male,0,No,No,16,Yes,No,No,No internet service,No internet service,No internet service,No internet service,No internet service,No internet service,Month-to-month,Yes,Mailed check,23.09,336.74,0,Yes
0822-CADYE,Male,0,Yes,No,16,Yes,No,DSL,No,Yes,No,No,Yes,No,One year,Yes,Electronic check,50.09,774.59,3,No
0823-AOEMH,Male,0,Yes,No,72,Yes,No,Fiber optic,Yes,Yes,No,No,No,No,One year,Yes,Credit card (automatic),57.15,4078.87,0,No
0824-HEIAD,Male,0,No,No,14,Yes,No,Fiber optic,Yes,Yes,No,No,No,Yes,Month-to-month,Yes,Bank transfer (automatic),95.77,1324.11,2,Yes
0825-CBHWI,Female,0,Yes,No,3,Yes,No,DSL,Yes,No,No,No,No,No,Month-to-month,Yes,Electronic check,52.89,228.77,1,Yes
0826-BNNDF,Female,0,No,Yes,5,Yes,No,No,No internet service,No internet service,No internet service,No internet service,No internet service,No internet service,Two year,No,Electronic check,18.0,89.51,3,No
0827-KCHCN,Male,1,Yes,Yes,39,Yes,No,DSL,Yes,Yes,No,No,No,Yes,One year,Yes,Electronic check,52.74,2051.45,0,No
0828-MMBMS,Male,0,No,No,15,Yes,No,Fiber optic,No,No,No,Yes,Yes,No,One year,Yes,Mailed check,80.63,1239.71,4,No
0829-FPBHQ,Male,0,Yes,Yes,7,Yes,No,DSL,Yes,No,Yes,No,No,No,Month-to-month,Yes,Mailed check,35.16,240.27,0,Yes
0830-WBJPF,Male,1,Yes,No,53,Yes,No,Fiber optic,No,No,Yes,Yes,Yes,Yes,Month-to-month,No,Electronic check,95.17,5011.53,0,Yes
0831-BBZMX,Female,0,No,No,21,Yes,No,No,No internet service,No internet service,No internet service,No internet service,No internet service,No internet service,Month-to-month,Yes,Electronic check,21.49,438.4,4,No
0832-OBGCH,Female,0,Yes,No,26,Yes,Yes,Fiber optic,No,Yes,No,No,No,No,Month-to-month,No,Mailed check,64.12,1642.02,2,No
0833-WNXWV,Male,0,No,No,5,Yes,No,DSL,No,No,Yes,No,Yes,Yes,One year,Yes,Bank transfer (automatic),57.78,348.17,4,No
0834-GUGAQ,Male,1,Yes,Yes,6,Yes,No,Fiber optic,No,Yes,No,No,Yes,Yes,One year,Yes,Bank transfer (automatic),61.87,390.16,3,No
0835-IUMUS,Female,0,Yes,No,4,Yes,Yes,Fiber optic,No,Yes,Yes,No,Yes,No,Month-to-month,No,Bank transfer (automatic),52.75,327.01,1,Yes
0836-USYYV,Female,0,No,Yes,23,Yes,No,Fiber optic,No,No,No,Yes,No,No,Month-to-month,Yes,Mailed check,56.56,1288.8,1,Yes
0837-QWWJJ,Male,0,No,No,47,Yes,No,No,No internet service,No internet service,No internet service,No internet service,No internet service,No internet service,Two year,No,Credit card (automatic),18.0,859.73,0,No
0838-DHVTT,Male,1,Yes,No,42,Yes,Yes,No,No internet service,No internet service,No internet service,No internet service,No internet service,No internet service,Month-to-month,Yes,Bank transfer (automatic),18.0,798.72,1,No
0839-RNRNT,Male,0,No,No,9,Yes,Yes,DSL,No,No,Yes,No,No,No,One year,Yes,Mailed check,51.14,425.5,2,No
0840-UXOVD,Female,0,No,Yes,61,No,No phone service,No,No internet service,No internet service,No internet service,No internet service,No internet service,No internet service,Month-to-month,Yes,Mailed check,22.88,1398.12,2,No
0841-MWHRL,Female,0,Yes,No,3,Yes,No,No,No internet service,No internet service,No internet service,No internet service,No internet service,No internet service,Month-to-month,No,Mailed check,18.0,81.42,0,No
0842-WNBRX,Female,0,No,Yes,3,Yes,Yes,DSL,Yes,No,No,No,Yes,No,Month-to-month,No,Mailed check,36.87,209.7,1,No
0843-BKILQ,Female,0,Yes,No,60,Yes,Yes,DSL,No,No,No,No,No,Yes,Two year,Yes,Credit card (automatic),43.02,2586.13,1,No
0844-OYQZZ,Female,1,Yes,No,8,Yes,Yes,DSL,No,No,Yes,No,Yes,Yes,One year,Yes,Mailed check,42.04,400.28,0,No
0845-RVFQW,Male,0,Yes,Yes,39,Yes,Yes,DSL,No,No,No,No,No,No,Month-to-month,Yes,Bank transfer (automatic),45.12,1718.11,3,No
0846-XRHIF,Male,1,No,No,1,No,No phone service,No,No internet service,No internet service,No internet service,No internet service,No internet service,No internet service,Month-to-month,Yes,Electronic check,18.0,18.0,2,No
0847-ELYKY,Male,0,Yes,No,3,Yes,No,Fiber optic,No,No,Yes,No,No,Yes,Month-to-month,Yes,Electronic check,90.82,248.25,2,Yes
0848-AKSIB,Male,0,No,No,30,Yes,Yes,Fiber optic,Yes,No,No,No,No,Yes,One year,Yes,Credit card (automatic),57.03,1805.43,1,No
0849-LDDRO,Female,0,Yes,No,6,No,No phone service,DSL,No,No,No,No,No,No,Month-to-month,Yes,Electronic check,34.85,260.09,0,Yes
0850-SMSQF,Male,0,Yes,No,1,Yes,Yes,DSL,No,Yes,Yes,No,Yes,No,Two year,Yes,Mailed check,45.43,69.53,1,No
0851-PXLSE,Female,0,No,No,20,Yes,No,Fiber optic,No,No,No,No,No,No,Month-to-month,Yes,Mailed check,82.9,1711.67,1,No
0852-QZWZA,Female,1,No,No,12,Yes,Yes,Fiber optic,No,No,No,Yes,No,No,Month-to-month,Yes,Electronic check,79.91,885.54,1,No
0853-YXWJO,Male,1,Yes,No,51,Yes,No,Fiber optic,No,Yes,No,No,Yes,No,Month-to-month,Yes,Mailed check,58.42,2965.52,3,No
0854-WUUKM,Male,0,Yes,No,54,Yes,Yes,DSL,Yes,No,Yes,No,No,Yes,Month-to-month,Yes,Credit card (automatic),28.54,1556.77,1,No
0855-EAXLK,Male,0,No,No,30,Yes,No,No,No internet service,No internet service,No internet service,No internet service,No internet service,No internet service,Month-to-month,Yes,Bank transfer (automatic),29.02,821.85,0,No
0856-QDOYI,Male,0,Yes,No,11,Yes,No,No,No internet service,No internet service,No internet service,No internet service,No internet service,No internet service,Month-to-month,No,Mailed check,18.0,101.88,0,Yes
0857-UTSSL,Male,1,No,No,19,Yes,Yes,Fiber optic,No,Yes,Yes,No,Yes,No,Month-to-month,No,Mailed check,72.89,1325.44,2,Yes
0858-EJQEV,Male,0,No,No,38,Yes,No,Fiber optic,Yes,No,No,No,No,No,Two year,No,Bank transfer (automatic),72.3,2766.07,1,No
0859-PGICO,Female,1,No,No,2,Yes,No,DSL,No,No,No,No,Yes,No,Month-to-month,Yes,Bank transfer (automatic),34.2,103.18,2,No
0860-PRNCL,Female,0,No,No,12,Yes,No,DSL,No,No,No,Yes,Yes,No,Two year,No,Bank transfer (automatic),44.33,531.06,2,No
0861-IGIMR,Female,0,No,Yes,55,Yes,Yes,Fiber optic,No,Yes,No,No,No,No,One year,Yes,Electronic check,78.55,4262.94,0,No
0862-EMDBP,Male,0,Yes,No,16,Yes,No,Fiber optic,No,No,No,Yes,Yes,Yes,Month-to-month,Yes,Electronic check,71.15,1104.98,2,Yes
0863-IIFKV,Female,0,Yes,No,31,Yes,Yes,DSL,No,No,No,Yes,No,Yes,One year,Yes,Mailed check,33.65,1046.06,4,No
0864-XVADM,Male,0,Yes,No,3,Yes,No,DSL,No,No,No,No,No,Yes,Month-to-month,Yes,Credit card (automatic),46.04,131.72,0,No
0865-WMMBI,Male,1,Yes,No,48,Yes,Yes,Fiber optic,No,Yes,No,No,Yes,Yes,One year,No,Electronic check,76.55,3842.31,6,Yes
0866-XHGDR,Female,0,No,No,3,Yes,No,DSL,No,No,No,Yes,Yes,No,One year,Yes,Credit card (automatic),46.1,159.63,2,No
0867-CFLLU,Female,0,Yes,No,63,Yes,Yes,No,No internet service,No internet service,No internet service,No internet service,No internet service,No internet service,One year,No,Credit card (automatic),21.05,1308.88,4,No
0868-HVVAD,Male,0,No,No,3,Yes,No,Fiber optic,No,Yes,Yes,No,No,No,One year,Yes,Electronic check,71.83,233.34,3,No
0869-UKCMY,Male,0,No,No,70,Yes,No,Fiber optic,Yes,Yes,No,No,Yes,Yes,Month-to-month,No,Mailed check,55.63,3996.9,2,Yes
0870-QVVJU,Female,0,No,Yes,14,Yes,No,DSL,No,No,Yes,No,No,No,Two year,No,Electronic check,38.17,505.89,2,No
0871-LOUJN,Female,0,No,No,31,Yes,No,No,No internet service,No internet service,No internet service,No internet service,No internet service,No internet service,Month-to-month,Yes,Electronic check,18.49,596.36,1,Yes
0872-MEFXB,Female,0,No,No,59,Yes,No,Fiber optic,No,No,No,No,No,No,Two year,No,Mailed check,66.82,3978.75,2,No
0873-VQDNJ,Female,0,Yes,No,1,Yes,No,No,No internet service,No internet service,No internet service,No internet service,No internet service,No internet service,Month-to-month,Yes,Electronic check,18.0,18.0,2,Yes
0874-CYCOF,Female,0,No,No,9,Yes,Yes,DSL,No,No,No,No,Yes,Yes,Month-to-month,No,Credit card (automatic),38.86,351.03,1,No
0875-QLVTX,Female,0,Yes,Yes,72,Yes,No,DSL,Yes,Yes,No,No,Yes,Yes,Two year,Yes,Electronic check,48.44,3386.29,0,No
0876-KYDZZ,Male,0,No,No,15,Yes,Yes,Fiber optic,No,Yes,Yes,No,No,Yes,Two year,Yes,Bank transfer (automatic),73.17,1143.63,3,No
0877-FATWP,Female,0,Yes,Yes,39,Yes,No,Fiber optic,No,Yes,No,No,Yes,No,Two year,No,Electronic check,84.76,3303.93,3,No
0878-OQHZL,Male,0,Yes,No,4,Yes,No,DSL,No,No,Yes,No,No,No,Month-to-month,No,Mailed check,43.62,179.1,0,No
0879-VUJOI,Male,0,No,No,36,Yes,No,DSL,No,Yes,No,No,No,Yes,One year,Yes,Credit card (automatic),59.17,2091.23,1,No
0880-BEFGU,Female,1,No,Yes,2,Yes,No,DSL,Yes,Yes,No,Yes,No,Yes,Month-to-month,Yes,Electronic check,18.82,122.31,2,No
0881-YAWZG,Female,0,No,No,40,Yes,Yes,Fiber optic,No,No,No,No,Yes,No,One year,Yes,Mailed check,76.51,2979.2,1,Yes
0882-TYLPP,Female,0,Yes,No,12,Yes,No,DSL,No,No,No,Yes,No,Yes,Two year,No,Bank transfer (automatic),32.96,325.59,3,No
0883-KUDMG,Male,0,Yes,No,20,Yes,No,Fiber optic,Yes,No,No,Yes,No,Yes,Month-to-month,No,Electronic check,85.9,1725.76,1,No
0884-DOSIK,Male,0,Yes,No,5,Yes,No,Fiber optic,No,No,No,No,No,Yes,Month-to-month,No,Electronic check,50.2,258.49,1,Yes
0885-HAWYX,Female,0,No,No,31,Yes,No,Fiber optic,Yes,No,Yes,No,No,Yes,Month-to-month,Yes,Credit card (automatic),66.44,1997.28,4,No
0886-HMVDH,Female,1,No,No,13,Yes,No,DSL,No,Yes,No,No,Yes,Yes,Month-to-month,No,Mailed check,41.03,575.38,1,No
0887-CIBBM,Male,0,Yes,No,15,Yes,No,DSL,No,No,No,No,Yes,No,Two year,No,Credit card (automatic),27.75,384.13,1,No
0888-OWLZD,Male,0,No,No,33,Yes,Yes,Fiber optic,No,Yes,No,No,Yes,Yes,Month-to-month,No,Electronic check,61.04,2023.33,0,No
0889-ZHIWE,Female,0,Yes,No,6,Yes,Yes,DSL,No,No,No,Yes,Yes,Yes,Two year,Yes,Mailed check,43.49,270.78,2,No
0890-XTRKO,Female,0,No,Yes,61,Yes,No,Fiber optic,Yes,No,No,No,No,Yes,One year,Yes,Credit card (automatic),62.64,3846.48,0,No
0891-VIQZL,Female,0,Yes,No,43,Yes,No,Fiber optic,No,No,No,Yes,No,No,Month-to-month,No,Electronic check,65.36,2829.81,2,Yes
0892-GJYZY,Male,0,No,No,27,Yes,No,No,No internet service,No internet service,No internet service,No internet service,No internet service,No internet service,One year,No,Bank transfer (automatic),21.01,542.56,2,No
0893-JMSKM,Male,0,No,No,4,Yes,No,Fiber optic,No,No,No,No,No,No,Month-to-month,Yes,Electronic check,49.81,191.37,1,No
0894-UHHDO,Female,0,Yes,Yes,37,Yes,Yes,DSL,No,Yes,No,No,Yes,No,Month-to-month,Yes,Electronic check,57.27,2115.79,0,Yes
0895-KKAQO,Female,0,Yes,Yes,1,No,No phone service,Fiber optic,No,No,Yes,No,No,No,Month-to-month,No,Mailed check,72.49,106.44,0,No
0896-TFXVY,Female,0,Yes,No,52,Yes,No,No,No internet service,No internet service,No internet service,No internet service,No internet service,No internet service,Month-to-month,No,Electronic check,18.0,875.12,2,Yes
0897-OINRZ,Male,0,Yes,Yes,11,Yes,No,No,No internet service,No internet service,No internet service,No internet service,No internet service,No internet service,One year,Yes,Mailed check,19.41,232.79,2,No
0898-QRETT,Male,1,Yes,No,3,Yes,No,No,No internet service,No internet service,No internet service,No internet service,No internet service,No internet service,Month-to-month,Yes,Bank transfer (automatic),26.01,84.46,2,Yes
0899-IKXVA,Male,0,Yes,No,5,Yes,Yes,No,No internet service,No internet service,No internet service,No internet service,No internet service,No internet service,One year,Yes,Electronic check,19.48,161.47,1,No
0900-RFBOZ,Female,1,Yes,No,72,Yes,Yes,DSL,No,Yes,No,Yes,Yes,Yes,Month-to-month,Yes,Bank transfer (automatic),49.3,3521.46,0,Yes
0901-UNEFF,Female,0,Yes,Yes,47,Yes,Yes,DSL,No,No,Yes,No,Yes,No,Two year,Yes,Bank transfer (automatic),52.48,2550.07,1,No
0902-VRNJN,Female,0,Yes,No,8,Yes,No,Fiber optic,No,Yes,No,Yes,Yes,No,Month-to-month,No,Electronic check,54.36,429.29,0,Yes
0903-MCFHL,Male,0,Yes,No,72,Yes,No,Fiber optic,Yes,Yes,Yes,No,No,No,Month-to-month,Yes,Electronic check,63.06,4375.26,1,No
0904-MKLAQ,Male,0,Yes,Yes,4,Yes,No,DSL,No,Yes,No,Yes,Yes,No,Month-to-month,Yes,Electronic check,64.99,272.21,2,No
0905-PKMRK,Male,0,No,No,42,No,No phone service,DSL,Yes,No,No,No,No,No,One year,No,Bank transfer (automatic),39.78,1650.68,2,No
0906-LFIPD,Female,0,No,No,34,Yes,Yes,No,No internet service,No internet service,No internet service,No internet service,No internet service,No internet service,Two year,Yes,Electronic check,26.26,887.82,1,No
0907-CPXZY,Female,0,No,No,55,Yes,Yes,No,No internet service,No internet service,No internet service,No internet service,No internet service,No internet service,Month-to-month,Yes,Electronic check,32.84,1825.97,3,No
0908-LKEYR,Male,0,Yes,Yes,15,Yes,No,DSL,No,No,No,No,No,No,One year,Yes,Credit card (automatic),46.84,754.33,2,No
0909-SWWFV,Female,0,Yes,Yes,16,Yes,No,DSL,Yes,Yes,No,Yes,No,Yes,One year,Yes,Credit card (automatic),39.12,765.04,2,No
0910-RZFDL,Female,0,Yes,No,31,Yes,No,No,No internet service,No internet service,No internet service,No internet service,No internet service,No internet service,Month-to-month,Yes,Mailed check,26.54,766.21,2,No
0911-SBQKK,Male,0,No,No,16,Yes,No,Fiber optic,No,Yes,No,Yes,No,No,Month-to-month,No,Bank transfer (automatic),74.75,1255.97,0,Yes
0912-UPBBW,Male,0,No,No,1,Yes,Yes,No,No internet service,No internet service,No internet service,No internet service,No internet service,No internet service,Month-to-month,No,Electronic check,18.0,36.18,5,Yes
0913-HMJHD,Male,0,Yes,Yes,41,Yes,Yes,Fiber optic,No,Yes,No,No,Yes,No,Two year,Yes,Credit card (automatic),69.41,2775.13,2,No
0914-OAKGQ,Male,0,No,No,32,Yes,No,Fiber optic,No,Yes,Yes,No,No,Yes,Month-to-month,No,Mailed check,66.24,2161.8,1,No
0915-TXRVV,Male,0,No,No,17,Yes,No,Fiber optic,Yes,No,Yes,No,Yes,Yes,Month-to-month,Yes,Bank transfer (automatic),59.33,1091.94,5,Yes
0916-LIEJD,Female,0,No,No,11,Yes,Yes,No,No internet service,No internet service,No internet service,No internet service,No internet service,No internet service,Two year,No,Bank transfer (automatic),20.78,195.11,2,No
0917-EJKUX,Male,0,Yes,No,12,Yes,No,DSL,Yes,No,No,Yes,No,No,Month-to-month,Yes,Mailed check,64.86,756.41,2,No
0918-JHBWH,Female,0,Yes,No,43,No,No phone service,Fiber optic,Yes,Yes,No,No,Yes,No,One year,No,Electronic check,78.97,3492.19,0,No
0919-PVEYC,Female,0,Yes,Yes,41,No,No phone service,Fiber optic,No,No,Yes,No,Yes,No,Month-to-month,No,Bank transfer (automatic),89.03,3650.95,2,No
0920-LMMJD,Male,0,Yes,No,54,Yes,No,Fiber optic,No,No,No,Yes,Yes,No,One year,Yes,Electronic check,75.78,4086.13,1,No
0921-IVXWB,Male,0,No,Yes,45,Yes,Yes,DSL,No,No,No,Yes,No,No,One year,No,Credit card (automatic),54.29,2351.09,1,No
0922-SAYGQ,Female,0,Yes,No,45,Yes,No,Fiber optic,Yes,No,Yes,No,Yes,Yes,One year,Yes,Mailed check,68.01,3030.74,2,No
0923-CTTUC,Female,0,No,No,9,Yes,Yes,DSL,No,No,Yes,No,Yes,Yes,One year,Yes,Electronic check,39.05,315.31,2,No
0924-CQGZN,Female,0,Yes,No,3,Yes,No,No,No internet service,No internet service,No internet service,No internet service,No internet service,No internet service,Month-to-month,Yes,Electronic check,18.0,131.29,3,Yes
0925-QRMTT,Male,0,Yes,No,45,Yes,Yes,DSL,Yes,No,No,No,No,No,Two year,Yes,Electronic check,54.76,2400.04,2,No
0926-URDAR,Female,0,Yes,Yes,3,Yes,No,No,No internet service,No internet service,No internet service,No internet service,No internet service,No internet service,Month-to-month,Yes,Bank transfer (automatic),28.12,93.56,1,Yes
0927-AZZMT,Male,1,Yes,Yes,72,Yes,Yes,Fiber optic,Yes,Yes,No,No,No,Yes,Two year,No,Credit card (automatic),72.7,5229.47,0,No
0928-TWJKI,Male,0,No,No,66,Yes,No,Fiber optic,No,No,No,No,Yes,Yes,Month-to-month,Yes,Mailed check,72.58,4733.37,0,No
0929-IEZAQ,Female,0,No,No,24,No,No phone service,DSL,No,No,No,No,No,No,Month-to-month,Yes,Bank transfer (automatic),58.01,1515.2,1,No
0930-VBXMI,Male,0,No,No,13,Yes,No,No,No internet service,No internet service,No internet service,No internet service,No internet service,No internet service,One year,Yes,Mailed check,18.0,310.45,0,No
0931-DEKXS,Female,0,No,No,23,Yes,Yes,DSL,No,Yes,Yes,No,Yes,No,Month-to-month,No,Mailed check,45.79,1058.63,2,No
0932-UCLZS,Female,1,Yes,No,42,Yes,No,Fiber optic,Yes,No,No,No,Yes,Yes,Month-to-month,No,Mailed check,86.5,3730.18,2,No
0933-SMGOW,Male,1,No,Yes,45,No,No phone service,DSL,No,No,No,No,Yes,No,One year,Yes,Credit card (automatic),53.09,2322.23,0,No
0934-GZHEU,Male,0,Yes,Yes,2,Yes,Yes,No,No internet service,No internet service,No internet service,No internet service,No internet service,No internet service,Month-to-month,Yes,Bank transfer (automatic),18.0,70.91,2,No
0935-NDWJT,Female,1,No,Yes,52,Yes,No,Fiber optic,No,Yes,No,Yes,Yes,No,Month-to-month,No,Credit card (automatic),75.8,3828.3,1,No
0936-ORTMH,Male,0,No,No,32,Yes,No,No,No internet service,No internet service,No internet service,No internet service,No internet service,No internet service,One year,Yes,Electronic check,21.14,603.39,3,Yes
0937-IPSPG,Male,0,Yes,No,1,Yes,No,No,No internet service,No internet service,No internet service,No internet service,No internet service,No internet service,One year,Yes,Mailed check,31.15,18.0,1,No
0938-NNYDZ,Female,1,Yes,No,12,Yes,Yes,Fiber optic,No,No,Yes,No,No,No,Month-to-month,Yes,Electronic check,65.71,821.48,0,No
0939-OCEAC,Male,0,No,No,22,Yes,No,DSL,No,No,No,Yes,No,No,One year,Yes,Electronic check,53.0,1144.93,0,No
0940-OXHDB,Female,1,Yes,No,6,Yes,No,DSL,No,Yes,Yes,No,Yes,Yes,Two year,Yes,Credit card (automatic),31.84,209.62,2,No
0941-XXJDC,Female,0,Yes,No,5,Yes,No,DSL,Yes,No,Yes,Yes,No,Yes,Month-to-month,Yes,Credit card (automatic),69.83,338.6,3,Yes
0942-BYQWU,Male,0,Yes,No,1,Yes,Yes,DSL,Yes,No,Yes,No,No,Yes,Two year,No,Bank transfer (automatic),63.66,33.85,1,No
0943-XTWME,Female,1,No,No,72,Yes,No,Fiber optic,No,Yes,No,No,No,No,Month-to-month,No,Electronic check,71.34,5104.87,1,No
0944-UIYYV,Male,0,Yes,No,1,Yes,Yes,No,No internet service,No internet service,No internet service,No internet service,No internet service,No internet service,Month-to-month,Yes,Credit card (automatic),18.0,48.85,4,No
0945-FEYJH,Female,0,No,No,14,No,No phone service,DSL,Yes,Yes,No,No,No,Yes,Two year,No,Electronic check,56.39,835.35,1,No
0946-GGFUT,Male,0,No,Yes,7,Yes,Yes,DSL,Yes,No,No,No,Yes,No,Month-to-month,Yes,Bank transfer (automatic),55.06,319.11,1,No
0947-CSVOD,Female,0,No,No,43,No,No phone service,Fiber optic,Yes,No,Yes,No,No,No,One year,Yes,Electronic check,88.08,3853.73,4,No
0948-LFSDO,Female,1,Yes,No,39,Yes,No,No,No internet service,No internet service,No internet service,No internet service,No internet service,No internet service,Month-to-month,Yes,Mailed check,18.0,634.78,2,No
0949-IEMWZ,Male,0,No,No,52,Yes,No,DSL,Yes,No,Yes,No,Yes,Yes,Month-to-month,Yes,Credit card (automatic),45.19,2304.71,2,No
0950-REYPS,Male,0,Yes,Yes,30,Yes,Yes,Fiber optic,No,Yes,Yes,No,No,No,One year,Yes,Electronic check,67.23,2057.61,3,No
0951-NYPOV,Male,0,No,Yes,28,Yes,No,Fiber optic,Yes,No,No,No,No,No,Month-to-month,No,Mailed check,68.56,1837.71,2,No
0952-DGPXV,Male,1,No,Yes,16,Yes,Yes,DSL,No,No,Yes,No,Yes,No,Month-to-month,Yes,Mailed check,31.79,490.58,1,Yes
0953-UVUHQ,Male,0,No,Yes,32,Yes,No,Fiber optic,Yes,No,No,No,Yes,No,Month-to-month,Yes,Electronic check,84.72,2714.99,1,No
0954-PWJJB,Male,0,No,No,3,Yes,No,Fiber optic,No,No,Yes,No,Yes,Yes,Month-to-month,No,Credit card (automatic),64.95,284.19,1,Yes
0955-IQKJV,Male,0,No,Yes,36,Yes,No,No,No internet service,No internet service,No internet service,No internet service,No internet service,No internet service,Month-to-month,No,Mailed check,18.0,651.89,3,No
0956-YQDPT,Male,0,Yes,No,3,Yes,Yes,No,No internet service,No internet service,No internet service,No internet service,No internet service,No internet service,Month-to-month,No,Mailed check,18.0,47.3,2,Yes
0957-OYUEF,Male,0,No,No,63,Yes,No,No,No internet service,No internet service,No internet service,No internet service,No internet service,No internet service,Two year,No,Bank transfer (automatic),18.0,1099.96,2,No
0958-QAYSD,Female,0,Yes,No,22,Yes,No,Fiber optic,No,No,Yes,No,No,No,Month-to-month,No,Bank transfer (automatic),75.19,1699.35,1,Yes
0959-QIXBH,Male,0,Yes,Yes,24,Yes,No,DSL,No,No,Yes,Yes,No,No,Month-to-month,No,Electronic check,37.33,921.58,0,Yes
0960-OGFAO,Female,0,Yes,No,28,Yes,No,DSL,No,No,No,No,Yes,Yes,One year,Yes,Electronic check,31.03,876.13,0,No
0961-WZGYQ,Male,0,No,Yes,47,Yes,No,Fiber optic,No,No,No,No,Yes,No,Month-to-month,No,Electronic check,75.32,3583.84,1,No
0962-BIIMF,Male,1,Yes,Yes,20,Yes,No,No,No internet service,No internet service,No internet service,No internet service,No internet service,No internet service,Month-to-month,No,Credit card (automatic),34.1,664.03,1,Yes
0963-FTTUC,Female,0,No,No,17,Yes,No,Fiber optic,Yes,Yes,No,Yes,Yes,Yes,One year,Yes,Electronic check,69.61,1182.65,0,Yes
0964-QQLPO,Female,0,No,No,10,Yes,Yes,No,No internet service,No internet service,No internet service,No internet service,No internet service,No internet service,Two year,No,Mailed check,32.83,357.7,4,No
0965-MWAQC,Male,0,No,Yes,4,Yes,Yes,DSL,Yes,Yes,No,No,Yes,No,One year,No,Mailed check,44.56,148.6,0,No
0966-ZODDR,Female,1,No,No,6,Yes,No,DSL,Yes,Yes,No,No,No,No,Two year,No,Credit card (automatic),48.11,266.15,3,No
0967-QSKTC,Male,0,Yes,Yes,1,Yes,Yes,No,No internet service,No internet service,No internet service,No internet service,No internet service,No internet service,Month-to-month,Yes,Electronic check,20.47,67.35,2,No
0968-HNZAN,Female,0,No,No,65,Yes,Yes,No,No internet service,No internet service,No internet service,No internet service,No internet service,No internet service,One year,Yes,Electronic check,37.0,2405.19,1,No
0969-BWDXS,Male,0,No,No,46,Yes,Yes,Fiber optic,Yes,No,No,No,No,No,Month-to-month,Yes,Bank transfer (automatic),72.53,3395.7,1,No
0970-FYAQH,Female,1,No,No,7,Yes,No,DSL,No,No,Yes,Yes,No,Yes,Two year,No,Credit card (automatic),38.33,302.38,0,No
0971-SUAEP,Male,0,Yes,Yes,1,Yes,Yes,DSL,No,No,Yes,No,No,No,Month-to-month,Yes,Credit card (automatic),38.16,18.0,2,No
0972-FHMPC,Female,0,Yes,No,21,Yes,No,DSL,No,No,No,Yes,Yes,No,Two year,No,Electronic check,32.85,660.41,3,No
0973-SLPKJ,Male,0,No,No,17,Yes,No,Fiber optic,No,No,No,No,No,Yes,Month-to-month,No,Electronic check,63.81,1066.74,2,No
0974-YTDLW,Female,0,Yes,Yes,47,Yes,No,DSL,No,No,No,Yes,No,No,Two year,Yes,Mailed check,65.8,3059.52,1,Yes
0975-BXVSY,Male,0,Yes,No,16,Yes,No,Fiber optic,No,No,Yes,No,Yes,No,Two year,No,Electronic check,68.93,1077.84,0,No
0976-EHGNX,Male,0,Yes,No,63,Yes,Yes,Fiber optic,No,No,No,No,Yes,No,Month-to-month,No,Mailed check,56.63,3611.32,1,Yes
0977-WCRPW,Male,0,Yes,No,3,Yes,Yes,Fiber optic,No,Yes,No,No,No,No,Two year,Yes,Credit card (automatic),72.39,317.63,1,Yes
0978-SSRTP,Female,0,Yes,No,14,Yes,Yes,Fiber optic,No,No,No,No,No,No,Two year,Yes,Credit card (automatic),71.34,1083.1,4,No
0979-HAQLU,Female,0,No,Yes,72,Yes,No,Fiber optic,No,No,No,No,Yes,Yes,One year,Yes,Electronic check,68.49,4936.92,1,No
0980-KELQF,Female,1,No,No,1,Yes,No,Fiber optic,No,No,No,No,No,No,One year,Yes,Electronic check,62.81,65.71,1,Yes
0981-AEYNE,Female,0,Yes,No,15,Yes,Yes,DSL,Yes,No,No,No,No,No,Month-to-month,No,Mailed check,52.75,849.89,0,No
0982-VXARP,Female,0,Yes,Yes,9,Yes,No,Fiber optic,No,No,No,No,No,Yes,Month-to-month,Yes,Electronic check,90.38,873.66,3,Yes
0983-ISVEB,Male,0,No,No,24,Yes,Yes,DSL,Yes,No,No,No,Yes,Yes,Month-to-month,Yes,Mailed check,47.42,1184.1,2,Yes
0984-OGDAM,Female,0,Yes,No,10,Yes,No,DSL,No,No,Yes,No,No,No,One year,Yes,Bank transfer (automatic),40.71,369.48,3,No
0985-TVGOW,Male,0,No,No,65,Yes,Yes,DSL,No,No,No,Yes,No,Yes,Month-to-month,No,Electronic check,63.7,4122.22,2,No
0986-NWSVX,Male,0,Yes,No,72,Yes,Yes,DSL,No,Yes,No,No,No,Yes,Month-to-month,Yes,Mailed check,21.9,1603.75,3,No
0987-TXRJI,Male,0,No,No,60,Yes,Yes,Fiber optic,No,No,Yes,No,No,No,Month-to-month,No,Electronic check,44.6,2701.6,2,No
0988-YHZJQ,Male,0,No,Yes,16,Yes,Yes,No,No internet service,No internet service,No internet service,No internet service,No internet service,No internet service,Month-to-month,No,Credit card (automatic),18.0,320.58,0,Yes
0989-BFZEI,Male,0,No,Yes,72,Yes,No,No,No internet service,No internet service,No internet service,No internet service,No internet service,No internet service,One year,No,Credit card (automatic),44.71,3230.41,1,No
0990-ERZTI,Female,0,No,No,42,Yes,No,No,No internet service,No internet service,No internet service,No internet service,No internet service,No internet service,Month-to-month,Yes,Mailed check,33.35,1374.9,2,Yes
0991-QQLGC,Male,0,Yes,No,14,Yes,Yes,Fiber optic,Yes,No,No,No,Yes,No,Month-to-month,No,Mailed check,69.33,950.07,2,No
0992-JBYCP,Female,0,Yes,No,3,Yes,No,No,No internet service,No internet service,No internet service,No internet service,No internet service,No internet service,Month-to-month,No,Mailed check,18.18,31.15,0,No
0993-BXJFV,Male,0,No,No,35,Yes,Yes,Fiber optic,No,Yes,Yes,No,No,Yes,One year,Yes,Electronic check,55.67,1965.12,2,No
0994-ZKWGO,Male,0,No,No,41,Yes,No,Fiber optic,No,No,No,Yes,No,No,Month-to-month,Yes,Electronic check,74.82,3039.38,1,Yes
0995-FTIVT,Female,0,Yes,No,4,Yes,Yes,Fiber optic,No,Yes,Yes,Yes,No,Yes,Month-to-month,No,Mailed check,88.8,348.04,1,Yes
0996-LSTCO,Female,0,No,Yes,25,Yes,Yes,DSL,Yes,No,Yes,No,No,No,One year,No,Mailed check,39.13,993.18,1,No
0997-BUBVC,Male,0,No,No,72,Yes,Yes,DSL,No,Yes,No,Yes,No,No,Month-to-month,No,Mailed check,42.02,2895.9,1,No
0998-FOJIA,Male,0,No,No,12,Yes,No,Fiber optic,Yes,No,Yes,No,No,No,Month-to-month,Yes,Credit card (automatic),82.37,1153.0,2,No
0999-PFIDB,Male,0,Yes,No,11,Yes,No,Fiber optic,No,No,No,No,Yes,No,Month-to-month,No,Electronic check,79.75,886.72,3,Yes
1000-DASZY,Female,0,No,Yes,72,Yes,Yes,Fiber optic,No,No,No,Yes,Yes,Yes,Month-to-month,Yes,Credit card (automatic),71.29,5078.3,2,No
1001-JUOVS,Female,0,Yes,No,3,Yes,Yes,No,No internet service,No internet service,No internet service,No internet service,No internet service,No internet service,Two year,No,Credit card (automatic),18.0,27.99,4,Yes
1002-PUXVD,Male,0,No,No,72,Yes,Yes,No,No internet service,No internet service,No internet service,No internet service,No internet service,No internet service,Two year,No,Credit card (automatic),20.41,1482.69,0,No
1003-BYMAQ,Female,0,Yes,Yes,48,Yes,Yes,Fiber optic,No,No,No,No,No,No,Month-to-month,Yes,Bank transfer (automatic),72.24,3564.62,1,Yes
1004-MDGQI,Female,0,No,No,15,Yes,Yes,No,No internet service,No internet service,No internet service,No internet service,No internet service,No internet service,Month-to-month,Yes,Electronic check,20.35,272.2,3,Yes
1005-DSAJD,Female,0,Yes,No,2,No,No phone service,No,No internet service,No internet service,No internet service,No internet service,No internet service,No internet service,Month-to-month,No,Mailed check,23.44,18.0,0,Yes
1006-IMNJF,Female,0,Yes,No,1,Yes,No,DSL,No,Yes,No,No,No,Yes,Two year,Yes,Mailed check,57.0,53.92,1,No
1007-PFQJR,Female,0,Yes,No,15,Yes,Yes,Fiber optic,No,No,No,No,Yes,Yes,Two year,Yes,Electronic check,81.1,1210.1,4,No
1008-VRCTU,Female,0,Yes,Yes,39,Yes,No,Fiber optic,Yes,Yes,No,No,No,Yes,Two year,Yes,Credit card (automatic),78.59,3034.95,3,No
1009-YOODI,Female,0,No,No,21,Yes,Yes,DSL,No,Yes,No,No,No,Yes,Month-to-month,Yes,Electronic check,52.56,1148.27,2,No
1010-ZSXQK,Male,0,Yes,Yes,42,Yes,Yes,Fiber optic,No,Yes,No,No,No,No,Month-to-month,Yes,Electronic check,84.98,3549.29,2,Yes
1011-YIJRT,Female,0,No,No,35,Yes,No,Fiber optic,Yes,No,No,No,No,No,Two year,Yes,Mailed check,73.58,2549.94,0,No
1012-MHGQU,Female,1,No,Yes,27,Yes,No,DSL,No,No,No,No,No,No,Month-to-month,No,Electronic check,46.1,1280.07,0,No
1013-WOTOA,Male,0,No,No,72,Yes,Yes,No,No internet service,No internet service,No internet service,No internet service,No internet service,No internet service,Two year,No,Credit card (automatic),18.0,1294.26,2,No
1014-YNEKP,Female,0,Yes,Yes,41,Yes,Yes,Fiber optic,No,Yes,Yes,No,No,No,Month-to-month,No,Electronic check,67.2,2728.81,0,No
1015-BHKRC,Female,0,Yes,Yes,72,Yes,Yes,DSL,Yes,No,No,No,Yes,Yes,Two year,Yes,Electronic check,32.49,2271.39,1,No
1016-ZAKPR,Female,0,Yes,No,8,Yes,Yes,Fiber optic,No,Yes,No,No,No,No,Month-to-month,Yes,Credit card (automatic),66.69,584.68,2,Yes
1017-PWJRF,Female,0,No,No,40,Yes,No,Fiber optic,Yes,Yes,No,No,Yes,Yes,Month-to-month,Yes,Electronic check,69.22,2795.61,3,Yes
1018-SDMXN,Male,0,Yes,No,29,Yes,No,Fiber optic,Yes,No,No,No,Yes,No,Month-to-month,Yes,Mailed check,79.76,2303.14,1,No
1019-CJFAW,Female,1,No,Yes,72,Yes,No,No,No internet service,No internet service,No internet service,No internet service,No internet service,No internet service,One year,No,Bank transfer (automatic),18.0,1350.74,1,No
1020-XNHSN,Male,0,Yes,No,22,Yes,Yes,DSL,Yes,Yes,No,No,No,No,Month-to-month,Yes,Credit card (automatic),52.96,1095.16,1,No
1021-JQIFK,Female,0,No,No,10,Yes,No,Fiber optic,No,No,No,No,No,No,Month-to-month,Yes,Electronic check,69.11,754.14,1,Yes
1022-YGQAV,Female,0,Yes,No,15,Yes,Yes,No,No internet service,No internet service,No internet service,No internet service,No internet service,No internet service,One year,Yes,Electronic check,18.0,288.06,0,No
1023-EIRXU,Female,0,Yes,No,7,Yes,No,Fiber optic,No,Yes,No,No,Yes,No,Month-to-month,Yes,Electronic check,46.92,324.23,1,No
1024-BZKFZ,Female,0,No,Yes,7,Yes,Yes,DSL,Yes,Yes,No,No,Yes,Yes,Two year,Yes,Electronic check,43.95,351.42,4,No
1025-HDRKE,Male,0,No,Yes,20,Yes,No,No,No internet service,No internet service,No internet service,No internet service,No internet service,No internet service,Month-to-month,No,Mailed check,20.7,480.82,1,No
1026-ORBVK,Male,0,No,No,71,Yes,Yes,No,No internet service,No internet service,No internet service,No internet service,No internet service,No internet service,Month-to-month,Yes,Bank transfer (automatic),19.9,1396.47,2,No
1027-ZYMDV,Male,1,Yes,No,6,Yes,No,Fiber optic,No,No,No,No,No,No,Month-to-month,No,Bank transfer (automatic),78.09,448.6,2,No
1028-GKVXD,Male,0,No,No,10,Yes,No,No,No internet service,No internet service,No internet service,No internet service,No internet service,No internet service,Month-to-month,Yes,Bank transfer (automatic),28.91,258.69,0,No
1029-OAWCN,Male,0,No,No,61,Yes,No,Fiber optic,No,Yes,No,No,No,Yes,Two year,No,Mailed check,80.22,4875.44,0,Yes
1030-FRYAF,Female,0,Yes,No,13,Yes,Yes,Fiber optic,No,No,No,No,No,No,Two year,Yes,Credit card (automatic),67.09,837.95,0,No
1031-FUPEQ,Male,0,Yes,No,72,Yes,No,DSL,Yes,No,Yes,No,No,No,Month-to-month,Yes,Electronic check,38.83,2890.84,2,No
1032-JURGC,Male,0,No,No,10,Yes,No,Fiber optic,Yes,No,No,No,No,Yes,Month-to-month,Yes,Bank transfer (automatic),68.52,707.28,1,Yes
1033-MOTSC,Female,0,No,No,18,Yes,Yes,No,No internet service,No internet service,No internet service,No internet service,No internet service,No internet service,Month-to-month,Yes,Bank transfer (automatic),22.08,444.46,2,Yes
1034-DEADL,Male,0,No,Yes,3,No,No phone service,No,No internet service,No internet service,No internet service,No internet service,No internet service,No internet service,Two year,Yes,Bank transfer (automatic),21.27,18.0,1,No
1035-XJWYU,Female,1,No,Yes,72,Yes,No,DSL,Yes,No,Yes,No,No,No,Month-to-month,No,Bank transfer (automatic),42.52,3138.46,1,No
1036-ZTXYM,Male,0,Yes,No,70,Yes,No,Fiber optic,No,No,Yes,No,Yes,No,Two year,Yes,Electronic check,62.54,4351.58,2,No
1037-WNWED,Female,0,No,No,54,Yes,Yes,No,No internet service,No internet service,No internet service,No internet service,No internet service,No internet service,Two year,Yes,Mailed check,18.0,1026.71,1,No
1038-NJQJZ,Male,0,No,Yes,5,No,No phone service,DSL,No,No,No,No,No,Yes,Two year,No,Credit card (automatic),64.17,326.32,1,No
1039-GPAQU,Female,0,No,Yes,72,Yes,No,Fiber optic,No,No,No,No,No,Yes,One year,Yes,Electronic check,64.41,4625.46,0,Yes
1040-IFSMC,Male,0,No,No,72,Yes,Yes,No,No internet service,No internet service,No internet service,No internet service,No internet service,No internet service,Month-to-month,Yes,Credit card (automatic),18.0,1352.95,4,No
1041-GVIVE,Male,0,No,No,18,Yes,No,No,No internet service,No internet service,No internet service,No internet service,No internet service,No internet service,One year,Yes,Credit card (automatic),32.17,595.74,2,No
1042-JWQLW,Female,0,Yes,No,36,Yes,No,DSL,No,Yes,Yes,Yes,No,Yes,Month-to-month,Yes,Electronic check,43.81,1642.78,3,No
1043-PCYVI,Female,0,Yes,No,72,Yes,No,DSL,No,Yes,No,No,No,Yes,Two year,Yes,Electronic check,46.68,3337.97,0,No
1044-OEWMN,Female,0,Yes,No,16,Yes,Yes,Fiber optic,No,No,No,No,No,No,Month-to-month,Yes,Mailed check,78.04,1233.1,1,No
1045-TOPWM,Male,0,No,No,3,Yes,No,No,No internet service,No internet service,No internet service,No internet service,No internet service,No internet service,One year,Yes,Mailed check,29.31,29.9,1,No
1046-QWHUB,Female,0,Yes,Yes,64,Yes,Yes,Fiber optic,No,Yes,No,No,No,No,Month-to-month,Yes,Bank transfer (automatic),74.8,4773.95,4,No
1047-EFLRV,Male,0,No,No,20,Yes,Yes,Fiber optic,No,Yes,No,No,Yes,No,Two year,No,Electronic check,70.23,1395.44,1,No
1048-VAQKJ,Female,0,Yes,Yes,72,Yes,No,No,No internet service,No internet service,No internet service,No internet service,No internet service,No internet service,Month-to-month,Yes,Bank transfer (automatic),31.4,2294.74,1,No
1049-SNZJO,Male,0,Yes,No,25,Yes,Yes,Fiber optic,Yes,No,No,No,No,No,Two year,Yes,Electronic check,68.98,1720.47,1,No
1050-SDBIJ,Female,0,No,No,1,Yes,No,Fiber optic,No,Yes,Yes,No,Yes,No,Month-to-month,Yes,Electronic check,68.52,110.1,1,Yes
1051-KNGWO,Female,0,No,Yes,21,Yes,Yes,Fiber optic,No,No,No,No,No,No,Month-to-month,No,Bank transfer (automatic),63.61,1342.11,2,Yes
1052-VSVOX,Male,0,Yes,Yes,40,Yes,No,Fiber optic,Yes,No,Yes,Yes,No,No,Month-to-month,No,Electronic check,74.69,3041.21,0,Yes
1053-HKIOA,Female,0,No,Yes,1,Yes,No,DSL,Yes,No,No,No,Yes,Yes,Two year,No,Electronic check,41.25,57.68,3,No
1054-ASCJH,Female,0,Yes,No,17,Yes,No,DSL,Yes,No,Yes,No,Yes,No,Month-to-month,Yes,Bank transfer (automatic),54.79,890.11,2,No
1055-OJARB,Female,0,Yes,Yes,5,Yes,No,No,No internet service,No internet service,No internet service,No internet service,No internet service,No internet service,One year,No,Bank transfer (automatic),18.0,99.32,1,No
1056-SMVAB,Male,0,Yes,No,32,Yes,No,DSL,Yes,No,No,No,Yes,Yes,Month-to-month,Yes,Credit card (automatic),35.26,1213.96,2,No
1057-POMPQ,Male,0,No,No,72,Yes,No,DSL,No,Yes,No,No,No,No,Month-to-month,No,Credit card (automatic),62.06,4507.72,3,Yes
1058-UGXZQ,Female,0,Yes,No,31,Yes,Yes,Fiber optic,Yes,Yes,Yes,No,Yes,Yes,One year,No,Mailed check,55.95,1708.51,2,No
1059-GMEZQ,Female,0,No,No,37,Yes,No,Fiber optic,No,No,No,No,No,No,Month-to-month,Yes,Bank transfer (automatic),58.09,2153.4,1,No
1060-CGZQG,Male,0,No,No,16,Yes,Yes,Fiber optic,No,Yes,Yes,No,No,Yes,Month-to-month,Yes,Bank transfer (automatic),81.88,1264.83,2,Yes
1061-UAQQK,Male,1,Yes,No,26,Yes,Yes,Fiber optic,No,No,No,Yes,Yes,No,One year,Yes,Credit card (automatic),58.09,1492.95,0,No
1062-YCOUK,Female,0,Yes,Yes,25,Yes,Yes,DSL,No,No,No,No,No,No,Month-to-month,Yes,Electronic check,32.33,865.18,0,No
1063-ZPYVI,Male,0,Yes,Yes,45,No,No phone service,DSL,No,No,No,No,Yes,Yes,Month-to-month,No,Electronic check,48.13,2087.13,1,No
1064-XXAYV,Female,1,No,No,62,No,No phone service,DSL,No,No,No,No,No,No,Month-to-month,Yes,Mailed check,65.47,4021.9,1,No
1065-PISLS,Female,0,No,No,34,Yes,Yes,No,No internet service,No internet service,No internet service,No internet service,No internet service,No internet service,Month-to-month,No,Electronic check,25.77,805.5,0,No
1066-VIGNS,Male,0,No,Yes,72,Yes,No,Fiber optic,No,No,No,No,Yes,No,One year,Yes,Mailed check,50.62,3584.21,1,Yes
1067-SBIMO,Male,1,Yes,No,56,Yes,Yes,Fiber optic,Yes,No,No,No,Yes,Yes,One year,No,Bank transfer (automatic),67.91,3770.35,0,No
1068-CKUNY,Male,0,Yes,No,4,Yes,Yes,Fiber optic,Yes,No,No,Yes,Yes,No,Month-to-month,Yes,Bank transfer (automatic),79.97,309.37,0,Yes
1069-HRSPB,Male,0,Yes,No,22,Yes,No,Fiber optic,No,No,No,Yes,Yes,Yes,Month-to-month,No,Credit card (automatic),63.8,1423.37,1,Yes
1070-HVFLO,Male,0,Yes,No,72,Yes,Yes,Fiber optic,Yes,Yes,No,No,No,No,Month-to-month,No,Credit card (automatic),50.74,3645.22,2,No
1071-YHDOT,Male,0,Yes,No,72,Yes,Yes,No,No internet service,No internet service,No internet service,No internet service,No internet service,No internet service,Two year,No,Credit card (automatic),18.0,1327.1,0,No
1072-YQMRB,Male,0,No,No,15,Yes,No,DSL,No,No,Yes,Yes,Yes,No,Month-to-month,Yes,Mailed check,40.0,591.34,1,Yes
1073-MMVOT,Male,0,No,No,41,Yes,No,Fiber optic,Yes,No,No,No,No,Yes,Two year,Yes,Electronic check,61.6,2530.82,1,No
1074-JCSCV,Female,0,No,No,16,Yes,No,No,No internet service,No internet service,No internet service,No internet service,No internet service,No internet service,Month-to-month,Yes,Electronic check,22.9,348.56,2,Yes
1075-NHWDT,Female,0,Yes,No,4,Yes,Yes,DSL,Yes,No,No,Yes,Yes,Yes,Month-to-month,Yes,Electronic check,27.65,29.13,2,Yes
1076-KZKKB,Male,0,Yes,No,69,Yes,No,Fiber optic,No,No,No,No,No,No,Two year,Yes,Bank transfer (automatic),77.61,5298.57,2,No
1077-QIBXO,Female,0,Yes,Yes,72,Yes,Yes,Fiber optic,No,Yes,No,No,Yes,No,One year,No,Electronic check,57.6,4099.27,1,No
1078-PYDHI,Female,0,Yes,Yes,22,Yes,Yes,Fiber optic,Yes,Yes,Yes,No,No,No,Month-to-month,No,Electronic check,68.16,1508.51,1,Yes
1079-ZZEPM,Female,0,No,No,1,Yes,Yes,DSL,No,No,No,Yes,No,Yes,Month-to-month,Yes,Bank transfer (automatic),32.89,72.08,3,Yes
1080-GZTQC,Female,0,Yes,No,54,Yes,No,DSL,No,No,No,No,Yes,Yes,Month-to-month,Yes,Mailed check,47.43,2589.12,1,No
1081-ESLGI,Female,0,No,Yes,20,Yes,Yes,DSL,Yes,Yes,No,No,Yes,No,Month-to-month,Yes,Mailed check,29.97,543.88,3,Yes
1082-FZQPW,Male,0,No,Yes,2,Yes,No,No,No internet service,No internet service,No internet service,No internet service,No internet service,No internet service,Month-to-month,No,Bank transfer (automatic),21.89,93.71,3,No
1083-CUZDJ,Male,0,Yes,Yes,6,No,No phone service,No,No internet service,No internet service,No internet service,No internet service,No internet service,No internet service,Two year,Yes,Mailed check,18.0,122.18,1,No
1084-EUVJL,Male,0,No,No,5,Yes,Yes,DSL,No,No,No,No,Yes,No,Month-to-month,Yes,Mailed check,41.24,172.0,0,No
1085-JMKVP,Male,0,No,No,37,Yes,Yes,DSL,No,Yes,Yes,No,No,No,One year,No,Mailed check,61.9,2245.1,0,No
1086-HHYHM,Male,0,Yes,No,11,Yes,No,Fiber optic,No,No,No,Yes,Yes,Yes,Month-to-month,No,Mailed check,61.08,626.47,1,Yes
1087-BLJLK,Male,0,No,No,4,Yes,Yes,Fiber optic,Yes,No,No,No,No,No,Month-to-month,Yes,Electronic check,65.81,296.88,1,Yes
1088-OPQZB,Female,0,Yes,No,72,Yes,No,Fiber optic,Yes,Yes,No,Yes,No,No,Month-to-month,Yes,Mailed check,65.17,4689.15,1,No
1089-RLSZW,Male,0,No,No,72,Yes,No,Fiber optic,No,No,Yes,No,Yes,No,Month-to-month,No,Mailed check,66.58,4713.57,0,Yes
1090-RQFYO,Female,0,Yes,No,4,Yes,Yes,No,No internet service,No internet service,No internet service,No internet service,No internet service,No internet service,One year,Yes,Credit card (automatic),24.62,41.83,0,No
1091-CFCAM,Male,0,Yes,No,8,Yes,No,DSL,No,No,No,No,No,Yes,Month-to-month,No,Electronic check,43.86,368.28,2,No
1092-UZNMD,Female,0,Yes,No,28,Yes,No,DSL,No,No,No,No,Yes,No,One year,No,Mailed check,39.63,1112.73,2,No
1093-GVJGU,Female,0,No,No,5,Yes,No,No,No internet service,No internet service,No internet service,No internet service,No internet service,No internet service,Two year,Yes,Credit card (automatic),26.22,158.38,2,No
1094-OODWW,Male,0,Yes,No,5,Yes,Yes,Fiber optic,No,No,No,No,No,No,Month-to-month,No,Electronic check,49.92,230.65,2,Yes
1095-FXTZE,Male,1,Yes,No,13,Yes,Yes,No,No internet service,No internet service,No internet service,No internet service,No internet service,No internet service,Two year,No,Bank transfer (automatic),42.8,630.66,2,No
1096-TLAHA,Male,0,Yes,No,72,Yes,No,Fiber optic,No,Yes,Yes,No,Yes,No,One year,No,Electronic check,70.45,5071.32,0,No
1097-EVFUC,Male,0,Yes,No,72,Yes,No,Fiber optic,Yes,No,No,No,Yes,Yes,Two year,Yes,Credit card (automatic),72.15,5155.22,0,No
1098-OEXNR,Female,0,No,No,59,No,No phone service,Fiber optic,No,Yes,Yes,Yes,Yes,Yes,Two year,No,Electronic check,75.96,4376.14,1,No
1099-PFYXN,Male,0,No,No,38,Yes,No,DSL,No,Yes,Yes,No,No,No,Month-to-month,Yes,Credit card (automatic),46.78,1791.74,1,No
1100-XHGHM,Male,0,No,No,40,Yes,No,DSL,No,No,No,No,No,No,One year,Yes,Credit card (automatic),44.76,1668.81,2,No
1101-FRBHK,Female,1,No,No,20,Yes,No,No,No internet service,No internet service,No internet service,No internet service,No internet service,No internet service,Month-to-month,No,Electronic check,18.0,376.7,2,Yes
1102-AVFPT,Female,1,No,No,24,Yes,Yes,DSL,No,No,No,No,No,No,Two year,No,Electronic check,52.52,1243.21,1,No
1103-LKJCM,Male,1,No,Yes,32,Yes,Yes,DSL,No,No,No,No,Yes,No,One year,No,Credit card (automatic),60.67,1861.8,0,No
1104-COPMQ,Male,1,No,Yes,42,Yes,No,Fiber optic,No,No,No,Yes,Yes,No,One year,Yes,Electronic check,70.54,2910.78,0,Yes
1105-CTKUS,Female,0,Yes,No,3,Yes,Yes,Fiber optic,No,No,No,No,Yes,Yes,Two year,Yes,Electronic check,59.98,157.3,2,Yes
1106-VKPUC,Male,1,No,No,8,Yes,No,DSL,Yes,No,Yes,Yes,No,No,Month-to-month,No,Electronic check,49.85,425.77,3,No
1107-VFNXR,Female,0,No,No,72,Yes,No,Fiber optic,Yes,No,No,No,No,No,Two year,Yes,Electronic check,60.42,4306.23,1,No
1108-QDWOK,Female,1,No,No,13,Yes,Yes,Fiber optic,No,Yes,No,Yes,No,Yes,Month-to-month,Yes,Bank transfer (automatic),77.37,1068.58,0,No
1109-ZCCPE,Male,0,No,No,10,No,No phone service,No,No internet service,No internet service,No internet service,No internet service,No internet service,No internet service,Month-to-month,No,Mailed check,18.0,211.47,2,Yes
1110-UJSYD,Female,0,Yes,No,17,Yes,No,No,No internet service,No internet service,No internet service,No internet service,No internet service,No internet service,One year,No,Bank transfer (automatic),28.08,612.35,1,No
1111-SKBJK,Male,0,No,No,11,Yes,Yes,No,No internet service,No internet service,No internet service,No internet service,No internet service,No internet service,Month-to-month,No,Electronic check,18.0,285.34,2,Yes
1112-YTPSW,Male,0,No,No,3,Yes,Yes,No,No internet service,No internet service,No internet service,No internet service,No internet service,No internet service,Month-to-month,Yes,Mailed check,49.1,231.33,3,Yes
1113-XKNBW,Male,0,Yes,Yes,7,Yes,No,No,No internet service,No internet service,No internet service,No internet service,No internet service,No internet service,Month-to-month,No,Electronic check,29.54,190.22,0,No
1114-EESUL,Female,0,Yes,No,32,Yes,Yes,No,No internet service,No internet service,No internet service,No internet service,No internet service,No internet service,Month-to-month,Yes,Mailed check,29.69,1046.87,0,Yes
1115-RDVQJ,Male,0,Yes,No,8,Yes,Yes,DSL,No,No,No,No,No,No,One year,Yes,Mailed check,51.01,489.23,1,Yes
1116-TFYNK,Male,0,No,No,33,No,No phone service,Fiber optic,No,No,No,No,No,No,One year,No,Credit card (automatic),79.58,2623.63,2,No
1117-KRWVR,Female,0,No,No,3,Yes,Yes,Fiber optic,No,No,No,Yes,Yes,Yes,Month-to-month,Yes,Credit card (automatic),61.57,216.83,2,Yes
1118-XWKUL,Male,0,No,No,1,Yes,No,No,No internet service,No internet service,No internet service,No internet service,No internet service,No internet service,Month-to-month,No,Credit card (automatic),22.17,18.0,1,No
1119-EWIYI,Male,0,Yes,No,63,Yes,Yes,Fiber optic,Yes,No,Yes,No,Yes,Yes,Two year,Yes,Credit card (automatic),65.46,4125.05,2,No
1120-VJVSA,Male,0,No,Yes,45,Yes,No,DSL,Yes,No,No,Yes,Yes,No,Month-to-month,Yes,Electronic check,31.18,1396.26,2,No
1121-GDAOH,Female,1,Yes,No,35,Yes,Yes,No,No internet service,No internet service,No internet service,No internet service,No internet service,No internet service,Month-to-month,Yes,Credit card (automatic),30.67,1172.87,4,No
1122-LVVRO,Female,0,Yes,Yes,1,Yes,Yes,Fiber optic,No,No,No,No,Yes,No,Two year,Yes,Electronic check,59.55,18.0,2,Yes
1123-QNNRT,Male,0,Yes,No,8,Yes,No,Fiber optic,Yes,Yes,Yes,Yes,No,No,Two year,Yes,Bank transfer (automatic),74.95,673.34,2,No
1124-RPAWK,Male,0,No,No,53,No,No phone service,Fiber optic,No,No,No,No,No,No,Two year,Yes,Electronic check,77.14,4085.59,3,No
1125-OLHVT,Male,1,Yes,No,5,Yes,Yes,Fiber optic,No,No,No,No,Yes,Yes,Two year,Yes,Credit card (automatic),73.74,336.9,1,No
1126-FCXZM,Female,0,Yes,No,53,Yes,Yes,DSL,Yes,Yes,No,Yes,No,No,Month-to-month,No,Electronic check,46.81,2439.14,1,No
1127-MBEQF,Male,0,Yes,Yes,28,Yes,Yes,DSL,Yes,No,Yes,Yes,No,No,One year,Yes,Mailed check,45.44,1198.25,2,No
1128-BDVZK,Male,0,Yes,Yes,43,Yes,No,No,No internet service,No internet service,No internet service,No internet service,No internet service,No internet service,Month-to-month,Yes,Mailed check,25.51,1118.77,0,No
1129-HLHKV,Male,0,No,No,33,Yes,No,DSL,No,Yes,Yes,No,No,Yes,Two year,Yes,Electronic check,46.58,1576.63,3,No
1130-THHZQ,Female,1,No,No,17,Yes,Yes,Fiber optic,Yes,No,Yes,Yes,No,Yes,Month-to-month,Yes,Mailed check,84.11,1470.64,1,Yes
1131-TTWPN,Female,0,No,Yes,11,Yes,Yes,Fiber optic,No,Yes,No,No,No,No,Month-to-month,Yes,Credit card (automatic),67.02,802.47,2,Yes
1132-KGPMO,Female,0,No,Yes,35,Yes,No,No,No internet service,No internet service,No internet service,No internet service,No internet service,No internet service,Month-to-month,Yes,Bank transfer (automatic),31.42,1140.47,1,No
1133-XPUWX,Female,0,No,No,52,Yes,No,Fiber optic,Yes,Yes,No,No,Yes,No,Month-to-month,Yes,Mailed check,68.18,3549.35,0,No
1134-ICSTE,Female,0,No,No,1,Yes,Yes,Fiber optic,No,No,No,No,No,No,One year,No,Credit card (automatic),60.64,37.58,3,No
1135-JQOWY,Male,0,Yes,Yes,15,Yes,Yes,DSL,No,No,No,No,No,No,Month-to-month,Yes,Mailed check,37.16,534.98,2,Yes
1136-HOUNT,Male,0,No,No,13,Yes,No,DSL,No,No,Yes,No,No,No,Month-to-month,No,Credit card (automatic),36.96,467.25,0,Yes
1137-GUWLQ,Male,0,Yes,No,26,Yes,No,Fiber optic,No,No,Yes,No,Yes,Yes,Month-to-month,No,Bank transfer (automatic),78.79,2061.58,1,No
1138-QJSNK,Male,0,No,No,3,Yes,Yes,DSL,Yes,Yes,No,No,No,No,Month-to-month,No,Bank transfer (automatic),33.95,137.87,1,No
1139-BRGLZ,Female,0,No,No,72,No,No phone service,Fiber optic,No,Yes,Yes,Yes,Yes,No,Month-to-month,Yes,Electronic check,73.55,5326.24,2,No
1140-BTRFX,Female,0,Yes,No,25,Yes,No,Fiber optic,No,No,Yes,Yes,Yes,Yes,One year,No,Bank transfer (automatic),80.67,1930.33,2,No
1141-JTOET,Male,0,Yes,No,72,Yes,No,No,No internet service,No internet service,No internet service,No internet service,No internet service,No internet service,Month-to-month,No,Credit card (automatic),18.0,1274.95,0,No
1142-CEYHH,Female,0,Yes,Yes,54,Yes,No,DSL,No,Yes,No,No,No,Yes,Month-to-month,Yes,Bank transfer (automatic),52.18,2775.06,1,No
1143-HLXWH,Male,0,Yes,Yes,6,Yes,Yes,Fiber optic,No,No,Yes,No,No,Yes,Month-to-month,Yes,Bank transfer (automatic),90.53,532.02,1,Yes
1144-KNHXJ,Female,0,No,Yes,4,Yes,No,Fiber optic,No,Yes,No,No,No,No,Month-to-month,No,Mailed check,72.16,305.18,2,Yes
1145-GQDMD,Male,0,No,No,63,Yes,No,DSL,No,No,No,No,No,No,Month-to-month,No,Electronic check,54.46,3378.94,2,Yes
1146-EZVDR,Male,1,No,No,24,Yes,Yes,Fiber optic,Yes,Yes,Yes,No,Yes,Yes,Two year,Yes,Bank transfer (automatic),75.35,1807.5,4,No
1147-FXXWV,Male,0,No,No,1,Yes,Yes,Fiber optic,Yes,No,No,No,Yes,No,Two year,No,Bank transfer (automatic),66.66,54.26,2,No
1148-BWKNE,Female,0,Yes,No,72,No,No phone service,DSL,No,No,No,No,Yes,No,Month-to-month,Yes,Mailed check,40.72,2939.31,1,No
1149-FJHNX,Male,1,Yes,No,20,Yes,No,Fiber optic,No,Yes,No,Yes,Yes,No,Two year,No,Mailed check,75.51,1490.22,1,No
1150-CLPWQ,Male,0,No,No,11,No,No phone service,DSL,Yes,Yes,No,No,Yes,Yes,Month-to-month,No,Bank transfer (automatic),38.41,346.89,3,No
1151-AWJYW,Female,0,No,No,23,Yes,No,No,No internet service,No internet service,No internet service,No internet service,No internet service,No internet service,Two year,Yes,Bank transfer (automatic),18.0,292.07,1,Yes
1152-JUXBI,Male,0,No,Yes,55,Yes,No,Fiber optic,No,Yes,Yes,No,No,No,Month-to-month,Yes,Mailed check,76.03,4143.0,2,Yes
1153-VMYPR,Female,0,Yes,No,3,Yes,No,DSL,No,No,Yes,No,No,No,Month-to-month,No,Electronic check,36.94,97.83,1,No
1154-SLHQO,Female,1,No,No,14,Yes,Yes,DSL,No,Yes,No,No,No,No,Month-to-month,No,Credit card (automatic),51.54,706.44,0,No
1155-JOOWG,Female,0,No,Yes,12,Yes,Yes,Fiber optic,No,No,No,Yes,Yes,No,Month-to-month,No,Credit card (automatic),64.84,818.84,0,No
1156-MQIHT,Male,0,No,Yes,58,Yes,Yes,No,No internet service,No internet service,No internet service,No internet service,No internet service,No internet service,Month-to-month,Yes,Mailed check,18.0,1081.56,1,No
1157-ZURMP,Female,0,No,Yes,48,Yes,Yes,DSL,Yes,No,Yes,No,Yes,No,Month-to-month,No,Credit card (automatic),45.33,2076.86,1,No
1158-ILLFS,Female,0,No,No,16,Yes,No,DSL,No,Yes,Yes,No,No,Yes,Month-to-month,Yes,Bank transfer (automatic),49.85,753.74,4,No
1159-GYCPR,Female,0,Yes,Yes,34,Yes,Yes,No,No internet service,No internet service,No internet service,No internet service,No internet service,No internet service,One year,Yes,Electronic check,18.11,647.0,1,Yes
1160-PWGDY,Male,0,No,No,16,Yes,No,DSL,No,No,No,No,Yes,Yes,Two year,Yes,Electronic check,59.32,997.75,1,No
1161-HMMQQ,Female,0,Yes,No,27,Yes,No,DSL,Yes,No,No,No,No,No,Month-to-month,No,Electronic check,34.85,1019.54,3,No
1162-EFSMY,Male,0,Yes,No,72,Yes,Yes,DSL,No,Yes,No,No,No,No,One year,No,Credit card (automatic),68.76,4934.97,0,No
1163-ZNVDG,Female,0,No,No,24,Yes,No,Fiber optic,No,Yes,No,No,No,No,Month-to-month,Yes,Bank transfer (automatic),80.04,1809.59,5,Yes
1164-HYMFF,Female,0,No,No,72,Yes,Yes,Fiber optic,No,No,No,No,Yes,No,Month-to-month,Yes,Credit card (automatic),72.37,5132.94,1,Yes
1165-XUCCM,Male,0,Yes,No,44,No,No phone service,Fiber optic,No,No,Yes,No,No,Yes,Month-to-month,Yes,Mailed check,75.92,3325.57,2,No
1166-VBPVF,Male,0,Yes,No,4,Yes,No,DSL,No,No,No,No,No,No,Month-to-month,Yes,Mailed check,28.13,40.61,0,No
1167-HWHYF,Male,0,No,No,50,Yes,Yes,Fiber optic,Yes,Yes,No,Yes,No,No,Two year,Yes,Electronic check,56.44,2765.84,0,No
1168-NCJCL,Female,0,Yes,No,5,Yes,Yes,DSL,No,No,No,No,No,No,Month-to-month,Yes,Electronic check,42.37,178.0,2,No
1169-QETYI,Female,0,Yes,No,24,Yes,Yes,Fiber optic,No,No,No,No,Yes,Yes,One year,Yes,Mailed check,67.77,1532.87,2,No
1170-UZTGV,Male,1,Yes,Yes,30,Yes,No,Fiber optic,No,Yes,No,Yes,No,Yes,Month-to-month,No,Credit card (automatic),88.15,2654.58,1,No
1171-DMMJR,Male,0,No,No,71,Yes,Yes,No,No internet service,No internet service,No internet service,No internet service,No internet service,No internet service,Two year,Yes,Bank transfer (automatic),23.86,1805.76,2,No
1172-QTTMQ,Male,0,Yes,Yes,7,Yes,Yes,Fiber optic,No,No,No,Yes,No,Yes,Month-to-month,Yes,Bank transfer (automatic),79.35,587.67,3,Yes
1173-VDAAO,Male,0,No,Yes,66,Yes,Yes,Fiber optic,No,Yes,Yes,No,No,No,One year,Yes,Credit card (automatic),69.76,4633.45,2,No
1174-MQXZH,Male,0,Yes,Yes,72,Yes,No,Fiber optic,No,No,No,Yes,No,No,Two year,Yes,Bank transfer (automatic),62.56,4561.02,2,No
1175-RMWNH,Female,0,No,Yes,2,Yes,No,DSL,Yes,No,No,No,No,No,Month-to-month,Yes,Electronic check,50.4,200.76,1,Yes
1176-HZOMG,Female,1,Yes,No,69,Yes,Yes,Fiber optic,No,Yes,Yes,No,Yes,No,One year,Yes,Mailed check,71.31,4939.85,0,No
1177-EQYPW,Male,0,No,No,9,Yes,No,DSL,No,No,No,No,No,Yes,Month-to-month,Yes,Bank transfer (automatic),48.85,488.57,3,No
1178-BVRQG,Male,0,No,No,2,Yes,No,Fiber optic,No,Yes,No,No,No,Yes,Two year,Yes,Credit card (automatic),67.66,156.32,4,Yes
1179-MRNRM,Female,0,Yes,Yes,72,Yes,No,DSL,No,Yes,Yes,No,Yes,Yes,Two year,Yes,Mailed check,32.46,2371.2,2,No
1180-KUUPW,Male,0,No,No,15,Yes,Yes,Fiber optic,Yes,No,Yes,No,Yes,No,One year,Yes,Credit card (automatic),91.65,1321.78,2,No
1181-QHSTO,Male,1,No,Yes,31,Yes,Yes,Fiber optic,No,No,No,Yes,No,No,One year,No,Credit card (automatic),63.14,2055.62,2,No
1182-ITJLU,Male,0,Yes,No,25,Yes,No,Fiber optic,No,Yes,Yes,Yes,Yes,No,Month-to-month,Yes,Electronic check,68.77,1699.58,2,Yes
1183-WTAYT,Male,1,No,No,7,Yes,No,Fiber optic,No,No,No,No,No,Yes,Month-to-month,Yes,Bank transfer (automatic),75.05,453.16,1,No
1184-IVOAL,Female,1,No,Yes,35,Yes,No,Fiber optic,Yes,No,No,No,Yes,No,Month-to-month,No,Credit card (automatic),52.14,1857.68,1,Yes
1185-CKBPI,Male,0,Yes,No,1,Yes,No,DSL,Yes,Yes,No,No,Yes,No,Month-to-month,No,Mailed check,58.75,82.3,1,No
1186-OLAMN,Female,0,Yes,No,7,Yes,Yes,No,No internet service,No internet service,No internet service,No internet service,No internet service,No internet service,Month-to-month,Yes,Mailed check,18.0,81.61,3,No
1187-YYHHL,Female,0,No,No,72,Yes,No,DSL,No,No,No,No,No,No,Two year,No,Mailed check,53.84,3833.2,0,No
1188-AKHJS,Female,1,No,No,72,Yes,No,DSL,Yes,No,No,Yes,Yes,No,Two year,Yes,Credit card (automatic),31.02,2141.16,1,No
1189-KGKQA,Female,0,No,No,21,Yes,Yes,DSL,No,No,No,Yes,No,Yes,Month-to-month,Yes,Credit card (automatic),51.7,1137.23,0,No
1190-ZUUHW,Male,0,No,No,5,Yes,No,Fiber optic,Yes,No,No,No,Yes,No,Month-to-month,No,Bank transfer (automatic),50.91,284.42,0,No
1191-XFVRF,Female,0,Yes,No,17,Yes,Yes,DSL,No,Yes,No,Yes,Yes,Yes,One year,Yes,Credit card (automatic),57.84,1039.4,0,No
1192-EMSVH,Male,0,Yes,No,67,Yes,Yes,DSL,No,Yes,No,No,No,Yes,Two year,Yes,Bank transfer (automatic),48.66,3269.21,0,No
1193-IQCSK,Male,1,No,No,2,Yes,No,Fiber optic,No,Yes,No,Yes,Yes,No,Month-to-month,Yes,Mailed check,72.44,154.14,1,No
1194-XQUSB,Female,0,No,No,4,Yes,No,Fiber optic,No,Yes,No,No,No,No,One year,Yes,Electronic check,78.8,375.1,2,Yes
1195-HSGQF,Male,0,Yes,No,72,Yes,No,Fiber optic,Yes,Yes,No,No,No,No,Two year,Yes,Bank transfer (automatic),60.5,4368.27,0,No
1196-SXFBF,Male,0,No,No,17,Yes,No,Fiber optic,Yes,No,No,No,No,Yes,Month-to-month,No,Bank transfer (automatic),63.36,1049.82,2,Yes
1197-WESTD,Female,0,No,No,2,Yes,Yes,No,No internet service,No internet service,No internet service,No internet service,No internet service,No internet service,Month-to-month,Yes,Bank transfer (automatic),18.0,100.3,0,No
1198-VZQKD,Female,0,No,No,4,Yes,Yes,No,No internet service,No internet service,No internet service,No internet service,No internet service,No internet service,Month-to-month,Yes,Bank transfer (automatic),18.0,43.8,1,No
1199-ZMTZQ,Female,0,Yes,No,68,Yes,No,DSL,No,No,No,No,Yes,Yes,Two year,Yes,Electronic check,48.62,3302.09,0,Yes
1200-IDWNS,Male,0,Yes,Yes,21,Yes,Yes,Fiber optic,No,No,Yes,Yes,Yes,No,Two year,Yes,Bank transfer (automatic),68.74,1404.46,2,No
1201-ZCNHX,Male,0,No,No,5,Yes,No,Fiber optic,No,Yes,Yes,No,Yes,No,Two year,No,Electronic check,54.29,207.61,5,Yes
1202-AJRPH,Female,0,No,No,71,Yes,No,DSL,No,No,Yes,No,No,No,One year,Yes,Electronic check,44.99,3177.3,1,No
1203-ALHXP,Female,0,Yes,No,59,Yes,No,DSL,No,No,Yes,No,No,No,Month-to-month,Yes,Electronic check,48.27,2919.37,0,Yes
1204-RDFLI,Male,0,No,No,1,Yes,Yes,No,No internet service,No internet service,No internet service,No internet service,No internet service,No internet service,Month-to-month,No,Electronic check,26.36,153.32,0,No
1205-OPXLX,Male,1,Yes,No,27,Yes,No,Fiber optic,No,No,Yes,No,No,No,Month-to-month,No,Electronic check,83.46,2150.65,1,No
1206-WNMYB,Female,0,Yes,No,8,Yes,No,Fiber optic,No,No,No,Yes,No,No,Month-to-month,No,Credit card (automatic),63.24,492.76,1,No
1207-CZXVJ,Male,0,Yes,Yes,24,Yes,Yes,DSL,No,No,Yes,No,No,No,Month-to-month,Yes,Credit card (automatic),52.12,1226.79,0,Yes
1208-IZTHJ,Male,1,Yes,Yes,10,Yes,No,No,No internet service,No internet service,No internet service,No internet service,No internet service,No internet service,Month-to-month,Yes,Electronic check,19.14,229.59,3,No
1209-SCXEC,Female,0,No,Yes,12,Yes,Yes,Fiber optic,Yes,No,No,No,Yes,Yes,Month-to-month,Yes,Electronic check,73.34,875.33,0,No
1210-ZPQOC,Female,1,No,Yes,29,Yes,No,No,No internet service,No internet service,No internet service,No internet service,No internet service,No internet service,Month-to-month,No,Bank transfer (automatic),36.08,1058.85,3,No
1211-LIULZ,Male,1,Yes,No,24,Yes,No,DSL,No,Yes,Yes,Yes,No,No,One year,No,Credit card (automatic),34.5,863.34,0,No
1212-OBWRT,Male,0,No,No,16,Yes,No,Fiber optic,Yes,Yes,Yes,No,Yes,No,One year,No,Bank transfer (automatic),83.13,1297.96,4,No
1213-LWDWP,Male,0,No,Yes,3,Yes,Yes,Fiber optic,No,No,Yes,No,Yes,Yes,Month-to-month,Yes,Bank transfer (automatic),81.64,277.77,1,No
1214-WPAVY,Male,0,Yes,No,72,Yes,No,DSL,No,No,No,No,No,Yes,Month-to-month,Yes,Mailed check,40.08,2869.13,1,No
1215-BCZUY,Female,0,No,No,6,No,No phone service,Fiber optic,No,No,Yes,No,Yes,Yes,Month-to-month,Yes,Bank transfer (automatic),77.05,545.94,2,No
1216-TQTVU,Male,1,No,Yes,32,Yes,No,DSL,Yes,Yes,Yes,No,No,Yes,One year,No,Bank transfer (automatic),43.63,1362.51,2,No
1217-ATFOZ,Female,1,No,No,2,Yes,Yes,No,No internet service,No internet service,No internet service,No internet service,No internet service,No internet service,One year,No,Credit card (automatic),18.0,43.06,2,No
1218-ZNTON,Male,0,No,No,37,No,No phone service,Fiber optic,No,Yes,No,No,No,Yes,One year,Yes,Credit card (automatic),63.66,2297.67,0,No
1219-YUXYZ,Female,0,Yes,Yes,3,Yes,Yes,DSL,Yes,No,No,No,Yes,Yes,Two year,No,Bank transfer (automatic),42.49,68.23,1,No
1220-EFQKP,Male,0,Yes,Yes,8,Yes,Yes,Fiber optic,Yes,Yes,No,No,No,Yes,One year,No,Electronic check,76.05,565.84,2,No
1221-LOWDR,Male,0,No,No,33,No,No phone service,Fiber optic,No,Yes,Yes,No,No,No,Month-to-month,Yes,Mailed check,57.12,1917.11,1,Yes
1222-UCVHW,Female,0,No,No,10,No,No phone service,Fiber optic,No,No,No,No,No,Yes,Two year,Yes,Bank transfer (automatic),65.02,664.33,3,Yes
1223-CHRJY,Male,1,Yes,No,24,Yes,No,No,No internet service,No internet service,No internet service,No internet service,No internet service,No internet service,Month-to-month,No,Credit card (automatic),18.0,474.87,1,No
1224-TQHWK,Female,0,Yes,No,4,Yes,No,No,No internet service,No internet service,No internet service,No internet service,No internet service,No internet service,Month-to-month,Yes,Electronic check,18.88,90.52,1,Yes
1225-EZMUW,Female,0,No,No,7,Yes,Yes,Fiber optic,No,No,No,No,No,Yes,Month-to-month,No,Mailed check,88.47,694.34,0,Yes
1226-EXMFE,Female,0,Yes,No,42,Yes,Yes,Fiber optic,No,No,Yes,No,No,No,Month-to-month,Yes,Credit card (automatic),46.64,1902.2,0,No
1227-IPBAH,Male,0,Yes,No,1,Yes,Yes,Fiber optic,No,Yes,Yes,No,Yes,No,One year,No,Bank transfer (automatic),69.67,83.21,1,No
1228-SKLLG,Male,0,Yes,No,3,Yes,No,DSL,No,No,No,No,Yes,Yes,Two year,Yes,Mailed check,50.12,241.83,0,No
1229-ZMHVZ,Male,0,Yes,No,7,Yes,No,No,No internet service,No internet service,No internet service,No internet service,No internet service,No internet service,Month-to-month,Yes,Bank transfer (automatic),20.97,167.13,1,Yes
1230-IGZUX,Female,0,Yes,Yes,1,Yes,No,No,No internet service,No internet service,No internet service,No internet service,No internet service,No internet service,Month-to-month,No,Mailed check,36.02,71.11,1,Yes
1231-OBWTY,Male,0,No,No,3,Yes,No,Fiber optic,No,No,Yes,No,No,Yes,Month-to-month,No,Electronic check,74.81,327.92,1,Yes
1232-LAWVH,Male,0,Yes,No,10,Yes,Yes,DSL,No,Yes,No,No,Yes,No,Month-to-month,No,Mailed check,47.39,392.28,1,Yes
1233-EOAAY,Female,0,No,No,3,Yes,No,DSL,No,No,No,Yes,Yes,Yes,Month-to-month,Yes,Credit card (automatic),33.78,198.18,3,Yes
1234-JVJUO,Female,0,No,No,64,Yes,No,DSL,No,No,Yes,No,No,No,Month-to-month,No,Bank transfer (automatic),56.42,3646.53,0,No
1235-QVFCM,Female,1,No,Yes,2,Yes,Yes,DSL,No,Yes,No,No,Yes,Yes,Month-to-month,No,Mailed check,34.83,39.72,2,No
1236-PHOQQ,Female,0,No,Yes,63,Yes,No,No,No internet service,No internet service,No internet service,No internet service,No internet service,No internet service,Two year,Yes,Electronic check,23.01,1517.86,1,No
1237-VZMQF,Male,0,No,No,55,Yes,No,No,No internet service,No internet service,No internet service,No internet service,No internet service,No internet service,One year,Yes,Electronic check,18.0,951.26,1,No
1238-QPNMF,Female,0,Yes,No,3,No,No phone service,DSL,No,No,No,Yes,Yes,Yes,One year,Yes,Electronic check,62.61,234.79,1,Yes
1239-CNNOH,Female,0,Yes,No,1,No,No phone service,Fiber optic,No,No,No,No,No,No,Month-to-month,Yes,Credit card (automatic),71.05, ,1,No
1240-OVMQU,Male,0,Yes,Yes,1,Yes,No,DSL,No,Yes,Yes,No,No,Yes,Month-to-month,No,Credit card (automatic),56.93,18.0,2,No
1241-XCFEV,Male,0,Yes,No,28,Yes,No,DSL,No,No,Yes,No,No,Yes,Two year,Yes,Bank transfer (automatic),53.31,1492.87,1,No
1242-ZQWYB,Female,0,No,Yes,35,Yes,No,DSL,No,Yes,No,No,Yes,No,Month-to-month,Yes,Electronic check,46.33,1640.71,2,No
1243-ZOEZT,Male,0,No,No,31,Yes,Yes,Fiber optic,No,No,No,Yes,Yes,No,Month-to-month,Yes,Bank transfer (automatic),77.68,2380.8,1,No
1244-FFRRD,Male,0,Yes,Yes,24,Yes,Yes,DSL,No,No,No,Yes,No,Yes,Month-to-month,No,Bank transfer (automatic),44.71,1007.6,5,No
1245-QYNNM,Female,0,No,No,6,No,No phone service,DSL,Yes,Yes,No,No,Yes,No,One year,Yes,Credit card (automatic),19.68,49.69,2,No
1246-GLWOS,Male,1,No,No,58,Yes,No,Fiber optic,Yes,No,Yes,No,No,No,Month-to-month,Yes,Electronic check,59.44,3319.65,0,No
1247-KOLCQ,Female,1,Yes,No,12,Yes,No,DSL,Yes,No,No,Yes,Yes,Yes,Month-to-month,No,Bank transfer (automatic),52.77,704.24,0,Yes
1248-CSTDC,Male,0,No,No,72,Yes,No,Fiber optic,Yes,No,Yes,No,No,No,Month-to-month,Yes,Credit card (automatic),62.67,4497.02,0,No
1249-ZPLHX,Male,0,No,No,15,Yes,No,No,No internet service,No internet service,No internet service,No internet service,No internet service,No internet service,Month-to-month,Yes,Credit card (automatic),18.29,331.46,1,No
1250-QGKRA,Male,0,Yes,No,9,Yes,Yes,DSL,No,No,No,No,No,No,Month-to-month,Yes,Mailed check,50.35,366.01,2,No
1251-CDMFZ,Male,0,No,No,71,Yes,Yes,No,No internet service,No internet service,No internet service,No internet service,No internet service,No internet service,Month-to-month,Yes,Electronic check,21.19,1414.26,1,No
1252-NEPOO,Female,0,No,No,26,No,No phone service,Fiber optic,Yes,No,No,Yes,No,No,Month-to-month,Yes,Electronic check,55.9,1338.36,3,No
1253-DHPPD,Female,0,No,No,40,Yes,No,Fiber optic,No,No,Yes,No,No,No,Month-to-month,No,Electronic check,56.44,2249.29,1,No
1254-MZMBC,Male,0,No,No,16,Yes,No,DSL,No,No,Yes,Yes,Yes,No,Two year,Yes,Electronic check,47.4,779.49,1,No
1255-VHXOK,Male,0,No,No,69,Yes,No,Fiber optic,No,No,No,No,No,Yes,Month-to-month,No,Credit card (automatic),81.0,5573.43,1,Yes
1256-IGMBH,Male,0,Yes,Yes,72,Yes,Yes,Fiber optic,Yes,No,No,Yes,No,Yes,Two year,No,Credit card (automatic),87.67,6264.25,1,No
1257-GXLSG,Female,1,No,No,18,Yes,No,DSL,No,No,Yes,Yes,No,No,Month-to-month,Yes,Electronic check,64.53,1171.67,2,Yes
1258-JYPCJ,Male,0,No,No,8,Yes,Yes,Fiber optic,No,No,No,No,No,No,One year,No,Electronic check,75.67,593.7,0,No
1259-FRREU,Female,1,No,No,33,Yes,Yes,Fiber optic,No,No,No,No,Yes,No,Month-to-month,Yes,Bank transfer (automatic),80.14,2662.43,3,No
1260-GBKMW,Male,1,No,No,72,Yes,No,Fiber optic,No,Yes,No,Yes,No,No,Month-to-month,Yes,Credit card (automatic),75.96,5393.41,3,No
1261-EFXZN,Female,0,No,No,31,Yes,No,DSL,Yes,Yes,Yes,No,No,No,Month-to-month,Yes,Bank transfer (automatic),35.86,1110.39,1,No
1262-LDWFJ,Female,0,Yes,No,72,Yes,No,Fiber optic,No,Yes,No,No,No,Yes,One year,Yes,Electronic check,59.8,4327.99,1,No
1263-ROHZI,Male,0,No,Yes,13,Yes,Yes,DSL,Yes,No,No,No,Yes,Yes,Two year,Yes,Mailed check,46.15,613.78,0,No
1264-EJTFP,Female,0,No,No,72,Yes,No,DSL,No,No,No,Yes,No,Yes,Month-to-month,Yes,Bank transfer (automatic),55.95,4024.94,3,No
1265-XCJKK,Male,0,Yes,No,3,Yes,No,Fiber optic,No,Yes,Yes,No,No,No,Two year,No,Credit card (automatic),62.43,171.77,0,No
1266-QDDQI,Female,0,No,No,14,Yes,Yes,Fiber optic,No,No,Yes,No,Yes,Yes,Two year,Yes,Bank transfer (automatic),69.51,970.99,1,No
1267-SEVXF,Female,0,No,No,21,Yes,Yes,Fiber optic,Yes,Yes,No,No,Yes,Yes,One year,Yes,Electronic check,77.77,1672.43,2,No
1268-CVATV,Male,0,Yes,No,33,Yes,No,No,No internet service,No internet service,No internet service,No internet service,No internet service,No internet service,Two year,No,Electronic check,19.22,654.47,1,No
1269-PWKMJ,Female,0,No,Yes,11,Yes,Yes,No,No internet service,No internet service,No internet service,No internet service,No internet service,No internet service,One year,Yes,Credit card (automatic),20.37,203.39,0,No
1270-CILWN,Male,0,No,No,72,Yes,No,DSL,Yes,No,Yes,No,No,Yes,Two year,Yes,Mailed check,57.05,4080.62,3,No
1271-ARQII,Female,0,No,No,72,Yes,Yes,Fiber optic,No,No,Yes,No,Yes,No,Two year,Yes,Electronic check,105.23,7602.9,1,No
1272-WJSOE,Male,0,Yes,Yes,51,Yes,Yes,Fiber optic,No,Yes,No,No,No,No,Month-to-month,No,Credit card (automatic),57.6,2927.19,0,No
1273-OTWYB,Female,0,No,Yes,3,Yes,Yes,No,No internet service,No internet service,No internet service,No internet service,No internet service,No internet service,Two year,No,Credit card (automatic),19.06,146.6,3,No
1274-MXPOY,Female,1,No,No,2,Yes,No,No,No internet service,No internet service,No internet service,No internet service,No internet service,No internet service,Two year,No,Mailed check,40.26,73.4,1,No
1275-JNJYN,Male,0,No,Yes,22,Yes,Yes,Fiber optic,No,No,No,No,No,No,Month-to-month,No,Credit card (automatic),71.07,1522.55,2,Yes
1276-ZWIYN,Female,0,No,Yes,46,Yes,No,Fiber optic,No,No,Yes,Yes,Yes,No,Month-to-month,No,Electronic check,62.35,2921.01,3,No
1277-CTPBJ,Male,0,No,No,4,Yes,Yes,DSL,No,No,No,No,No,No,Two year,Yes,Credit card (automatic),50.8,249.23,0,No
1278-CKKUU,Male,0,Yes,No,32,Yes,No,DSL,No,Yes,No,No,No,Yes,Month-to-month,No,Credit card (automatic),44.11,1406.38,4,No
1279-VMGWQ,Female,0,No,No,24,Yes,Yes,Fiber optic,Yes,Yes,No,No,No,Yes,Two year,Yes,Electronic check,57.08,1386.57,1,No
1280-BLYJR,Male,0,Yes,No,41,Yes,No,DSL,No,No,Yes,Yes,No,No,One year,No,Credit card (automatic),40.88,1747.5,2,No
1281-VKPQS,Male,1,Yes,No,18,Yes,No,DSL,Yes,No,No,No,No,Yes,Month-to-month,Yes,Bank transfer (automatic),52.67,964.97,2,Yes
1282-RCUZP,Male,0,Yes,No,37,Yes,Yes,No,No internet service,No internet service,No internet service,No internet service,No internet service,No internet service,Month-to-month,No,Credit card (automatic),18.0,662.8,4,No
1283-FYLKO,Male,0,No,No,5,Yes,No,No,No internet service,No internet service,No internet service,No internet service,No internet service,No internet service,Two year,Yes,Electronic check,24.63,160.28,2,No
1284-OPJLM,Male,0,Yes,No,7,Yes,Yes,DSL,No,Yes,Yes,No,Yes,Yes,Month-to-month,Yes,Credit card (automatic),67.89,482.67,0,No
1285-DGVBZ,Male,0,Yes,No,72,Yes,No,No,No internet service,No internet service,No internet service,No internet service,No internet service,No internet service,Month-to-month,No,Credit card (automatic),18.0,1263.97,4,No
1286-OHGOW,Female,0,Yes,No,12,Yes,No,No,No internet service,No internet service,No internet service,No internet service,No internet service,No internet service,Month-to-month,Yes,Mailed check,18.0,237.95,1,Yes
1287-NHLMK,Male,0,No,No,72,Yes,Yes,Fiber optic,No,No,Yes,No,No,Yes,Month-to-month,Yes,Bank transfer (automatic),74.63,5340.8,1,No
1288-QQXDU,Male,0,No,No,1,Yes,Yes,Fiber optic,No,No,Yes,No,No,Yes,Month-to-month,Yes,Mailed check,73.37,127.22,2,Yes
1289-HEZPD,Female,0,Yes,No,21,Yes,Yes,No,No internet service,No internet service,No internet service,No internet service,No internet service,No internet service,Month-to-month,Yes,Electronic check,24.89,514.86,4,Yes
1290-VOLEW,Male,0,No,No,12,No,No phone service,DSL,No,Yes,No,No,No,Yes,Two year,Yes,Electronic check,43.57,416.2,0,No
1291-PNJGM,Male,0,Yes,No,72,No,No phone service,No,No internet service,No internet service,No internet service,No internet service,No internet service,No internet service,One year,No,Credit card (automatic),26.04,1881.22,3,No
1292-TECOD,Male,0,Yes,Yes,72,Yes,Yes,DSL,Yes,No,No,No,No,No,Month-to-month,Yes,Electronic check,40.96,2970.92,3,No
1293-ONTSM,Female,0,Yes,No,8,Yes,Yes,Fiber optic,No,No,Yes,No,Yes,No,Two year,Yes,Mailed check,64.62,605.21,0,No
1294-JUEWT,Female,0,Yes,No,9,No,No phone service,DSL,No,Yes,No,No,No,No,One year,No,Mailed check,43.14,338.38,1,No
1295-TYFDB,Male,0,No,No,44,Yes,Yes,Fiber optic,No,Yes,No,No,No,No,Month-to-month,No,Electronic check,83.84,3695.87,3,Yes
1296-VPREV,Male,1,Yes,No,70,Yes,Yes,No,No internet service,No internet service,No internet service,No internet service,No internet service,No internet service,One year,No,Credit card (automatic),18.0,1213.49,2,No
1297-DMSWB,Female,0,No,No,34,Yes,Yes,DSL,Yes,Yes,No,Yes,No,No,Month-to-month,No,Bank transfer (automatic),60.75,2027.53,0,No
1298-MKVDV,Male,0,No,No,64,Yes,No,Fiber optic,Yes,No,No,No,No,No,One year,No,Electronic check,55.0,3397.82,3,No
1299-TTODI,Female,0,Yes,No,2,Yes,No,No,No internet service,No internet service,No internet service,No internet service,No internet service,No internet service,Month-to-month,No,Credit card (automatic),31.54,37.86,0,No
1300-GSSFF,Male,0,Yes,No,32,No,No phone service,No,No internet service,No internet service,No internet service,No internet service,No internet service,No internet service,One year,No,Credit card (automatic),31.99,1015.12,0,No
1301-TOOYT,Male,0,No,No,38,Yes,No,No,No internet service,No internet service,No internet service,No internet service,No internet service,No internet service,Two year,Yes,Bank transfer (automatic),19.09,779.26,6,No
1302-IDRRE,Female,0,Yes,No,6,No,No phone service,Fiber optic,No,No,No,Yes,No,Yes,Month-to-month,Yes,Bank transfer (automatic),89.78,630.38,1,Yes
1303-TWKEV,Male,1,Yes,No,48,Yes,No,Fiber optic,No,Yes,No,No,No,Yes,Month-to-month,Yes,Electronic check,69.88,3317.62,0,Yes
1304-ZDLBM,Female,0,Yes,No,72,Yes,No,Fiber optic,No,No,Yes,No,No,Yes,One year,No,Mailed check,76.45,5511.42,1,No
1305-JIJGD,Female,0,No,No,72,Yes,Yes,Fiber optic,No,No,No,No,Yes,Yes,Month-to-month,Yes,Electronic check,59.92,4279.01,1,No
1306-SJCYU,Male,0,No,Yes,8,Yes,No,DSL,No,Yes,Yes,Yes,Yes,No,Two year,Yes,Bank transfer (automatic),47.4,436.6,1,No
1307-SUBTJ,Male,0,Yes,No,12,Yes,No,DSL,Yes,Yes,Yes,No,Yes,Yes,One year,No,Credit card (automatic),36.48,444.34,1,No
1308-BBXQP,Female,0,Yes,No,22,Yes,No,DSL,No,No,No,No,Yes,No,Month-to-month,Yes,Electronic check,22.05,509.52,3,Yes
1309-PNGUK,Female,1,Yes,No,5,Yes,Yes,Fiber optic,Yes,Yes,No,No,Yes,No,One year,No,Electronic check,82.33,453.73,2,No
1310-XAKWU,Male,0,Yes,No,72,No,No phone service,DSL,No,No,Yes,Yes,Yes,No,Two year,No,Credit card (automatic),48.0,3543.73,2,No
1311-DGZOR,Male,0,No,Yes,5,Yes,No,DSL,Yes,No,No,No,Yes,No,Two year,Yes,Mailed check,57.21,185.89,1,No
1312-LQAKA,Male,0,No,Yes,45,Yes,Yes,DSL,No,Yes,No,No,No,No,Two year,Yes,Credit card (automatic),45.74,2028.48,4,No
1313-OUJGB,Male,1,Yes,No,13,Yes,No,Fiber optic,No,No,No,No,No,No,Month-to-month,No,Mailed check,53.21,710.37,4,Yes
1314-JXDLS,Female,1,Yes,Yes,27,Yes,Yes,No,No internet service,No internet service,No internet service,No internet service,No internet service,No internet service,Month-to-month,No,Electronic check,24.08,596.2,2,Yes
1315-ZKHRK,Female,0,Yes,Yes,1,Yes,No,Fiber optic,Yes,Yes,No,No,No,Yes,Two year,Yes,Mailed check,73.38,111.0,4,No
1316-KMCLC,Male,0,Yes,No,7,Yes,No,Fiber optic,Yes,No,No,No,Yes,No,One year,No,Electronic check,64.87,422.0,1,No
1317-JQVBQ,Female,0,No,No,18,Yes,No,DSL,No,No,Yes,No,Yes,No,Two year,Yes,Mailed check,42.68,769.75,0,No
1318-PBVTF,Male,1,Yes,Yes,36,Yes,Yes,Fiber optic,No,Yes,No,No,Yes,Yes,Month-to-month,No,Credit card (automatic),74.8,2751.32,2,No
1319-YJJHA,Female,0,Yes,Yes,48,Yes,No,Fiber optic,Yes,No,Yes,No,No,No,One year,No,Mailed check,66.97,3134.01,2,No
1320-MXIVJ,Female,0,Yes,Yes,1,Yes,Yes,DSL,Yes,No,Yes,No,No,No,Month-to-month,Yes,Bank transfer (automatic),47.61, ,4,No
1321-OEVPM,Male,1,No,Yes,5,Yes,Yes,No,No internet service,No internet service,No internet service,No internet service,No internet service,No internet service,One year,No,Bank transfer (automatic),20.92,18.0,2,No
1322-VYTRK,Male,0,No,Yes,41,Yes,No,No,No internet service,No internet service,No internet service,No internet service,No internet service,No internet service,One year,Yes,Electronic check,18.83,800.19,3,No
1323-IPBZY,Male,0,Yes,No,53,Yes,No,No,No internet service,No internet service,No internet service,No internet service,No internet service,No internet service,One year,Yes,Electronic check,18.0,968.24,3,No
1324-BLHIL,Male,0,Yes,No,8,No,No phone service,Fiber optic,No,Yes,Yes,Yes,Yes,No,Month-to-month,No,Electronic check,52.78,376.13,2,Yes
1325-ZIJYB,Female,0,Yes,No,8,Yes,No,No,No internet service,No internet service,No internet service,No internet service,No internet service,No internet service,Two year,No,Bank transfer (automatic),18.0,191.58,0,No
1326-PTGBA,Female,0,No,No,2,Yes,No,DSL,Yes,Yes,No,Yes,Yes,Yes,Month-to-month,No,Electronic check,42.2,18.0,1,No
1327-SDXVB,Male,0,No,No,5,Yes,No,Fiber optic,No,No,No,No,No,No,Two year,No,Bank transfer (automatic),53.57,318.62,3,No
1328-YNBOL,Female,0,No,Yes,1,Yes,Yes,No,No internet service,No internet service,No internet service,No internet service,No internet service,No internet service,Month-to-month,Yes,Electronic check,18.0,18.0,2,No
1329-ETGXU,Female,0,Yes,Yes,28,Yes,Yes,DSL,No,No,No,No,Yes,Yes,Month-to-month,Yes,Electronic check,50.49,1367.46,1,No
1330-JNNER,Male,0,No,No,72,Yes,Yes,DSL,No,No,No,No,No,Yes,Month-to-month,No,Electronic check,38.66,2825.24,2,Yes
1331-XNBZL,Male,1,Yes,No,5,Yes,No,DSL,No,No,No,No,No,Yes,One year,Yes,Mailed check,51.46,245.86,3,Yes
1332-VXFDM,Male,0,No,Yes,44,Yes,No,No,No internet service,No internet service,No internet service,No internet service,No internet service,No internet service,Month-to-month,No,Credit card (automatic),28.46,1218.66,3,No
1333-DVNPD,Female,0,No,Yes,27,Yes,No,Fiber optic,No,No,No,Yes,No,No,Two year,Yes,Electronic check,52.54,1441.36,1,No
1334-XYAMD,Male,0,No,No,72,Yes,No,Fiber optic,No,No,No,Yes,No,No,Month-to-month,Yes,Credit card (automatic),90.02,6488.1,0,No
1335-TRFCW,Male,0,Yes,No,51,Yes,Yes,Fiber optic,No,No,Yes,No,No,Yes,Month-to-month,Yes,Credit card (automatic),67.51,3491.05,0,No
1336-MPEDU,Female,1,Yes,No,61,Yes,No,No,No internet service,No internet service,No internet service,No internet service,No internet service,No internet service,Month-to-month,Yes,Electronic check,18.0,1033.64,2,Yes
1337-HSNGN,Female,0,Yes,No,32,Yes,No,No,No internet service,No internet service,No internet service,No internet service,No internet service,No internet service,Month-to-month,No,Credit card (automatic),29.7,950.52,1,No
1338-FLPQM,Female,0,Yes,Yes,53,Yes,Yes,DSL,No,No,Yes,No,Yes,Yes,One year,Yes,Credit card (automatic),45.62,2494.3,1,No
1339-WNGNO,Female,1,No,Yes,13,Yes,Yes,Fiber optic,No,No,No,No,No,Yes,Two year,Yes,Bank transfer (automatic),45.8,675.19,1,No
1340-LQIVO,Male,0,Yes,No,7,Yes,No,No,No internet service,No internet service,No internet service,No internet service,No internet service,No internet service,Two year,Yes,Credit card (automatic),18.0,164.42,0,No
1341-LBEMT,Female,0,No,No,72,Yes,Yes,Fiber optic,Yes,Yes,No,No,Yes,No,Month-to-month,Yes,Electronic check,63.7,4575.35,2,No
1342-WHNOK,Male,1,No,Yes,42,Yes,No,Fiber optic,No,No,Yes,Yes,No,No,Two year,No,Electronic check,80.43,3471.51,1,No
1343-AUCQS,Male,0,Yes,No,3,Yes,Yes,No,No internet service,No internet service,No internet service,No internet service,No internet service,No internet service,Two year,No,Electronic check,18.0,18.0,2,No
1344-NVWHM,Female,0,Yes,No,64,Yes,No,Fiber optic,No,No,No,Yes,No,No,Month-to-month,Yes,Bank transfer (automatic),64.8,4129.42,2,No
1345-TCEIF,Male,0,No,Yes,13,Yes,No,Fiber optic,Yes,Yes,Yes,Yes,No,Yes,Two year,Yes,Bank transfer (automatic),74.28,977.12,1,No
1346-YVBME,Male,1,No,No,11,Yes,No,Fiber optic,Yes,No,No,Yes,Yes,Yes,Month-to-month,Yes,Credit card (automatic),66.74,723.15,4,Yes
1347-YHWAT,Female,0,Yes,No,31,No,No phone service,No,No internet service,No internet service,No internet service,No internet service,No internet service,No internet service,Month-to-month,No,Electronic check,18.0,571.05,1,No
1348-LWKGO,Female,0,Yes,No,26,Yes,No,DSL,No,Yes,No,Yes,No,Yes,Two year,Yes,Mailed check,57.64,1510.53,2,No
1349-VXKVZ,Female,1,No,No,24,Yes,No,DSL,No,No,Yes,Yes,Yes,No,Two year,Yes,Electronic check,47.64,1140.82,3,No
1350-PCTNC,Male,0,No,Yes,9,Yes,No,No,No internet service,No internet service,No internet service,No internet service,No internet service,No internet service,Month-to-month,Yes,Credit card (automatic),18.0,170.49,2,No
1351-AZUOA,Male,0,No,No,72,Yes,No,Fiber optic,No,Yes,Yes,Yes,No,No,One year,Yes,Mailed check,84.48,6123.3,3,No
1352-QBTFH,Female,0,No,No,72,Yes,No,Fiber optic,No,No,No,No,Yes,Yes,Month-to-month,No,Mailed check,86.79,6243.51,1,No
1353-PSACC,Female,0,No,Yes,1,Yes,No,Fiber optic,Yes,No,No,No,No,No,Two year,Yes,Mailed check,76.76,97.25,1,Yes
1354-ELLTM,Female,0,Yes,No,13,No,No phone service,Fiber optic,Yes,Yes,No,No,No,No,Two year,No,Mailed check,77.03,939.13,3,No
1355-TIGDS,Female,1,No,Yes,1,Yes,No,Fiber optic,No,No,No,No,No,Yes,Month-to-month,Yes,Electronic check,78.36,133.27,1,Yes
1356-VSFMK,Female,0,No,Yes,60,Yes,No,Fiber optic,No,No,Yes,Yes,No,Yes,One year,Yes,Bank transfer (automatic),68.74,4165.51,2,No
1357-MMYVT,Female,0,Yes,No,69,Yes,No,Fiber optic,No,No,Yes,No,No,No,Two year,No,Mailed check,83.01,5702.97,0,No
1358-OUMVK,Female,0,No,Yes,23,Yes,Yes,Fiber optic,No,No,No,Yes,No,No,Two year,Yes,Bank transfer (automatic),66.77,1571.2,1,No
1359-SHTHJ,Male,0,Yes,No,58,Yes,No,DSL,No,No,No,Yes,No,No,Two year,No,Bank transfer (automatic),42.17,2478.28,1,No
1360-ZPSZW,Female,0,Yes,No,38,Yes,Yes,Fiber optic,No,No,No,Yes,Yes,Yes,Month-to-month,No,Bank transfer (automatic),57.19,2180.59,1,No
1361-KMITX,Female,0,No,Yes,22,No,No phone service,Fiber optic,No,No,Yes,No,No,No,Two year,No,Electronic check,59.3,1314.56,0,No
1362-SPGSL,Female,0,Yes,No,14,Yes,No,Fiber optic,No,No,No,No,No,Yes,Month-to-month,No,Credit card (automatic),64.88,951.59,2,No
1363-OWNKZ,Female,1,Yes,No,9,Yes,No,No,No internet service,No internet service,No internet service,No internet service,No internet service,No internet service,Month-to-month,No,Bank transfer (automatic),18.0,172.92,1,Yes
1364-JKFBK,Male,0,No,No,9,Yes,Yes,DSL,No,No,Yes,No,Yes,Yes,One year,No,Bank transfer (automatic),42.23,292.6,0,No
1365-SFNTF,Female,0,Yes,No,26,Yes,Yes,Fiber optic,No,No,No,No,Yes,No,Two year,Yes,Electronic check,90.23,2414.47,2,No
1366-QJACH,Male,0,No,No,5,Yes,No,DSL,No,No,Yes,No,No,No,Two year,Yes,Electronic check,42.01,155.64,0,No
1367-HTVOX,Male,0,Yes,Yes,6,Yes,No,Fiber optic,Yes,No,No,Yes,No,No,Two year,Yes,Credit card (automatic),71.82,374.58,1,No
1368-GKGDY,Male,1,Yes,Yes,1,Yes,Yes,Fiber optic,Yes,Yes,Yes,No,No,Yes,Month-to-month,No,Mailed check,52.38,65.49,4,No
1369-LZFNL,Female,0,Yes,No,30,Yes,Yes,Fiber optic,Yes,No,No,No,Yes,Yes,Month-to-month,Yes,Credit card (automatic),62.27,1895.52,0,Yes
1370-KSUEN,Female,0,No,Yes,72,Yes,Yes,DSL,No,Yes,No,Yes,No,No,Two year,Yes,Credit card (automatic),33.21,2385.05,1,No
1371-UXPYM,Male,0,No,No,70,Yes,No,No,No internet service,No internet service,No internet service,No internet service,No internet service,No internet service,One year,Yes,Electronic check,31.36,2175.6,2,No
1372-YVVYT,Male,0,No,No,39,Yes,No,Fiber optic,No,No,No,No,Yes,No,Month-to-month,No,Bank transfer (automatic),73.32,2927.6,5,Yes
1373-VDKQG,Female,0,No,Yes,49,Yes,No,Fiber optic,No,No,No,Yes,No,No,Month-to-month,No,Mailed check,63.46,3106.62,2,Yes
1374-NZKVI,Male,0,Yes,Yes,17,Yes,No,Fiber optic,Yes,Yes,No,No,No,No,Two year,Yes,Mailed check,81.42,1440.23,0,No
1375-WMWRK,Male,0,No,Yes,11,Yes,No,Fiber optic,No,No,No,No,No,No,Month-to-month,Yes,Bank transfer (automatic),76.19,905.58,1,Yes
1376-OYZYV,Female,0,Yes,No,14,Yes,Yes,No,No internet service,No internet service,No internet service,No internet service,No internet service,No internet service,Two year,Yes,Bank transfer (automatic),33.81,471.13,0,No
1377-SADNN,Female,0,Yes,No,2,Yes,No,Fiber optic,No,No,No,No,No,No,One year,No,Mailed check,72.81,42.47,1,No
1378-CQCPN,Male,0,No,Yes,32,Yes,No,Fiber optic,No,No,No,No,No,No,Month-to-month,Yes,Bank transfer (automatic),89.5,2954.96,2,Yes
1379-TMONX,Male,0,Yes,Yes,6,Yes,No,No,No internet service,No internet service,No internet service,No internet service,No internet service,No internet service,One year,Yes,Credit card (automatic),18.0,130.6,6,No
1380-YSFJO,Female,0,No,No,46,No,No phone service,DSL,No,Yes,No,No,No,Yes,Month-to-month,Yes,Mailed check,47.49,2182.25,2,No
1381-UVTZF,Female,0,Yes,Yes,6,Yes,No,Fiber optic,No,No,Yes,No,Yes,No,Month-to-month,Yes,Mailed check,73.53,436.68,3,Yes
1382-WYJGV,Female,0,No,No,8,Yes,Yes,Fiber optic,No,Yes,No,Yes,No,No,One year,Yes,Bank transfer (automatic),60.55,479.73,3,No
1383-QRQIJ,Male,0,Yes,No,72,Yes,Yes,DSL,No,No,Yes,Yes,Yes,No,Month-to-month,Yes,Electronic check,49.04,3487.39,3,No
1384-JYGPR,Female,0,No,No,3,Yes,No,No,No internet service,No internet service,No internet service,No internet service,No internet service,No internet service,Month-to-month,No,Electronic check,18.0,100.01,1,No
1385-FTAAL,Male,0,Yes,No,22,Yes,Yes,DSL,No,Yes,No,No,Yes,No,One year,No,Electronic check,32.44,790.59,0,No
1386-UBDQD,Male,1,No,No,2,Yes,Yes,Fiber optic,No,No,No,No,No,Yes,Month-to-month,Yes,Bank transfer (automatic),86.22,93.32,1,Yes
1387-KVZDA,Female,1,No,No,3,Yes,Yes,DSL,No,Yes,Yes,No,Yes,No,Month-to-month,No,Mailed check,45.03,100.08,0,No
1388-GRICH,Female,0,No,Yes,32,Yes,No,No,No internet service,No internet service,No internet service,No internet service,No internet service,No internet service,Month-to-month,No,Electronic check,18.0,623.01,4,Yes
1389-XSDRT,Female,0,No,No,31,Yes,Yes,DSL,No,Yes,Yes,No,No,No,Month-to-month,Yes,Bank transfer (automatic),40.41,1259.61,3,No
1390-KNYRP,Female,0,No,No,6,Yes,Yes,DSL,No,No,No,No,No,No,Month-to-month,Yes,Credit card (automatic),29.14,238.5,5,No
1391-CODEQ,Male,0,No,Yes,65,Yes,No,DSL,No,No,No,No,Yes,No,Month-to-month,Yes,Credit card (automatic),63.35,4169.03,1,Yes
1392-GPNZP,Male,0,No,Yes,38,Yes,No,Fiber optic,Yes,No,No,Yes,Yes,Yes,Month-to-month,Yes,Mailed check,57.33,2233.6,2,Yes
1393-GIDVK,Male,0,Yes,Yes,11,Yes,Yes,Fiber optic,No,No,No,No,Yes,No,One year,Yes,Credit card (automatic),68.42,771.02,0,Yes
1394-BLLDR,Male,0,No,Yes,9,Yes,No,DSL,Yes,No,No,No,No,No,One year,Yes,Mailed check,47.11,463.71,1,No
1395-ZUGAZ,Female,1,No,No,44,Yes,Yes,DSL,Yes,Yes,Yes,Yes,Yes,No,Month-to-month,Yes,Bank transfer (automatic),44.4,1975.73,2,No
1396-ZWZMF,Male,1,No,Yes,42,Yes,No,DSL,No,No,No,Yes,No,No,Month-to-month,No,Bank transfer (automatic),30.67,1344.39,1,No
1397-FLHXV,Female,0,Yes,No,5,Yes,No,Fiber optic,Yes,No,Yes,No,Yes,No,Month-to-month,No,Bank transfer (automatic),87.58,446.52,0,Yes
1398-SEREY,Female,0,No,No,13,Yes,Yes,DSL,Yes,No,Yes,Yes,Yes,No,Month-to-month,No,Credit card (automatic),29.55,435.11,1,No
1399-JAJEL,Male,0,Yes,No,7,Yes,No,Fiber optic,No,No,Yes,No,Yes,Yes,Month-to-month,No,Mailed check,66.99,405.35,3,Yes
1400-VGIVU,Male,0,No,No,11,No,No phone service,DSL,No,No,Yes,Yes,Yes,No,Month-to-month,No,Mailed check,41.53,516.25,4,Yes
1401-LWAKU,Male,0,Yes,No,10,Yes,No,No,No internet service,No internet service,No internet service,No internet service,No internet service,No internet service,Month-to-month,No,Mailed check,29.96,313.94,0,No
1402-OBTGU,Male,0,No,Yes,72,Yes,No,DSL,No,No,No,No,Yes,No,Month-to-month,No,Credit card (automatic),40.7,2939.59,0,No
1403-LVRCG,Male,0,No,Yes,44,Yes,Yes,Fiber optic,No,No,No,No,No,No,Month-to-month,No,Bank transfer (automatic),71.5,3191.2,0,No
1404-KRLFE,Female,0,Yes,Yes,48,Yes,Yes,No,No internet service,No internet service,No internet service,No internet service,No internet service,No internet service,Month-to-month,Yes,Electronic check,37.3,1787.55,1,No
1405-ZALZK,Female,0,No,No,10,No,No phone service,No,No internet service,No internet service,No internet service,No internet service,No internet service,No internet service,Month-to-month,Yes,Electronic check,18.0,231.53,0,Yes
1406-DRDQB,Male,1,Yes,Yes,1,Yes,No,Fiber optic,Yes,No,No,No,No,No,Two year,Yes,Bank transfer (automatic),63.1,18.0,0,No
1407-XVBLF,Male,0,No,No,1,Yes,No,Fiber optic,No,Yes,No,No,No,Yes,Two year,No,Electronic check,80.75,55.88,1,No
1408-JYWYU,Male,0,No,No,25,Yes,Yes,DSL,No,No,No,No,No,Yes,Two year,Yes,Mailed check,42.8,1035.84,2,No
1409-WPNGS,Male,0,Yes,Yes,10,Yes,Yes,DSL,No,No,Yes,No,Yes,No,One year,No,Electronic check,66.31,625.45,2,No
1410-WQIZM,Male,0,No,No,6,Yes,No,No,No internet service,No internet service,No internet service,No internet service,No internet service,No internet service,Month-to-month,No,Credit card (automatic),18.0,132.29,0,No
1411-VEWEJ,Male,1,No,No,1,Yes,Yes,Fiber optic,No,Yes,No,No,No,Yes,Month-to-month,Yes,Electronic check,43.59,18.0,1,Yes
1412-UJGZO,Female,0,Yes,No,66,Yes,Yes,Fiber optic,Yes,No,Yes,No,No,No,Month-to-month,Yes,Credit card (automatic),67.15,4370.47,0,No
1413-GOCSJ,Female,0,No,No,29,Yes,No,Fiber optic,No,No,No,No,No,No,Month-to-month,No,Electronic check,77.14,2205.51,0,Yes
1414-OCFLO,Male,0,No,Yes,3,Yes,Yes,No,No internet service,No internet service,No internet service,No internet service,No internet service,No internet service,Month-to-month,Yes,Bank transfer (automatic),20.73,65.78,3,Yes
1415-FMSCH,Male,1,Yes,Yes,46,No,No phone service,Fiber optic,No,No,No,No,No,No,Month-to-month,Yes,Mailed check,70.25,3272.54,1,Yes
1416-HWZTO,Female,0,Yes,Yes,45,Yes,No,DSL,No,No,No,No,No,No,Two year,Yes,Bank transfer (automatic),57.31,2598.62,1,No
1417-DSUCM,Male,0,No,Yes,10,Yes,Yes,Fiber optic,No,No,No,No,Yes,Yes,Month-to-month,No,Electronic check,59.5,634.56,2,No
1418-HWPMC,Male,0,Yes,No,6,Yes,No,DSL,Yes,Yes,Yes,No,No,No,Month-to-month,Yes,Mailed check,40.38,210.23,1,No
1419-PINMU,Male,0,Yes,No,53,Yes,Yes,Fiber optic,No,Yes,No,Yes,No,Yes,Month-to-month,No,Electronic check,75.31,3949.66,1,No
1420-YGOGF,Female,0,Yes,Yes,12,Yes,No,No,No internet service,No internet service,No internet service,No internet service,No internet service,No internet service,Month-to-month,Yes,Bank transfer (automatic),19.61,226.49,1,No
1421-BIVXQ,Male,0,No,Yes,60,Yes,No,No,No internet service,No internet service,No internet service,No internet service,No internet service,No internet service,One year,Yes,Electronic check,29.61,1781.51,1,No
1422-ELAJK,Female,0,No,No,1,Yes,No,DSL,No,No,Yes,No,No,No,One year,No,Credit card (automatic),44.13,18.0,3,No
1423-PNHXQ,Male,0,Yes,Yes,22,No,No phone service,DSL,No,No,Yes,Yes,No,Yes,Month-to-month,Yes,Mailed check,61.68,1219.04,3,No
1424-YRLYQ,Male,0,No,No,6,Yes,No,Fiber optic,No,No,No,No,Yes,Yes,One year,Yes,Bank transfer (automatic),69.01,297.25,0,No
1425-ZNPNI,Female,1,No,Yes,35,Yes,No,Fiber optic,No,Yes,Yes,Yes,Yes,No,Two year,Yes,Electronic check,80.74,2835.77,0,Yes
1426-DYWKF,Male,0,No,No,72,Yes,No,DSL,No,No,Yes,No,No,Yes,Month-to-month,No,Credit card (automatic),40.99,2996.87,4,No
1427-OEKYR,Female,0,No,No,17,Yes,No,Fiber optic,Yes,No,No,No,No,No,Month-to-month,Yes,Electronic check,76.41,1245.25,0,Yes
1428-MKNRY,Female,0,No,No,3,Yes,Yes,DSL,No,No,No,No,No,No,Month-to-month,Yes,Electronic check,43.5,127.37,0,Yes
1429-SXOIH,Male,0,Yes,Yes,12,Yes,Yes,Fiber optic,No,No,No,No,Yes,Yes,Month-to-month,Yes,Bank transfer (automatic),66.93,887.69,2,Yes
1430-TADNY,Female,0,Yes,No,71,Yes,No,No,No internet service,No internet service,No internet service,No internet service,No internet service,No internet service,Two year,Yes,Mailed check,29.91,2162.17,1,No
1431-BPCZH,Female,0,Yes,No,46,Yes,No,Fiber optic,No,No,No,No,No,Yes,Month-to-month,Yes,Electronic check,73.19,3362.24,2,Yes
1432-FPXPG,Male,1,No,No,8,Yes,Yes,DSL,Yes,Yes,Yes,No,No,Yes,Month-to-month,Yes,Mailed check,41.42,341.58,0,No
1433-MMEYT,Male,0,No,No,72,Yes,Yes,No,No internet service,No internet service,No internet service,No internet service,No internet service,No internet service,Two year,No,Electronic check,18.06,1310.86,0,No
1434-VRORB,Male,0,Yes,No,31,Yes,No,Fiber optic,Yes,No,No,Yes,No,No,Month-to-month,Yes,Mailed check,77.33,2395.35,1,No
1435-JWMRO,Female,0,Yes,No,5,Yes,Yes,Fiber optic,No,No,No,Yes,No,Yes,Month-to-month,No,Credit card (automatic),68.86,271.49,2,No
1436-LOMRO,Male,0,No,Yes,27,Yes,No,DSL,No,Yes,No,No,Yes,Yes,One year,Yes,Electronic check,26.56,710.57,1,No
1437-YWKSC,Male,0,Yes,No,19,Yes,No,DSL,No,No,No,No,No,No,Two year,No,Bank transfer (automatic),38.23,713.53,2,Yes
1438-GUZNN,Male,0,Yes,No,54,Yes,No,DSL,No,No,Yes,No,Yes,No,One year,Yes,Mailed check,37.66,2045.17,2,No
1439-VMLXI,Male,0,Yes,Yes,13,Yes,Yes,No,No internet service,No internet service,No internet service,No internet service,No internet service,No internet service,Month-to-month,Yes,Bank transfer (automatic),37.11,503.47,0,No
1440-ASKWV,Female,1,No,No,66,Yes,No,Fiber optic,No,No,No,No,No,Yes,Two year,Yes,Mailed check,63.06,4138.89,3,No
1441-WXVSR,Male,0,Yes,No,53,Yes,Yes,Fiber optic,Yes,Yes,No,No,Yes,No,One year,Yes,Bank transfer (automatic),73.63,3935.71,1,No
1442-LWAST,Male,0,No,No,35,Yes,No,No,No internet service,No internet service,No internet service,No internet service,No internet service,No internet service,Two year,Yes,Mailed check,18.0,661.94,1,No
1443-QEZCB,Male,1,Yes,No,9,Yes,Yes,No,No internet service,No internet service,No internet service,No internet service,No internet service,No internet service,Month-to-month,No,Bank transfer (automatic),19.17,206.11,0,No
1444-CHPFM,Male,0,No,Yes,72,Yes,Yes,Fiber optic,Yes,No,No,Yes,No,No,Month-to-month,No,Mailed check,80.4,5743.17,3,No
1445-WVVPP,Male,1,Yes,Yes,25,Yes,No,Fiber optic,No,No,No,No,No,No,Month-to-month,Yes,Bank transfer (automatic),77.9,2030.43,2,Yes
1446-CMNHL,Female,0,Yes,Yes,72,Yes,No,Fiber optic,No,No,No,Yes,Yes,No,Month-to-month,Yes,Mailed check,81.68,5825.64,3,Yes
1447-WWVUZ,Male,0,Yes,No,7,Yes,No,Fiber optic,No,No,Yes,No,Yes,Yes,Month-to-month,No,Electronic check,66.79,540.32,2,No
1448-HUYIA,Male,0,Yes,No,72,Yes,Yes,DSL,No,No,No,No,Yes,Yes,Month-to-month,Yes,Bank transfer (automatic),49.07,3559.28,1,No
1449-FWSWK,Female,0,No,No,54,No,No phone service,Fiber optic,Yes,Yes,No,Yes,No,Yes,Two year,Yes,Mailed check,55.42,3049.78,0,No
1450-KWMKR,Male,0,Yes,No,72,Yes,Yes,Fiber optic,Yes,No,No,No,Yes,Yes,Two year,Yes,Mailed check,75.26,5408.58,2,No
1451-WOAUY,Female,0,No,Yes,7,Yes,No,No,No internet service,No internet service,No internet service,No internet service,No internet service,No internet service,Month-to-month,No,Credit card (automatic),18.0,50.38,2,No
1452-GWMLR,Female,0,Yes,No,18,Yes,Yes,Fiber optic,No,No,No,Yes,No,No,Month-to-month,Yes,Electronic check,64.81,1124.81,0,No
1453-XSOHS,Female,1,Yes,No,3,Yes,No,Fiber optic,No,Yes,Yes,Yes,Yes,No,Month-to-month,Yes,Bank transfer (automatic),58.54,175.19,3,No
1454-JGRPT,Female,0,No,No,4,Yes,No,No,No internet service,No internet service,No internet service,No internet service,No internet service,No internet service,One year,No,Mailed check,28.61,133.31,0,No
1455-FIUMY,Male,0,Yes,No,10,Yes,No,DSL,No,No,No,No,Yes,Yes,One year,Yes,Electronic check,58.35,623.68,1,No
1456-UZHPM,Male,0,Yes,No,72,Yes,No,Fiber optic,No,No,Yes,No,No,No,One year,No,Credit card (automatic),50.49,3536.68,1,Yes
1457-MQWTE,Female,1,Yes,No,35,Yes,Yes,Fiber optic,Yes,Yes,No,No,No,No,Two year,No,Bank transfer (automatic),61.52,2156.54,3,No
1458-VUQIB,Female,0,No,No,12,Yes,Yes,DSL,No,No,Yes,No,Yes,No,Two year,No,Electronic check,40.46,551.22,1,No
1459-YZRIF,Female,1,No,No,72,Yes,Yes,Fiber optic,No,Yes,No,No,No,Yes,Two year,Yes,Bank transfer (automatic),35.42,2673.67,2,No
1460-KYFFM,Female,0,Yes,No,43,Yes,Yes,DSL,No,No,No,No,No,No,Month-to-month,No,Electronic check,53.64,2415.55,2,Yes
1461-KNBHC,Female,0,No,No,72,Yes,Yes,Fiber optic,No,No,No,Yes,Yes,No,Two year,No,Electronic check,66.03,4850.2,1,No
1462-WUCAX,Male,0,No,Yes,72,Yes,No,DSL,No,Yes,No,No,No,No,One year,No,Electronic check,27.5,1974.66,4,No
1463-SRQTX,Female,0,No,No,44,Yes,No,DSL,Yes,Yes,Yes,Yes,No,Yes,Month-to-month,No,Credit card (automatic),46.34,2058.95,2,No
1464-MCADY,Male,0,Yes,Yes,8,Yes,No,DSL,Yes,Yes,No,Yes,Yes,Yes,One year,No,Mailed check,26.32,265.43,2,No
1465-MQKBY,Female,0,No,Yes,72,Yes,No,Fiber optic,No,Yes,No,No,No,No,Month-to-month,Yes,Mailed check,64.63,4703.98,4,Yes
1466-PBSWS,Female,0,Yes,Yes,12,Yes,No,Fiber optic,No,No,Yes,No,No,No,Month-to-month,Yes,Bank transfer (automatic),80.75,939.29,2,Yes
1467-YPVSI,Male,1,Yes,No,35,Yes,Yes,DSL,No,Yes,Yes,No,Yes,Yes,Month-to-month,No,Electronic check,36.57,1267.51,0,No
1468-AJSAB,Female,0,Yes,Yes,59,Yes,No,DSL,No,No,No,No,No,No,One year,No,Credit card (automatic),50.91,2962.19,1,No
1469-PLHWR,Male,1,No,No,6,No,No phone service,No,No internet service,No internet service,No internet service,No internet service,No internet service,No internet service,Month-to-month,No,Mailed check,28.0,195.56,2,No
1470-BYMFU,Male,0,No,No,30,Yes,No,No,No internet service,No internet service,No internet service,No internet service,No internet service,No internet service,One year,No,Credit card (automatic),42.51,1316.61,0,No
1471-ZFIPK,Female,1,No,Yes,15,Yes,Yes,Fiber optic,Yes,No,No,No,No,No,Two year,Yes,Mailed check,75.29,1124.78,3,Yes
1472-GJJYT,Female,0,No,No,8,Yes,Yes,Fiber optic,No,No,Yes,No,Yes,Yes,One year,No,Credit card (automatic),72.39,597.12,4,No
1473-RXTIO,Male,0,No,Yes,1,No,No phone service,Fiber optic,No,No,No,Yes,No,No,Two year,No,Credit card (automatic),65.84,125.5,4,Yes
1474-DHIMI,Male,0,No,Yes,65,Yes,Yes,DSL,No,No,Yes,No,Yes,Yes,Month-to-month,Yes,Mailed check,33.07,2177.5,3,Yes
1475-ZDQPO,Female,0,Yes,No,4,Yes,No,No,No internet service,No internet service,No internet service,No internet service,No internet service,No internet service,Two year,Yes,Electronic check,18.0,18.0,2,No
1476-CYTEW,Male,0,Yes,No,67,Yes,No,Fiber optic,Yes,No,No,No,No,No,Two year,Yes,Electronic check,69.21,4641.12,3,No
1477-ETORO,Female,0,Yes,Yes,29,Yes,No,DSL,No,Yes,No,No,Yes,No,Month-to-month,Yes,Mailed check,46.54,1335.81,3,No
1478-BMDJM,Female,0,Yes,No,31,Yes,No,DSL,Yes,No,Yes,No,Yes,No,Month-to-month,No,Electronic check,50.74,1553.87,5,Yes
1479-JIHCP,Female,0,No,Yes,56,Yes,No,Fiber optic,No,Yes,Yes,No,No,No,Month-to-month,Yes,Bank transfer (automatic),75.01,4182.53,3,No
1480-NIUKC,Male,0,No,No,22,Yes,No,DSL,No,No,Yes,Yes,No,Yes,Month-to-month,No,Credit card (automatic),30.39,553.4,1,Yes
1481-EJMDX,Female,0,No,Yes,14,Yes,Yes,Fiber optic,No,No,No,No,No,Yes,One year,No,Credit card (automatic),67.25,1003.21,0,No
1482-MLEJX,Male,0,Yes,No,4,Yes,No,No,No internet service,No internet service,No internet service,No internet service,No internet service,No internet service,Month-to-month,Yes,Credit card (automatic),18.0,88.84,4,Yes
1483-ITGBV,Male,0,No,No,27,Yes,No,DSL,Yes,No,No,Yes,Yes,Yes,Two year,Yes,Electronic check,49.43,1416.52,0,No
1484-XWGHG,Female,0,Yes,No,25,Yes,No,Fiber optic,Yes,Yes,No,No,Yes,No,One year,No,Credit card (automatic),69.16,1652.94,1,No
1485-UWNZS,Male,0,No,No,11,No,No phone service,No,No internet service,No internet service,No internet service,No internet service,No internet service,No internet service,Month-to-month,No,Electronic check,18.0,166.06,1,No
1486-EWYRT,Male,0,Yes,No,29,Yes,No,DSL,No,Yes,Yes,No,No,Yes,Two year,Yes,Credit card (automatic),38.1,1073.19,0,No
1487-LWQMB,Male,0,No,No,18,Yes,No,DSL,No,Yes,No,No,Yes,Yes,One year,No,Electronic check,36.48,660.51,0,No
1488-YMZGJ,Male,0,No,No,52,Yes,Yes,No,No internet service,No internet service,No internet service,No internet service,No internet service,No internet service,One year,Yes,Credit card (automatic),18.0,913.53,1,No
1489-WFCZC,Male,0,No,Yes,26,Yes,No,DSL,No,Yes,No,Yes,Yes,No,Month-to-month,Yes,Mailed check,61.82,1631.87,3,Yes
1490-RKVTE,Female,0,Yes,No,72,No,No phone service,DSL,Yes,No,Yes,No,No,Yes,Month-to-month,Yes,Bank transfer (automatic),48.37,3624.03,0,No
1491-SVSOP,Female,0,Yes,Yes,23,Yes,Yes,No,No internet service,No internet service,No internet service,No internet service,No internet service,No internet service,Month-to-month,Yes,Electronic check,18.0,412.41,1,No
1492-XIDOY,Male,0,Yes,No,69,No,No phone service,DSL,No,No,No,No,No,No,Month-to-month,Yes,Electronic check,54.91,3825.41,3,No
1493-LWCWN,Female,0,Yes,No,23,Yes,No,DSL,Yes,No,Yes,Yes,Yes,No,Two year,No,Bank transfer (automatic),48.9,1099.93,2,No
1494-QSFDG,Female,0,No,No,26,Yes,No,DSL,Yes,No,No,Yes,Yes,Yes,One year,No,Mailed check,44.78,1224.01,0,No
1495-SQYPO,Female,1,No,Yes,14,No,No phone service,No,No internet service,No internet service,No internet service,No internet service,No internet service,No internet service,Month-to-month,No,Credit card (automatic),18.0,284.87,1,Yes
1496-VHSHR,Male,0,Yes,No,16,Yes,Yes,Fiber optic,No,Yes,No,No,No,Yes,One year,Yes,Bank transfer (automatic),62.27,1023.31,2,Yes
1497-PTSJQ,Male,0,No,Yes,72,Yes,Yes,Fiber optic,No,No,No,No,Yes,No,Two year,Yes,Bank transfer (automatic),85.66,6165.0,0,No
1498-MMGJB,Female,0,No,Yes,8,Yes,Yes,Fiber optic,No,Yes,Yes,No,No,Yes,Month-to-month,No,Bank transfer (automatic),74.07,643.64,2,Yes
1499-DYFXR,Female,0,Yes,Yes,4,Yes,Yes,DSL,No,No,Yes,No,Yes,No,Month-to-month,No,Mailed check,49.0,228.6,5,No
1500-WFYWQ,Female,0,No,Yes,56,Yes,Yes,No,No internet service,No internet service,No internet service,No internet service,No internet service,No internet service,Two year,Yes,Bank transfer (automatic),18.0,1078.68,0,No
1501-NXKZS,Male,0,No,No,27,Yes,No,Fiber optic,No,Yes,Yes,No,Yes,No,Month-to-month,Yes,Credit card (automatic),63.96,1678.75,3,No
1502-BCKFN,Male,0,No,No,10,Yes,Yes,DSL,Yes,Yes,No,Yes,No,No,One year,Yes,Bank transfer (automatic),46.54,476.32,1,No
1503-SZPUV,Female,1,No,Yes,18,Yes,Yes,No,No internet service,No internet service,No internet service,No internet service,No internet service,No internet service,Month-to-month,Yes,Electronic check,34.09,617.01,0,Yes
1504-XGHST,Male,1,Yes,No,23,Yes,No,No,No internet service,No internet service,No internet service,No internet service,No internet service,No internet service,Two year,Yes,Mailed check,32.01,720.43,4,No
1505-PVGIM,Male,0,Yes,No,28,Yes,No,Fiber optic,No,No,Yes,No,No,No,Month-to-month,Yes,Mailed check,77.45,2181.56,1,No
1506-AHXVD,Male,0,No,No,55,Yes,No,No,No internet service,No internet service,No internet service,No internet service,No internet service,No internet service,Two year,Yes,Mailed check,22.18,1256.49,4,No
1507-CCVMH,Female,0,Yes,No,16,Yes,Yes,DSL,Yes,No,No,No,No,Yes,Month-to-month,Yes,Electronic check,55.6,921.33,3,No
1508-GAPFG,Male,0,Yes,Yes,36,Yes,Yes,Fiber optic,Yes,No,Yes,No,No,Yes,Month-to-month,No,Mailed check,86.64,3138.7,2,No
1509-LWIKJ,Male,0,No,No,57,Yes,Yes,DSL,No,No,No,No,Yes,No,Month-to-month,Yes,Credit card (automatic),54.35,3055.48,2,No
1510-UARDE,Female,0,No,No,59,Yes,Yes,Fiber optic,Yes,No,No,No,No,No,Month-to-month,Yes,Electronic check,78.19,4632.16,4,Yes
1511-IQCPE,Female,1,No,No,9,Yes,Yes,No,No internet service,No internet service,No internet service,No internet service,No internet service,No internet service,Two year,No,Credit card (automatic),22.58,140.37,2,No
1512-PCTOC,Female,1,Yes,No,13,Yes,Yes,Fiber optic,No,Yes,Yes,No,Yes,No,Two year,Yes,Electronic check,67.92,896.41,3,Yes
1513-TNPQX,Male,0,Yes,No,28,Yes,Yes,Fiber optic,No,Yes,No,No,No,No,Month-to-month,No,Mailed check,65.79,1817.77,1,No
1514-TWRRV,Male,0,No,No,69,Yes,No,DSL,Yes,Yes,No,No,Yes,No,Month-to-month,Yes,Bank transfer (automatic),58.0,4058.71,1,No
1515-NROOF,Male,0,No,No,50,Yes,Yes,Fiber optic,Yes,No,Yes,Yes,No,Yes,Month-to-month,Yes,Credit card (automatic),69.77,3484.89,2,No
1516-ORDWH,Male,0,No,Yes,28,Yes,Yes,DSL,Yes,No,Yes,Yes,No,No,Month-to-month,No,Bank transfer (automatic),35.63,950.04,0,No
1517-OCOMI,Male,0,No,No,72,Yes,No,DSL,Yes,No,Yes,No,No,No,One year,Yes,Credit card (automatic),47.06,3423.2,2,No
1518-BXHTQ,Male,0,No,No,18,Yes,No,Fiber optic,No,Yes,Yes,No,No,No,Two year,No,Credit card (automatic),73.99,1330.93,2,Yes
1519-MABOL,Female,0,No,No,59,Yes,Yes,Fiber optic,No,Yes,No,No,No,No,One year,Yes,Electronic check,67.98,4001.36,0,No
1520-NYBRV,Male,0,Yes,Yes,54,Yes,Yes,DSL,No,Yes,No,No,Yes,No,Month-to-month,Yes,Mailed check,36.73,1968.08,2,No
1521-GWYFN,Male,0,No,Yes,72,Yes,No,Fiber optic,No,No,No,No,No,Yes,Two year,No,Electronic check,80.79,5787.95,1,Yes
1522-HVBQE,Female,1,No,Yes,72,Yes,Yes,Fiber optic,No,Yes,Yes,No,Yes,No,Two year,Yes,Electronic check,80.09,5805.42,3,Yes
1523-NYXTU,Female,0,Yes,Yes,21,Yes,No,Fiber optic,No,Yes,No,No,No,No,One year,Yes,Electronic check,51.34,1067.51,2,No
1524-UVCEP,Male,0,No,Yes,6,Yes,No,DSL,Yes,No,No,Yes,No,No,Month-to-month,Yes,Bank transfer (automatic),48.35,319.83,3,No
1525-RZQKQ,Male,0,Yes,Yes,19,No,No phone service,Fiber optic,Yes,Yes,No,No,Yes,No,Month-to-month,No,Bank transfer (automatic),74.78,1444.57,2,Yes
1526-PZWBD,Female,0,No,Yes,61,Yes,Yes,Fiber optic,Yes,No,Yes,Yes,No,No,One year,Yes,Bank transfer (automatic),81.37,5013.82,0,No
1527-UGBFQ,Male,1,Yes,No,57,Yes,No,Fiber optic,Yes,Yes,No,Yes,No,Yes,Two year,Yes,Electronic check,56.32,3214.45,3,No
1528-GYEET,Female,0,No,No,13,Yes,No,No,No internet service,No internet service,No internet service,No internet service,No internet service,No internet service,Two year,Yes,Electronic check,18.0,146.61,1,No
1529-PSIEH,Female,1,No,No,1,Yes,Yes,Fiber optic,No,Yes,No,No,Yes,No,Two year,No,Bank transfer (automatic),80.4,118.05,2,No
1530-IEJYB,Male,0,Yes,Yes,22,Yes,Yes,No,No internet service,No internet service,No internet service,No internet service,No internet service,No internet service,Month-to-month,Yes,Credit card (automatic),24.81,534.85,1,Yes
1531-IKDVV,Female,0,No,Yes,20,No,No phone service,No,No internet service,No internet service,No internet service,No internet service,No internet service,No internet service,Month-to-month,Yes,Credit card (automatic),22.18,429.17,1,No
1532-VBWFN,Male,0,Yes,No,2,Yes,No,Fiber optic,No,Yes,No,No,No,No,One year,No,Mailed check,92.53,297.46,1,No
1533-ARGAA,Female,0,No,Yes,50,Yes,No,Fiber optic,No,No,No,No,Yes,No,One year,Yes,Electronic check,87.42,4425.0,1,No
1534-AXDDR,Female,0,No,No,10,Yes,No,DSL,Yes,No,No,No,No,No,Two year,Yes,Mailed check,37.91,396.6,1,No
1535-KAJIW,Female,1,No,No,33,Yes,Yes,No,No internet service,No internet service,No internet service,No internet service,No internet service,No internet service,Two year,Yes,Electronic check,23.91,775.66,1,Yes
1536-DFPBW,Male,0,No,No,3,Yes,No,DSL,No,No,No,No,No,Yes,Two year,No,Electronic check,37.04,119.16,1,Yes
1537-RJXXQ,Male,0,No,No,63,Yes,Yes,DSL,No,No,Yes,Yes,Yes,No,Month-to-month,Yes,Electronic check,49.98,3037.61,1,Yes
1538-MXRVM,Male,0,Yes,No,43,Yes,Yes,No,No internet service,No internet service,No internet service,No internet service,No internet service,No internet service,Two year,No,Bank transfer (automatic),34.25,1525.17,3,No
1539-QEKGJ,Male,0,Yes,No,15,Yes,Yes,Fiber optic,No,No,No,No,No,No,Two year,Yes,Credit card (automatic),67.91,976.04,1,No
1540-QORWV,Male,0,No,Yes,31,Yes,No,DSL,Yes,No,Yes,Yes,No,Yes,Two year,No,Electronic check,47.57,1406.92,2,No
1541-SZBZD,Male,1,No,No,6,Yes,No,No,No internet service,No internet service,No internet service,No internet service,No internet service,No internet service,Month-to-month,Yes,Electronic check,18.0,56.07,0,No
1542-CGXRJ,Female,0,No,No,72,Yes,Yes,Fiber optic,Yes,Yes,No,No,No,Yes,Two year,Yes,Electronic check,71.22,5103.36,2,Yes
1543-GHFVZ,Female,1,Yes,No,50,Yes,No,Fiber optic,No,No,No,No,No,No,One year,Yes,Mailed check,67.78,3409.39,2,No
1544-ADNQT,Male,0,Yes,No,49,Yes,No,DSL,No,No,Yes,No,Yes,No,Month-to-month,No,Mailed check,48.04,2354.54,2,No
1545-RKUZN,Male,0,No,No,5,Yes,Yes,Fiber optic,No,No,Yes,No,No,No,Month-to-month,Yes,Electronic check,64.75,278.99,1,Yes
1546-IOLJS,Male,0,Yes,No,1,No,No phone service,Fiber optic,No,No,Yes,No,No,No,Month-to-month,Yes,Electronic check,60.9,27.17,1,Yes
1547-XSFTX,Female,0,No,No,28,Yes,Yes,Fiber optic,No,Yes,No,Yes,No,Yes,Month-to-month,No,Electronic check,81.84,2230.76,2,No
1548-FHAVQ,Male,0,No,No,4,Yes,No,DSL,No,Yes,No,Yes,No,No,Month-to-month,No,Mailed check,34.63,176.53,4,No
1549-QXOGS,Male,0,No,No,48,Yes,No,Fiber optic,No,No,No,No,No,Yes,One year,No,Bank transfer (automatic),59.73,2907.61,2,No
1550-VYWCV,Male,0,Yes,No,17,Yes,No,Fiber optic,Yes,No,Yes,Yes,No,No,One year,No,Credit card (automatic),71.9,1295.17,2,No
1551-KTSIJ,Female,0,No,No,13,Yes,Yes,No,No internet service,No internet service,No internet service,No internet service,No internet service,No internet service,Two year,No,Mailed check,46.3,597.05,2,No
1552-BAPRW,Female,0,Yes,No,2,No,No phone service,Fiber optic,No,Yes,No,No,No,Yes,One year,Yes,Mailed check,72.25,152.4,3,No
1553-ZQFNW,Female,0,Yes,No,72,Yes,Yes,DSL,No,No,No,Yes,No,No,Two year,No,Bank transfer (automatic),38.71,2809.07,1,No
1554-YONXV,Female,0,No,Yes,72,Yes,No,DSL,No,No,No,No,Yes,Yes,Two year,Yes,Mailed check,38.6,2816.21,2,No
1555-CXWSY,Male,1,Yes,No,4,Yes,Yes,Fiber optic,Yes,No,Yes,No,Yes,Yes,Month-to-month,Yes,Bank transfer (automatic),74.76,210.64,2,Yes
1556-LBCRA,Male,0,Yes,Yes,12,Yes,No,Fiber optic,Yes,No,No,Yes,Yes,No,Two year,No,Mailed check,76.98,898.4,1,No
1557-TUFEA,Male,0,Yes,No,15,Yes,No,DSL,No,Yes,No,No,Yes,No,Month-to-month,Yes,Credit card (automatic),38.6,561.46,0,No
1558-SAUUP,Female,0,No,No,11,Yes,No,Fiber optic,No,No,No,No,Yes,Yes,Month-to-month,Yes,Electronic check,49.8,470.18,1,No
1559-LVHZP,Male,0,No,No,72,Yes,No,DSL,No,No,Yes,No,Yes,No,Month-to-month,No,Bank transfer (automatic),41.72,3059.49,0,No
1560-ADJKQ,Female,0,No,No,40,Yes,Yes,DSL,No,No,No,Yes,No,Yes,Month-to-month,Yes,Electronic check,60.87,2354.05,1,Yes
1561-YWGLU,Male,1,No,No,72,Yes,Yes,DSL,No,Yes,No,Yes,Yes,Yes,Two year,No,Electronic check,38.82,2724.87,1,No
1562-GLOBN,Male,0,Yes,Yes,66,Yes,No,No,No internet service,No internet service,No internet service,No internet service,No internet service,No internet service,Month-to-month,Yes,Bank transfer (automatic),18.41,1190.06,2,Yes
1563-MDNNP,Male,0,Yes,No,44,No,No phone service,Fiber optic,No,Yes,No,Yes,No,No,Month-to-month,Yes,Electronic check,54.06,2365.22,5,Yes
1564-GSBJR,Male,0,Yes,No,38,Yes,Yes,No,No internet service,No internet service,No internet service,No internet service,No internet service,No internet service,Two year,Yes,Electronic check,22.59,927.69,2,No
1565-QELFV,Female,0,No,No,64,Yes,Yes,No,No internet service,No internet service,No internet service,No internet service,No internet service,No internet service,Month-to-month,Yes,Electronic check,18.0,1252.99,1,No
1566-ITAVO,Female,0,Yes,No,36,Yes,Yes,Fiber optic,No,No,No,Yes,No,Yes,Two year,Yes,Electronic check,69.32,2504.95,2,No
1567-UZFSR,Female,0,No,No,6,Yes,Yes,Fiber optic,No,No,No,No,No,Yes,Month-to-month,No,Mailed check,63.16,344.39,1,No
1568-FMAWW,Male,0,Yes,Yes,33,No,No phone service,No,No internet service,No internet service,No internet service,No internet service,No internet service,No internet service,Month-to-month,No,Electronic check,18.0,534.74,1,No
1569-ZMGOL,Female,0,No,No,23,Yes,No,DSL,Yes,No,No,No,Yes,No,Two year,Yes,Credit card (automatic),42.11,999.9,0,No
1570-ZAODM,Male,0,No,Yes,72,Yes,Yes,DSL,No,No,No,No,No,Yes,Month-to-month,Yes,Electronic check,64.22,4564.03,1,No
1571-WYEBW,Male,0,Yes,Yes,22,Yes,No,Fiber optic,No,Yes,No,No,No,No,Two year,Yes,Mailed check,82.22,1794.84,0,No
1572-ZAPWF,Male,0,No,No,1,Yes,No,DSL,No,No,Yes,No,No,Yes,Month-to-month,Yes,Electronic check,47.48,100.83,1,Yes
1573-WPNZC,Male,0,Yes,No,9,Yes,No,DSL,No,No,Yes,No,No,Yes,Month-to-month,Yes,Electronic check,38.49,374.89,0,No
1574-OCWBA,Male,0,Yes,Yes,72,Yes,No,DSL,Yes,No,No,No,Yes,No,Two year,Yes,Bank transfer (automatic),42.13,2998.18,2,No
1575-IIWGC,Female,0,Yes,No,72,No,No phone service,DSL,Yes,Yes,No,Yes,No,No,Month-to-month,Yes,Mailed check,55.22,4011.87,0,No
1576-ZRKGI,Female,0,No,No,41,Yes,Yes,Fiber optic,No,Yes,No,Yes,No,No,One year,Yes,Electronic check,70.06,2838.09,1,Yes
1577-ANTFG,Male,0,Yes,No,1,Yes,No,Fiber optic,No,No,No,Yes,No,Yes,One year,Yes,Electronic check,66.96,132.73,2,No
1578-JGZBD,Male,0,Yes,No,1,Yes,No,Fiber optic,Yes,No,Yes,No,Yes,No,Two year,Yes,Credit card (automatic),66.51,30.21,0,Yes
1579-UQAJS,Female,0,No,Yes,20,Yes,Yes,DSL,No,No,Yes,Yes,No,Yes,Month-to-month,Yes,Mailed check,44.6,951.33,1,Yes
1580-OJSLX,Male,1,Yes,No,72,Yes,No,Fiber optic,No,No,Yes,No,No,No,Two year,Yes,Bank transfer (automatic),95.84,6859.68,1,No
1581-PIOQN,Female,0,Yes,No,65,Yes,No,DSL,No,No,No,No,Yes,No,One year,Yes,Electronic check,36.93,2443.33,2,No
1582-RZBDR,Male,0,No,No,72,Yes,Yes,Fiber optic,No,No,No,No,Yes,No,Month-to-month,Yes,Bank transfer (automatic),68.47,4960.32,2,No
1583-GMOYW,Female,0,Yes,No,31,Yes,No,No,No internet service,No internet service,No internet service,No internet service,No internet service,No internet service,One year,Yes,Electronic check,22.26,655.29,2,No
1584-VZAKJ,Male,0,Yes,Yes,62,Yes,Yes,DSL,No,No,Yes,No,No,Yes,One year,Yes,Electronic check,56.34,3586.45,0,No
1585-YEPKU,Female,0,No,No,12,Yes,Yes,DSL,No,Yes,No,Yes,No,No,Two year,Yes,Mailed check,69.58,766.37,1,No
1586-FIMXH,Male,0,Yes,Yes,1,Yes,No,Fiber optic,No,No,Yes,No,Yes,Yes,Month-to-month,No,Bank transfer (automatic),81.01,64.7,1,Yes
1587-NXAQX,Male,0,Yes,No,72,Yes,No,DSL,No,No,No,No,Yes,No,One year,Yes,Mailed check,35.55,2509.73,4,No
1588-EYBYX,Male,0,Yes,No,7,Yes,No,DSL,No,No,No,No,Yes,Yes,One year,No,Bank transfer (automatic),51.82,377.47,1,No
1589-IDQQU,Male,1,No,No,41,Yes,No,DSL,Yes,Yes,No,Yes,Yes,No,One year,No,Credit card (automatic),55.24,2279.96,2,No
1590-RPHZK,Male,1,Yes,Yes,34,Yes,Yes,DSL,Yes,No,Yes,No,No,No,One year,No,Bank transfer (automatic),42.14,1381.17,2,No
1591-UURWX,Female,0,Yes,No,5,Yes,Yes,No,No internet service,No internet service,No internet service,No internet service,No internet service,No internet service,Month-to-month,Yes,Bank transfer (automatic),18.0,87.13,4,No
1592-JMQRJ,Male,0,Yes,No,6,Yes,No,No,No internet service,No internet service,No internet service,No internet service,No internet service,No internet service,Two year,Yes,Credit card (automatic),24.01,217.72,1,No
1593-PTEMR,Male,0,Yes,Yes,12,Yes,Yes,Fiber optic,No,No,No,No,No,Yes,Month-to-month,Yes,Credit card (automatic),74.09,915.41,0,No
1594-QINQD,Male,0,No,No,45,Yes,No,No,No internet service,No internet service,No internet service,No internet service,No internet service,No internet service,Month-to-month,No,Bank transfer (automatic),22.4,1089.4,0,No
1595-RTXXO,Male,0,Yes,No,1,Yes,Yes,DSL,No,No,Yes,Yes,Yes,No,Two year,No,Electronic check,28.93,48.66,1,No
1596-KLIMO,Female,0,No,Yes,16,Yes,No,DSL,No,No,Yes,Yes,Yes,No,Two year,Yes,Mailed check,49.13,711.97,1,No
1597-OEWSZ,Female,0,No,Yes,35,Yes,No,DSL,No,Yes,No,No,Yes,No,One year,Yes,Bank transfer (automatic),56.73,1940.11,0,No
1598-TZYZZ,Female,1,Yes,No,6,Yes,Yes,Fiber optic,No,No,Yes,No,No,Yes,Month-to-month,Yes,Credit card (automatic),76.27,458.94,1,Yes
1599-NQRUC,Male,0,Yes,Yes,4,No,No phone service,No,No internet service,No internet service,No internet service,No internet service,No internet service,No internet service,One year,No,Electronic check,18.0,23.5,1,No
1600-BAJSQ,Male,0,Yes,No,15,Yes,No,DSL,No,No,Yes,Yes,Yes,No,Month-to-month,No,Bank transfer (automatic),49.18,743.67,0,No
1601-LALQX,Male,0,Yes,No,10,No,No phone service,DSL,No,Yes,No,No,Yes,Yes,One year,Yes,Bank transfer (automatic),55.53,608.04,2,No
1602-CKQWZ,Male,0,No,No,33,Yes,No,No,No internet service,No internet service,No internet service,No internet service,No internet service,No internet service,Month-to-month,Yes,Credit card (automatic),20.81,752.92,0,No
1603-CHTDU,Male,0,No,Yes,72,Yes,Yes,Fiber optic,Yes,Yes,No,No,Yes,No,Month-to-month,Yes,Mailed check,69.94,5032.81,3,No
1604-VGNND,Female,0,Yes,No,1,Yes,Yes,Fiber optic,No,No,No,No,No,No,Month-to-month,No,Electronic check,69.83,32.56,1,Yes
1605-PXVAQ,Female,1,No,No,72,Yes,No,Fiber optic,No,Yes,Yes,No,Yes,Yes,Two year,Yes,Credit card (automatic),73.81,5359.74,1,No
1606-YJVPP,Female,0,No,No,18,Yes,No,DSL,Yes,No,No,Yes,No,No,Month-to-month,Yes,Electronic check,37.48,706.54,0,No
1607-ZHGFP,Male,0,Yes,No,34,Yes,No,Fiber optic,No,No,Yes,No,No,No,Month-to-month,Yes,Electronic check,81.84,2780.66,1,No
1608-TPGIN,Female,0,No,Yes,60,Yes,Yes,Fiber optic,No,No,No,Yes,No,No,Month-to-month,No,Mailed check,74.87,4465.22,1,Yes
1609-KZZNG,Female,0,No,No,27,Yes,Yes,DSL,No,No,Yes,Yes,No,No,One year,Yes,Electronic check,52.52,1324.61,0,No
1610-AZYMT,Male,0,Yes,No,3,Yes,No,No,No internet service,No internet service,No internet service,No internet service,No internet service,No internet service,Month-to-month,Yes,Credit card (automatic),18.0,69.88,1,No
1611-CTDZK,Female,0,No,No,4,Yes,No,DSL,No,No,No,Yes,Yes,No,Month-to-month,Yes,Mailed check,50.95,223.72,1,Yes
1612-BNLQL,Male,0,No,Yes,49,Yes,No,Fiber optic,No,No,No,Yes,No,No,One year,Yes,Mailed check,76.97,3884.72,1,No
1613-ZLAMN,Male,0,Yes,Yes,8,Yes,No,DSL,No,Yes,No,Yes,Yes,No,Month-to-month,Yes,Mailed check,54.29,415.78,1,No
1614-XBLZU,Male,0,No,No,26,Yes,No,DSL,No,No,Yes,No,Yes,No,Two year,Yes,Electronic check,42.23,1114.31,3,No
1615-PDHBJ,Male,0,Yes,No,17,Yes,Yes,DSL,No,Yes,No,Yes,No,No,Month-to-month,No,Credit card (automatic),38.45,668.2,3,Yes
1616-IWOMW,Male,1,Yes,No,11,Yes,No,DSL,No,Yes,No,No,No,No,Month-to-month,Yes,Mailed check,38.33,470.67,1,No
1617-QPBTT,Female,0,No,Yes,49,Yes,No,Fiber optic,No,Yes,Yes,No,Yes,No,One year,Yes,Electronic check,68.17,3383.15,0,No
1618-NCWLH,Male,0,Yes,No,42,Yes,No,DSL,No,Yes,No,Yes,No,No,Month-to-month,Yes,Credit card (automatic),50.33,2187.82,2,No
1619-BDNPS,Male,0,No,No,33,Yes,Yes,No,No internet service,No internet service,No internet service,No internet service,No internet service,No internet service,Month-to-month,Yes,Credit card (automatic),21.44,732.38,2,No
1620-BLNFM,Female,0,Yes,No,14,Yes,Yes,DSL,No,No,No,No,Yes,No,Two year,Yes,Bank transfer (automatic),52.67,764.82,1,No
1621-DVRLT,Male,0,No,No,8,Yes,Yes,Fiber optic,No,No,Yes,Yes,No,Yes,Month-to-month,Yes,Credit card (automatic),74.33,653.65,0,No
1622-VUSHG,Male,0,No,No,23,Yes,No,DSL,Yes,No,Yes,No,No,No,Two year,Yes,Mailed check,45.72,1064.03,3,No
1623-PSFTU,Female,0,Yes,No,54,Yes,Yes,DSL,No,No,No,Yes,No,No,One year,Yes,Electronic check,58.73,3172.32,0,No
1624-KEPGE,Female,0,Yes,Yes,27,Yes,No,DSL,Yes,Yes,No,No,Yes,Yes,Two year,Yes,Credit card (automatic),37.17,1078.45,2,No
1625-KOCZE,Male,0,Yes,No,72,Yes,Yes,No,No internet service,No internet service,No internet service,No internet service,No internet service,No internet service,Two year,No,Electronic check,28.34,2097.72,1,No
1626-WUEIO,Female,0,Yes,Yes,1,Yes,Yes,DSL,Yes,No,Yes,No,Yes,No,One year,No,Bank transfer (automatic),57.9,35.56,3,No
1627-CFQZU,Male,0,No,Yes,72,Yes,No,Fiber optic,Yes,Yes,No,No,No,No,Month-to-month,No,Mailed check,66.07,4749.87,0,Yes
1628-HUYKF,Female,0,Yes,Yes,37,Yes,No,DSL,No,No,Yes,No,Yes,No,Two year,Yes,Electronic check,57.4,2128.5,1,No
1629-HJXCW,Female,0,No,No,57,Yes,Yes,Fiber optic,Yes,No,Yes,No,No,Yes,Two year,No,Mailed check,74.83,4304.33,2,No
1630-NWNJL,Male,0,Yes,No,13,Yes,Yes,No,No internet service,No internet service,No internet service,No internet service,No internet service,No internet service,Two year,No,Mailed check,18.0,206.87,1,No
1631-FLWNB,Male,1,No,No,22,Yes,No,Fiber optic,No,No,Yes,No,No,Yes,Two year,No,Bank transfer (automatic),72.46,1506.29,1,No
1632-IJZQQ,Male,1,No,No,51,Yes,Yes,Fiber optic,No,Yes,No,No,Yes,No,Month-to-month,Yes,Electronic check,77.08,3971.95,0,No
1633-CSALG,Female,0,Yes,Yes,45,Yes,No,Fiber optic,No,No,No,Yes,No,No,Month-to-month,Yes,Credit card (automatic),79.72,3575.82,1,No
1634-DJMBJ,Female,0,No,No,13,No,No phone service,No,No internet service,No internet service,No internet service,No internet service,No internet service,No internet service,Month-to-month,Yes,Credit card (automatic),49.33,582.26,2,Yes
1635-UVYDR,Female,0,Yes,No,12,Yes,No,Fiber optic,No,Yes,No,No,Yes,No,Month-to-month,No,Bank transfer (automatic),72.77,800.05,2,No
1636-ESBLQ,Male,0,No,No,34,Yes,Yes,DSL,Yes,No,Yes,Yes,Yes,No,Month-to-month,Yes,Mailed check,46.13,1631.95,0,Yes
1637-JBFHS,Female,0,No,Yes,72,Yes,Yes,DSL,No,No,No,Yes,No,No,Month-to-month,No,Bank transfer (automatic),42.61,3129.55,3,No
1638-KYLIB,Male,0,No,No,18,Yes,No,Fiber optic,No,Yes,No,No,Yes,Yes,One year,No,Credit card (automatic),78.07,1425.24,0,No
1639-HZKUD,Male,0,No,No,13,Yes,Yes,Fiber optic,No,No,No,No,Yes,No,Month-to-month,No,Credit card (automatic),81.94,1043.56,3,No
1640-JUTPH,Female,0,No,No,72,Yes,No,DSL,Yes,No,No,No,Yes,No,Two year,No,Credit card (automatic),40.78,2924.06,2,No
1641-DJLNP,Female,1,No,No,36,Yes,No,Fiber optic,No,Yes,No,No,No,No,Month-to-month,No,Electronic check,69.53,2475.57,2,No
1642-VRUVU,Female,0,Yes,No,15,Yes,Yes,Fiber optic,No,No,Yes,No,Yes,Yes,One year,Yes,Credit card (automatic),82.52,1204.27,1,Yes
1643-LRGTX,Female,0,No,Yes,1,Yes,No,Fiber optic,No,No,Yes,No,Yes,Yes,Month-to-month,Yes,Bank transfer (automatic),77.22,64.47,2,Yes
1644-WGIAZ,Female,0,Yes,No,40,Yes,No,Fiber optic,Yes,Yes,No,Yes,No,No,One year,Yes,Bank transfer (automatic),57.39,2245.36,2,No
1645-FFVLV,Male,0,No,Yes,13,Yes,No,No,No internet service,No internet service,No internet service,No internet service,No internet service,No internet service,Month-to-month,No,Electronic check,18.0,181.95,1,Yes
1646-LJWZF,Female,1,No,Yes,2,Yes,No,DSL,No,Yes,No,No,No,No,One year,Yes,Electronic check,49.61,21.62,2,No
1647-QSRFX,Male,0,No,Yes,30,No,No phone service,No,No internet service,No internet service,No internet service,No internet service,No internet service,No internet service,Two year,No,Mailed check,18.0,475.0,1,No
1648-SJXHU,Female,0,No,No,12,Yes,Yes,DSL,No,Yes,No,No,No,Yes,One year,Yes,Bank transfer (automatic),49.94,563.1,2,No
1649-XFUYG,Female,0,No,No,13,Yes,Yes,DSL,Yes,Yes,No,No,Yes,Yes,One year,No,Bank transfer (automatic),58.74,699.64,1,No
1650-XARXY,Male,0,Yes,No,20,Yes,No,No,No internet service,No internet service,No internet service,No internet service,No internet service,No internet service,One year,No,Mailed check,28.86,612.08,3,No
1651-TLPJJ,Female,0,Yes,Yes,40,Yes,Yes,Fiber optic,No,No,Yes,No,No,Yes,One year,No,Credit card (automatic),73.42,2926.81,3,No
1652-NYTJJ,Female,0,No,Yes,10,Yes,Yes,Fiber optic,Yes,No,No,No,No,No,Month-to-month,No,Bank transfer (automatic),72.44,748.17,0,No
1653-ZYKWB,Male,0,Yes,No,2,No,No phone service,DSL,No,No,No,No,No,Yes,Two year,No,Mailed check,50.72,88.71,2,No
1654-YTHWG,Male,0,No,No,17,No,No phone service,DSL,No,No,No,No,No,No,One year,No,Mailed check,49.52,814.44,3,No
1655-HAUBR,Female,0,Yes,No,1,Yes,No,Fiber optic,Yes,No,No,Yes,No,No,One year,Yes,Electronic check,80.06,130.54,1,No
1656-OAEBT,Female,0,Yes,Yes,38,Yes,No,Fiber optic,No,No,No,No,No,Yes,Month-to-month,No,Credit card (automatic),63.4,2380.11,2,No
1657-CSRVR,Female,0,No,No,72,Yes,No,Fiber optic,No,No,No,No,No,No,Two year,No,Electronic check,63.6,4546.91,2,No
1658-NXHLU,Male,0,No,No,34,Yes,Yes,DSL,No,No,No,Yes,Yes,No,Month-to-month,No,Credit card (automatic),45.09,1561.12,2,No
1659-JWTQK,Female,0,Yes,Yes,10,Yes,No,Fiber optic,No,No,Yes,No,No,Yes,Month-to-month,Yes,Electronic check,63.27,621.79,1,Yes
1660-BZZDA,Female,0,Yes,No,6,Yes,Yes,Fiber optic,No,Yes,No,No,No,No,Month-to-month,Yes,Mailed check,67.23,435.0,4,Yes
1661-OMHYD,Female,0,Yes,No,8,No,No phone service,No,No internet service,No internet service,No internet service,No internet service,No internet service,No internet service,Month-to-month,Yes,Electronic check,18.0,125.56,3,No
1662-JSRES,Male,0,Yes,Yes,8,Yes,Yes,Fiber optic,No,Yes,No,No,No,Yes,Month-to-month,Yes,Electronic check,76.44,525.93,2,Yes
1663-ZWVPA,Female,0,Yes,No,12,Yes,No,Fiber optic,Yes,No,Yes,No,No,No,Two year,No,Electronic check,61.56,714.9,1,Yes
1664-LXBUY,Male,0,No,No,3,No,No phone service,Fiber optic,No,No,Yes,No,No,No,One year,No,Bank transfer (automatic),67.3,243.38,2,No
1665-HRYPE,Male,0,No,No,72,Yes,No,Fiber optic,Yes,Yes,No,Yes,No,Yes,Month-to-month,No,Bank transfer (automatic),65.15,4622.95,2,Yes
1666-ZVMSC,Male,0,Yes,Yes,69,Yes,No,Fiber optic,No,No,Yes,No,No,No,Two year,Yes,Bank transfer (automatic),72.35,4980.9,2,No
1667-ZHZZL,Male,1,Yes,No,30,Yes,Yes,Fiber optic,No,Yes,No,No,No,No,Month-to-month,No,Credit card (automatic),84.73,2452.9,3,Yes
1668-BKLRM,Male,0,No,Yes,2,Yes,Yes,No,No internet service,No internet service,No internet service,No internet service,No internet service,No internet service,Month-to-month,No,Electronic check,18.0,34.84,2,No
1669-EVLBE,Female,0,No,No,52,Yes,Yes,Fiber optic,No,No,No,No,Yes,No,Month-to-month,No,Electronic check,59.82,3127.75,1,No
1670-GZZXL,Male,0,Yes,No,2,Yes,No,DSL,Yes,No,No,No,No,No,Month-to-month,Yes,Credit card (automatic),43.42,52.31,2,Yes
1671-PWHIO,Female,1,Yes,No,3,Yes,No,Fiber optic,Yes,No,No,No,No,No,Month-to-month,Yes,Electronic check,78.23,258.89,1,Yes
1672-EMEKJ,Female,0,Yes,No,12,Yes,Yes,Fiber optic,No,Yes,No,No,No,No,Month-to-month,No,Electronic check,86.59,930.75,2,Yes
1673-TMIUN,Male,1,Yes,Yes,18,No,No phone service,Fiber optic,Yes,No,Yes,No,No,Yes,One year,No,Credit card (automatic),58.51,1160.29,0,No
1674-ROJXG,Male,1,No,No,13,Yes,No,DSL,No,No,Yes,Yes,No,Yes,Month-to-month,Yes,Mailed check,39.24,574.06,2,No
1675-HCOPD,Male,0,No,Yes,5,Yes,No,Fiber optic,No,No,No,No,Yes,No,Month-to-month,No,Credit card (automatic),75.19,413.79,0,Yes
1676-UFADK,Male,0,No,Yes,3,Yes,Yes,Fiber optic,No,Yes,No,Yes,No,Yes,One year,No,Credit card (automatic),60.47,228.45,2,No
1677-LZEWU,Female,0,No,No,62,Yes,No,Fiber optic,No,No,No,Yes,Yes,No,Two year,Yes,Credit card (automatic),70.73,4420.41,0,No
1678-PMMQG,Female,0,Yes,No,14,No,No phone service,Fiber optic,No,Yes,No,Yes,No,Yes,Two year,No,Bank transfer (automatic),59.11,856.76,0,No
1679-HMWPD,Male,0,No,No,7,Yes,Yes,No,No internet service,No internet service,No internet service,No internet service,No internet service,No internet service,Two year,Yes,Electronic check,20.1,205.42,1,No
1680-HPUJY,Male,0,Yes,No,21,Yes,No,Fiber optic,No,No,Yes,No,No,Yes,Month-to-month,No,Bank transfer (automatic),75.59,1564.28,2,Yes
1681-LLZEP,Female,0,Yes,No,1,Yes,Yes,Fiber optic,No,No,No,No,No,Yes,Month-to-month,Yes,Mailed check,83.25,29.36,2,No
1682-AILEV,Female,0,No,No,29,Yes,No,No,No internet service,No internet service,No internet service,No internet service,No internet service,No internet service,One year,No,Electronic check,18.0,431.27,2,No
1683-TVXCE,Male,0,Yes,Yes,9,Yes,No,DSL,No,No,No,Yes,No,No,One year,Yes,Electronic check,52.31,485.21,0,No
1684-BNBMG,Female,0,Yes,No,29,Yes,No,DSL,No,No,No,Yes,Yes,No,Two year,Yes,Electronic check,59.32,1753.37,1,No
1685-JMPZN,Female,0,No,Yes,30,Yes,No,DSL,No,No,No,No,Yes,Yes,Month-to-month,Yes,Electronic check,51.25,1576.9,0,Yes
1686-KJFDU,Female,0,Yes,Yes,53,Yes,No,No,No internet service,No internet service,No internet service,No internet service,No internet service,No internet service,Two year,No,Mailed check,23.16,1167.9,1,No
1687-AGXIH,Male,0,No,Yes,8,Yes,No,Fiber optic,Yes,No,No,Yes,No,No,Month-to-month,Yes,Credit card (automatic),68.66,525.74,3,Yes
1688-ESJKY,Male,0,Yes,Yes,19,No,No phone service,Fiber optic,No,Yes,Yes,No,No,Yes,Month-to-month,Yes,Electronic check,55.11,1013.03,1,Yes
1689-OFOES,Female,0,No,No,72,Yes,Yes,DSL,No,No,No,Yes,Yes,Yes,One year,Yes,Credit card (automatic),31.95,2308.18,1,No
1690-VSJLV,Male,0,Yes,No,41,Yes,No,Fiber optic,No,No,Yes,No,Yes,Yes,One year,No,Mailed check,78.08,3182.14,0,No
1691-DRPHD,Female,1,No,No,72,Yes,Yes,Fiber optic,No,Yes,Yes,No,Yes,No,Month-to-month,No,Bank transfer (automatic),67.7,4852.61,0,No
1692-YWLBD,Female,0,Yes,No,72,Yes,Yes,No,No internet service,No internet service,No internet service,No internet service,No internet service,No internet service,Month-to-month,No,Electronic check,29.1,2114.95,2,No
1693-ECIUR,Male,0,No,No,30,Yes,No,DSL,No,No,No,No,No,No,Month-to-month,No,Credit card (automatic),29.55,898.59,1,No
1694-KCYWB,Male,0,No,No,9,Yes,Yes,DSL,No,Yes,No,No,No,No,Two year,Yes,Bank transfer (automatic),53.6,507.08,1,No
1695-INDIM,Female,0,Yes,No,45,Yes,No,No,No internet service,No internet service,No internet service,No internet service,No internet service,No internet service,Month-to-month,No,Electronic check,18.0,822.44,0,No
1696-ROJPL,Male,0,Yes,Yes,38,Yes,Yes,Fiber optic,No,No,No,No,No,No,Two year,No,Mailed check,71.57,2656.71,3,No
1697-TEBJA,Male,1,Yes,Yes,28,Yes,No,Fiber optic,No,Yes,No,No,Yes,Yes,Month-to-month,Yes,Bank transfer (automatic),68.08,1836.22,1,Yes
1698-GZQPX,Male,0,No,No,38,Yes,No,Fiber optic,Yes,No,No,No,No,No,Month-to-month,No,Mailed check,82.56,3175.63,1,No
1699-CNJVG,Male,1,No,No,30,Yes,No,No,No internet service,No internet service,No internet service,No internet service,No internet service,No internet service,Month-to-month,Yes,Electronic check,27.23,819.06,3,No
1700-ZQFWV,Female,1,Yes,Yes,23,Yes,Yes,Fiber optic,Yes,No,No,No,No,Yes,Two year,Yes,Electronic check,54.58,1314.69,0,No
1701-DQIDG,Female,0,No,No,17,Yes,No,Fiber optic,No,No,Yes,No,Yes,No,Two year,Yes,Mailed check,58.03,1035.31,2,No
1702-WBQXH,Male,0,No,No,1,Yes,No,DSL,No,No,No,No,Yes,No,Month-to-month,Yes,Mailed check,65.55,73.69,1,No
1703-WOOHP,Female,0,Yes,Yes,64,Yes,No,Fiber optic,No,No,No,Yes,Yes,No,Month-to-month,Yes,Bank transfer (automatic),74.93,4846.5,1,No
1704-SKBWX,Male,0,Yes,No,64,Yes,Yes,No,No internet service,No internet service,No internet service,No internet service,No internet service,No internet service,Month-to-month,No,Credit card (automatic),22.66,1537.86,0,No
1705-QZPYO,Male,0,No,No,28,Yes,Yes,No,No internet service,No internet service,No internet service,No internet service,No internet service,No internet service,Month-to-month,No,Electronic check,18.0,509.9,1,No
1706-MODPL,Male,0,No,Yes,9,Yes,Yes,No,No internet service,No internet service,No internet service,No internet service,No internet service,No internet service,One year,Yes,Mailed check,18.0,109.03,2,No
1707-DCVQV,Female,0,Yes,No,1,Yes,No,Fiber optic,Yes,No,No,No,Yes,Yes,One year,Yes,Mailed check,79.34,89.21,2,No
1708-RYRWQ,Female,0,Yes,No,1,Yes,No,Fiber optic,No,Yes,No,No,No,No,Month-to-month,Yes,Mailed check,72.93,111.28,3,No
1709-LWUXD,Female,0,Yes,No,2,No,No phone service,Fiber optic,No,Yes,No,No,No,Yes,Two year,Yes,Bank transfer (automatic),68.46,177.94,0,No
1710-LZWVU,Male,0,No,Yes,14,Yes,Yes,Fiber optic,No,No,Yes,Yes,No,Yes,Month-to-month,No,Mailed check,51.02,687.41,2,Yes
1711-TOWPE,Female,1,No,No,6,Yes,No,No,No internet service,No internet service,No internet service,No internet service,No internet service,No internet service,Month-to-month,No,Electronic check,22.99,98.38,2,Yes
1712-UOQRE,Female,0,Yes,Yes,9,Yes,No,No,No internet service,No internet service,No internet service,No internet service,No internet service,No internet service,Two year,Yes,Mailed check,18.0,155.83,0,No
1713-MSMRN,Male,0,Yes,Yes,38,Yes,Yes,DSL,No,No,No,Yes,Yes,No,Month-to-month,Yes,Bank transfer (automatic),32.47,1314.07,0,No
1714-DDTTS,Male,0,Yes,No,72,Yes,No,No,No internet service,No internet service,No internet service,No internet service,No internet service,No internet service,One year,No,Credit card (automatic),18.0,1290.85,4,No
1715-MLGYL,Male,0,No,No,7,Yes,No,No,No internet service,No internet service,No internet service,No internet service,No internet service,No internet service,One year,Yes,Electronic check,22.2,167.31,4,No
1716-UDBBE,Male,1,Yes,No,20,Yes,Yes,Fiber optic,No,No,Yes,No,No,No,Month-to-month,No,Bank transfer (automatic),86.41,1758.51,1,No
1717-WJJIM,Female,0,No,No,72,Yes,No,No,No internet service,No internet service,No internet service,No internet service,No internet service,No internet service,Month-to-month,No,Mailed check,18.0,1320.64,1,No
1718-GEZJJ,Female,0,No,No,72,Yes,Yes,Fiber optic,No,No,No,Yes,Yes,No,One year,No,Electronic check,73.7,5339.82,0,No
1719-FSUHA,Male,0,No,No,13,Yes,No,Fiber optic,No,No,Yes,No,Yes,Yes,One year,Yes,Bank transfer (automatic),72.16,935.09,0,No
1720-QGNUU,Male,0,No,Yes,12,Yes,No,Fiber optic,No,No,No,Yes,No,Yes,One year,Yes,Mailed check,85.74,1023.01,0,No
1721-QIQEZ,Male,0,Yes,No,8,Yes,No,Fiber optic,No,No,No,No,No,No,Month-to-month,No,Electronic check,89.11,686.79,1,Yes
1722-YTHFK,Male,0,No,No,5,Yes,Yes,DSL,No,Yes,Yes,No,Yes,No,Month-to-month,Yes,Credit card (automatic),44.63,241.92,1,No
1723-SDRAM,Female,0,No,Yes,19,Yes,No,No,No internet service,No internet service,No internet service,No internet service,No internet service,No internet service,Month-to-month,Yes,Mailed check,21.44,505.43,4,No
1724-NXAKQ,Male,0,No,No,13,Yes,Yes,No,No internet service,No internet service,No internet service,No internet service,No internet service,No internet service,Month-to-month,No,Credit card (automatic),21.15,325.98,1,No
1725-DZLJF,Male,0,Yes,No,43,Yes,No,No,No internet service,No internet service,No internet service,No internet service,No internet service,No internet service,Two year,No,Electronic check,18.0,729.85,2,No
1726-YAGZU,Female,0,Yes,Yes,8,Yes,No,DSL,No,No,No,Yes,No,No,Two year,No,Electronic check,47.01,400.47,1,No
1727-PXNWT,Male,0,No,Yes,42,Yes,Yes,DSL,No,No,Yes,No,No,No,Month-to-month,No,Electronic check,63.11,2633.28,3,Yes
1728-TFVYE,Male,0,No,No,10,Yes,No,Fiber optic,No,Yes,No,No,Yes,No,Month-to-month,No,Bank transfer (automatic),53.52,521.71,0,No
1729-XUROF,Male,0,No,No,28,No,No phone service,No,No internet service,No internet service,No internet service,No internet service,No internet service,No internet service,Month-to-month,Yes,Credit card (automatic),34.1,973.12,0,No
1730-YSAAM,Male,0,No,Yes,32,Yes,No,Fiber optic,No,No,No,Yes,No,Yes,Month-to-month,Yes,Bank transfer (automatic),71.56,2271.84,2,No
1731-CJUCI,Male,0,No,No,35,Yes,No,Fiber optic,No,No,No,No,No,No,Month-to-month,No,Credit card (automatic),63.71,2218.08,1,Yes
1732-HCYMF,Female,0,Yes,No,6,Yes,No,Fiber optic,Yes,No,Yes,Yes,No,Yes,Month-to-month,No,Mailed check,54.9,283.28,1,Yes
1733-MWTTL,Female,0,No,No,10,Yes,No,DSL,Yes,No,Yes,No,No,No,Two year,No,Electronic check,54.41,542.59,1,No
1734-MBUXW,Female,0,No,No,9,Yes,No,Fiber optic,No,No,No,No,Yes,No,One year,Yes,Credit card (automatic),84.72,765.93,4,No
1735-PWFSU,Female,0,No,No,27,Yes,No,DSL,Yes,No,Yes,No,Yes,Yes,Month-to-month,No,Mailed check,59.86,1649.35,2,No
1736-MQWIQ,Male,0,No,No,2,Yes,Yes,DSL,Yes,Yes,No,Yes,No,Yes,Month-to-month,No,Bank transfer (automatic),58.44,29.46,2,Yes
1737-BSSXG,Male,0,Yes,No,23,Yes,Yes,Fiber optic,No,No,No,Yes,No,Yes,Month-to-month,No,Electronic check,61.85,1436.33,2,No
1738-VJJTI,Male,0,Yes,Yes,2,Yes,Yes,Fiber optic,Yes,No,Yes,No,No,No,Two year,No,Electronic check,61.21,72.59,2,Yes
1739-QOBDS,Male,0,No,Yes,13,Yes,Yes,DSL,Yes,No,No,No,No,Yes,Two year,Yes,Mailed check,46.97,501.36,1,No
1740-QEGRU,Male,0,Yes,No,37,Yes,No,Fiber optic,Yes,No,No,Yes,Yes,Yes,One year,Yes,Credit card (automatic),80.48,3032.26,2,No
1741-VGQGD,Male,0,No,No,17,Yes,Yes,DSL,No,Yes,No,No,Yes,No,Month-to-month,No,Bank transfer (automatic),44.16,770.72,1,No
1742-HMDFY,Female,0,No,Yes,10,No,No phone service,Fiber optic,No,Yes,Yes,No,Yes,No,Month-to-month,No,Bank transfer (automatic),64.56,737.74,1,No
1743-ELDXI,Male,0,Yes,No,30,Yes,No,DSL,Yes,No,No,No,Yes,Yes,One year,No,Bank transfer (automatic),49.02,1494.82,0,No
1744-DSXNE,Male,0,No,No,43,Yes,No,DSL,No,No,Yes,No,No,No,Month-to-month,No,Mailed check,33.64,1483.21,1,Yes
1745-RJYSL,Female,0,Yes,No,9,Yes,Yes,DSL,Yes,Yes,Yes,No,No,No,Month-to-month,No,Electronic check,39.08,264.01,1,No
1746-RQXKC,Female,0,No,Yes,11,Yes,No,Fiber optic,No,No,No,No,Yes,No,Month-to-month,Yes,Electronic check,74.29,855.77,2,Yes
1747-WQAOI,Male,0,Yes,No,32,No,No phone service,DSL,No,Yes,No,No,No,Yes,Two year,No,Electronic check,61.77,1972.62,6,No
1748-OXCVS,Female,0,No,Yes,72,Yes,Yes,Fiber optic,Yes,No,Yes,Yes,Yes,No,Month-to-month,No,Credit card (automatic),87.68,6298.25,1,No
1749-MLTAU,Female,0,No,No,7,Yes,Yes,Fiber optic,No,No,No,No,No,No,One year,No,Bank transfer (automatic),76.61,554.0,3,No
1750-QMAJO,Male,0,No,No,33,Yes,No,No,No internet service,No internet service,No internet service,No internet service,No internet service,No internet service,Two year,Yes,Mailed check,18.0,606.37,3,No
1751-GVRPN,Male,0,No,No,72,Yes,Yes,No,No internet service,No internet service,No internet service,No internet service,No internet service,No internet service,One year,Yes,Electronic check,29.76,2123.98,2,No
1752-RGQRL,Female,0,No,Yes,19,Yes,No,No,No internet service,No internet service,No internet service,No internet service,No internet service,No internet service,Month-to-month,Yes,Electronic check,21.37,456.43,0,Yes
1753-HVBGD,Female,0,No,No,12,Yes,No,Fiber optic,No,Yes,Yes,No,Yes,No,Month-to-month,Yes,Bank transfer (automatic),77.54,919.45,1,No
1754-RFIIN,Female,0,No,Yes,35,Yes,No,DSL,No,No,Yes,Yes,Yes,Yes,Month-to-month,No,Electronic check,37.82,1422.86,0,No
1755-HSCRE,Female,0,Yes,No,1,Yes,Yes,Fiber optic,No,Yes,No,Yes,Yes,No,One year,No,Mailed check,74.77,67.41,2,No
1756-NDGTY,Female,0,No,No,14,Yes,No,Fiber optic,Yes,Yes,No,No,No,Yes,One year,Yes,Bank transfer (automatic),82.43,1159.01,2,No
1757-LBKNV,Female,0,Yes,No,9,Yes,Yes,Fiber optic,No,No,No,No,No,Yes,Month-to-month,Yes,Mailed check,63.76,586.43,0,No
1758-WPTFW,Male,0,No,No,8,No,No phone service,Fiber optic,No,Yes,No,No,Yes,No,Month-to-month,No,Credit card (automatic),82.42,634.26,1,Yes
1759-DOXYA,Male,0,Yes,No,6,Yes,Yes,Fiber optic,Yes,No,Yes,No,Yes,Yes,One year,No,Electronic check,61.05,414.47,2,No
1760-GYLJE,Female,1,Yes,Yes,42,Yes,No,No,No internet service,No internet service,No internet service,No internet service,No internet service,No internet service,One year,Yes,Mailed check,34.37,1487.49,1,No
1761-LRJFL,Female,0,Yes,Yes,72,Yes,No,No,No internet service,No internet service,No internet service,No internet service,No internet service,No internet service,Month-to-month,Yes,Credit card (automatic),19.58,1321.64,3,No
1762-GRBJO,Male,0,Yes,No,15,Yes,No,No,No internet service,No internet service,No internet service,No internet service,No internet service,No internet service,Month-to-month,No,Electronic check,18.0,199.1,0,No
1763-LZQDG,Female,0,No,Yes,1,Yes,Yes,DSL,Yes,Yes,Yes,No,Yes,No,Month-to-month,Yes,Bank transfer (automatic),53.5,18.0,2,No
1764-ISWGW,Male,0,Yes,Yes,40,Yes,No,No,No internet service,No internet service,No internet service,No internet service,No internet service,No internet service,One year,No,Bank transfer (automatic),18.0,674.75,5,No
1765-BFRFM,Female,0,No,No,24,No,No phone service,Fiber optic,No,No,No,Yes,No,No,Month-to-month,Yes,Credit card (automatic),59.9,1371.53,1,Yes
1766-ZSBLO,Female,0,Yes,No,41,Yes,No,Fiber optic,No,No,Yes,No,No,Yes,Month-to-month,No,Credit card (automatic),61.97,2529.46,2,Yes
1767-NFRER,Female,0,No,Yes,33,No,No phone service,DSL,No,No,Yes,No,No,No,Month-to-month,No,Credit card (automatic),31.99,1082.08,1,No
1768-CCVVJ,Female,0,No,No,72,Yes,Yes,Fiber optic,No,Yes,Yes,No,Yes,Yes,Month-to-month,No,Bank transfer (automatic),69.21,5113.27,0,Yes
1769-SCLPQ,Male,0,Yes,No,4,Yes,No,Fiber optic,No,No,No,Yes,No,Yes,One year,Yes,Electronic check,62.57,199.03,1,No
1770-GMXBD,Male,0,Yes,No,5,Yes,Yes,DSL,Yes,No,Yes,Yes,Yes,Yes,Month-to-month,Yes,Electronic check,33.03,191.87,0,Yes
1771-JGXQT,Male,0,Yes,Yes,13,Yes,No,DSL,Yes,No,No,No,No,Yes,Two year,No,Bank transfer (automatic),58.18,836.53,1,No
1772-FSEJI,Male,0,Yes,No,21,Yes,Yes,Fiber optic,Yes,No,No,No,Yes,No,Two year,Yes,Mailed check,81.28,1676.98,3,Yes
1773-MSUXF,Female,0,Yes,No,72,Yes,Yes,Fiber optic,No,Yes,No,Yes,No,No,Month-to-month,Yes,Electronic check,82.3,6056.71,0,No
1774-DXCCD,Male,0,Yes,No,72,No,No phone service,DSL,No,Yes,No,No,Yes,Yes,One year,No,Bank transfer (automatic),45.17,3300.17,0,No
1775-YEHPV,Male,0,Yes,No,65,Yes,No,Fiber optic,No,Yes,Yes,No,Yes,No,Month-to-month,No,Bank transfer (automatic),60.08,3864.45,1,No
1776-CXLYH,Male,0,No,No,8,Yes,No,DSL,No,Yes,No,No,Yes,No,One year,Yes,Credit card (automatic),34.12,256.03,2,No
1777-MDNNM,Female,1,Yes,No,41,Yes,No,Fiber optic,Yes,No,No,No,No,No,Month-to-month,No,Electronic check,76.36,3189.31,3,No
1778-FQDHQ,Female,1,No,Yes,15,Yes,Yes,DSL,No,Yes,No,No,No,Yes,One year,Yes,Electronic check,68.28,975.38,2,No
1779-CQIBY,Female,0,No,Yes,72,Yes,No,No,No internet service,No internet service,No internet service,No internet service,No internet service,No internet service,Month-to-month,Yes,Bank transfer (automatic),35.6,2501.18,3,No
1780-MTBTK,Female,1,Yes,No,7,Yes,No,DSL,No,Yes,No,No,Yes,Yes,Month-to-month,No,Electronic check,51.17,335.97,3,No
1781-ZVOKW,Female,0,Yes,Yes,4,Yes,Yes,Fiber optic,Yes,No,No,Yes,No,No,Month-to-month,No,Electronic check,74.55,255.08,3,No
1782-CCZLX,Male,0,Yes,Yes,59,Yes,Yes,DSL,No,No,No,No,No,No,Two year,Yes,Electronic check,42.32,2582.6,2,No
1783-ETGGM,Male,0,Yes,No,40,Yes,No,DSL,No,No,No,No,Yes,No,Month-to-month,No,Electronic check,53.28,2114.56,1,No
1784-IYUML,Male,0,No,No,55,Yes,No,DSL,Yes,No,Yes,No,No,No,Two year,No,Credit card (automatic),38.17,2060.8,1,Yes
1785-MXJAY,Male,0,Yes,Yes,5,Yes,No,No,No internet service,No internet service,No internet service,No internet service,No internet service,No internet service,Month-to-month,No,Credit card (automatic),18.0,18.0,4,Yes
1786-HVPMC,Female,0,Yes,No,69,Yes,Yes,DSL,No,Yes,Yes,No,No,Yes,Month-to-month,Yes,Electronic check,37.44,2508.59,2,No
1787-CXEZK,Male,0,Yes,No,36,Yes,Yes,Fiber optic,Yes,Yes,No,No,No,Yes,Two year,Yes,Bank transfer (automatic),68.16,2368.77,2,No
1788-GUXJJ,Female,0,No,No,33,Yes,Yes,Fiber optic,No,Yes,No,No,No,No,Month-to-month,Yes,Bank transfer (automatic),56.91,1974.59,3,Yes
1789-TBCHK,Female,0,No,No,27,Yes,No,Fiber optic,Yes,No,No,No,No,No,Month-to-month,Yes,Credit card (automatic),80.31,2204.13,0,Yes
1790-MGMBF,Male,0,No,No,46,Yes,No,Fiber optic,No,No,No,No,Yes,No,Month-to-month,Yes,Electronic check,61.65,2905.77,2,Yes
1791-ITYBR,Male,0,No,No,17,Yes,No,DSL,No,No,No,No,No,Yes,Two year,No,Mailed check,54.51,1006.44,2,No
1792-PYLGG,Male,0,Yes,No,4,No,No phone service,Fiber optic,No,Yes,No,No,No,Yes,Two year,Yes,Credit card (automatic),77.05,315.6,1,No
1793-QMKFW,Male,0,Yes,No,24,Yes,No,No,No internet service,No internet service,No internet service,No internet service,No internet service,No internet service,Two year,Yes,Mailed check,19.97,462.68,4,No
1794-NFFBV,Male,0,Yes,No,44,No,No phone service,No,No internet service,No internet service,No internet service,No internet service,No internet service,No internet service,Month-to-month,Yes,Bank transfer (automatic),23.9,1121.36,2,No
1795-TYOQH,Female,0,No,No,5,Yes,No,Fiber optic,No,No,No,Yes,No,No,Month-to-month,Yes,Electronic check,77.35,450.22,5,Yes
1796-EQTAV,Male,0,No,No,8,Yes,No,Fiber optic,No,Yes,Yes,No,No,Yes,One year,Yes,Electronic check,68.48,561.05,3,Yes
1797-ROEGR,Female,0,Yes,No,38,Yes,Yes,DSL,Yes,No,No,No,Yes,No,Month-to-month,Yes,Credit card (automatic),62.6,2313.6,0,No
1798-FVUES,Female,0,Yes,Yes,10,Yes,Yes,Fiber optic,No,No,No,Yes,Yes,No,Month-to-month,Yes,Bank transfer (automatic),56.08,572.24,8,Yes
1799-JOJPL,Male,1,Yes,No,5,Yes,Yes,DSL,Yes,No,No,No,No,Yes,Two year,Yes,Credit card (automatic),40.43,182.56,0,No
1800-RWAPV,Female,0,No,Yes,70,Yes,Yes,DSL,Yes,Yes,No,No,Yes,No,One year,Yes,Electronic check,44.96,3039.29,1,No
1801-FCBBM,Female,0,No,No,5,Yes,No,Fiber optic,No,No,No,No,No,No,Two year,No,Electronic check,91.75,449.49,1,No
1802-IPEWU,Female,0,Yes,Yes,13,Yes,Yes,DSL,Yes,No,No,No,Yes,No,One year,No,Electronic check,36.35,411.52,0,No
1803-GMTXZ,Female,0,Yes,No,17,Yes,No,DSL,Yes,No,No,No,Yes,No,Month-to-month,No,Credit card (automatic),62.32,977.9,1,No
1804-MZGJO,Female,0,Yes,No,20,Yes,No,DSL,No,Yes,No,No,Yes,No,Month-to-month,Yes,Electronic check,38.43,750.75,0,No
1805-UFEWB,Male,0,No,No,14,Yes,No,No,No internet service,No internet service,No internet service,No internet service,No internet service,No internet service,Month-to-month,No,Bank transfer (automatic),29.63,404.79,1,No
1806-UOZPS,Male,0,No,Yes,72,Yes,No,No,No internet service,No internet service,No internet service,No internet service,No internet service,No internet service,Month-to-month,No,Electronic check,18.0,1285.61,1,No
1807-IVZSG,Male,0,Yes,No,34,Yes,No,Fiber optic,No,Yes,No,Yes,Yes,No,One year,No,Bank transfer (automatic),57.95,1993.33,2,No
1808-DCXTK,Female,1,Yes,No,14,Yes,Yes,DSL,No,No,No,No,No,No,One year,Yes,Mailed check,57.71,833.75,0,No
1809-AFZKA,Female,0,Yes,No,14,Yes,Yes,Fiber optic,No,No,No,No,No,Yes,Month-to-month,Yes,Electronic check,67.72,951.97,1,Yes
1810-UGFNB,Male,0,No,No,22,Yes,No,Fiber optic,No,Yes,Yes,No,Yes,Yes,Two year,Yes,Bank transfer (automatic),61.88,1355.1,1,Yes
1811-DKORA,Female,0,No,No,1,Yes,Yes,DSL,No,Yes,No,Yes,No,No,Two year,Yes,Bank transfer (automatic),41.53,109.79,0,No
1812-CCGAY,Female,0,No,Yes,72,Yes,No,No,No internet service,No internet service,No internet service,No internet service,No internet service,No internet service,Month-to-month,Yes,Bank transfer (automatic),18.0,1247.08,3,No
1813-KFTCS,Female,0,No,No,8,Yes,No,Fiber optic,No,No,No,No,No,No,Month-to-month,Yes,Credit card (automatic),64.76,437.44,1,No
1814-BRLJE,Female,0,Yes,No,38,Yes,No,No,No internet service,No internet service,No internet service,No internet service,No internet service,No internet service,Month-to-month,No,Electronic check,20.15,777.85,3,No
1815-IBBFJ,Female,0,No,Yes,48,Yes,No,Fiber optic,No,No,Yes,No,No,No,Month-to-month,No,Mailed check,73.75,3461.05,1,No
1816-RLDVU,Male,0,Yes,No,56,Yes,No,Fiber optic,No,No,No,Yes,No,Yes,One year,Yes,Bank transfer (automatic),81.24,4548.62,1,No
1817-QOFPQ,Male,0,Yes,No,5,Yes,No,Fiber optic,No,No,Yes,No,No,Yes,Two year,No,Bank transfer (automatic),74.56,413.53,0,No
1818-CJENZ,Female,0,No,No,24,Yes,Yes,DSL,No,No,Yes,Yes,No,No,Month-to-month,No,Credit card (automatic),18.0,415.25,2,No
1819-UMZFL,Male,0,No,Yes,2,Yes,No,No,No internet service,No internet service,No internet service,No internet service,No internet service,No internet service,Month-to-month,No,Electronic check,26.89,40.96,3,Yes
1820-ZHEOP,Male,0,No,No,52,Yes,Yes,Fiber optic,No,No,No,No,No,No,Month-to-month,No,Bank transfer (automatic),58.69,3117.07,4,No
1821-APECT,Female,0,No,No,21,Yes,No,Fiber optic,No,Yes,No,No,No,No,One year,Yes,Electronic check,72.85,1513.96,0,No
1822-OMXPW,Male,0,No,No,5,Yes,No,Fiber optic,Yes,Yes,No,Yes,No,No,One year,No,Electronic check,74.96,359.3,2,No
1823-KUBVF,Male,0,Yes,No,40,Yes,Yes,Fiber optic,Yes,No,No,No,No,No,Month-to-month,No,Mailed check,81.38,3251.32,1,No
1824-ZZFNY,Female,0,No,No,12,Yes,No,Fiber optic,No,No,No,No,Yes,No,Two year,No,Mailed check,78.57,1052.29,1,No
1825-KHHAU,Male,0,No,No,3,Yes,Yes,Fiber optic,Yes,Yes,No,No,Yes,No,Month-to-month,Yes,Electronic check,64.41,153.24,3,Yes
1826-GFUHS,Female,0,No,No,19,Yes,Yes,No,No internet service,No internet service,No internet service,No internet service,No internet service,No internet service,Month-to-month,No,Electronic check,35.21,672.22,1,Yes
1827-VUXTH,Male,0,No,No,8,Yes,No,No,No internet service,No internet service,No internet service,No internet service,No internet service,No internet service,Month-to-month,Yes,Mailed check,18.0,69.46,1,Yes
1828-ZNRYP,Male,0,No,No,72,Yes,No,Fiber optic,No,No,No,No,No,No,Month-to-month,No,Electronic check,61.49,4357.71,2,No
1829-IOZJV,Male,1,No,Yes,14,No,No phone service,DSL,Yes,No,No,No,No,Yes,Two year,Yes,Electronic check,54.58,809.44,0,No
1830-PDTMV,Male,0,Yes,No,27,Yes,No,Fiber optic,No,No,No,Yes,Yes,No,Two year,No,Credit card (automatic),75.07,1985.95,0,No
1831-EVGWI,Female,0,No,No,72,Yes,Yes,DSL,No,No,No,Yes,No,No,Month-to-month,Yes,Bank transfer (automatic),43.9,3177.21,1,No
1832-HPFPF,Female,0,No,No,16,No,No phone service,Fiber optic,No,No,No,No,Yes,Yes,Two year,Yes,Bank transfer (automatic),78.28,1231.64,0,No
1833-NUAYI,Male,0,Yes,No,14,Yes,Yes,Fiber optic,Yes,No,No,No,Yes,No,Month-to-month,Yes,Bank transfer (automatic),67.55,1073.13,0,No
1834-YXMZS,Female,0,No,Yes,5,Yes,Yes,DSL,Yes,No,No,No,Yes,Yes,One year,Yes,Electronic check,46.68,276.3,2,No
1835-QKHWE,Female,1,Yes,No,72,Yes,No,No,No internet service,No internet service,No internet service,No internet service,No internet service,No internet service,Month-to-month,No,Electronic check,33.77,2435.97,1,No
1836-JGJDI,Male,1,Yes,No,51,No,No phone service,Fiber optic,Yes,No,No,Yes,Yes,Yes,One year,No,Electronic check,73.29,3757.78,0,No
1837-ZNBYI,Male,0,No,Yes,7,No,No phone service,DSL,No,No,No,No,No,No,Month-to-month,No,Credit card (automatic),39.25,208.95,3,No
1838-UAWJJ,Female,0,No,No,12,Yes,Yes,DSL,Yes,Yes,No,No,No,Yes,Month-to-month,No,Credit card (automatic),41.4,510.27,5,No
1839-TYVCF,Female,0,Yes,No,72,Yes,Yes,No,No internet service,No internet service,No internet service,No internet service,No internet service,No internet service,Month-to-month,Yes,Electronic check,38.95,2784.19,1,No
1840-ZFUBZ,Female,0,No,Yes,24,Yes,Yes,Fiber optic,Yes,No,Yes,No,No,No,Month-to-month,No,Electronic check,63.97,1607.7,0,Yes
1841-ZRWBL,Female,0,No,No,26,No,No phone service,No,No internet service,No internet service,No internet service,No internet service,No internet service,No internet service,Month-to-month,Yes,Bank transfer (automatic),19.68,509.83,1,No
1842-VETGX,Male,0,No,No,33,Yes,No,Fiber optic,No,Yes,Yes,No,No,No,One year,Yes,Bank transfer (automatic),60.08,1941.62,0,No
1843-PTAAQ,Female,0,No,Yes,45,No,No phone service,DSL,Yes,No,Yes,No,No,No,One year,Yes,Credit card (automatic),25.76,1234.77,0,No
1844-AUTMI,Female,0,No,No,72,Yes,Yes,Fiber optic,Yes,Yes,No,Yes,No,No,Month-to-month,No,Electronic check,65.21,4663.31,0,No
1845-OCNWK,Female,0,No,No,51,Yes,No,DSL,No,No,Yes,No,Yes,No,Month-to-month,Yes,Credit card (automatic),39.78,1974.16,3,Yes
1846-XVLMZ,Male,1,No,Yes,72,Yes,No,No,No internet service,No internet service,No internet service,No internet service,No internet service,No internet service,One year,Yes,Credit card (automatic),20.69,1500.93,1,No
1847-MAXJC,Female,0,Yes,Yes,54,Yes,Yes,Fiber optic,Yes,No,No,No,Yes,No,Month-to-month,Yes,Mailed check,52.46,2816.72,3,No
1848-XDPHP,Female,1,Yes,No,1,Yes,No,No,No internet service,No internet service,No internet service,No internet service,No internet service,No internet service,Month-to-month,Yes,Electronic check,19.81,18.0,3,No
1849-QSVOP,Male,0,Yes,No,4,Yes,No,Fiber optic,Yes,Yes,No,No,Yes,No,Two year,Yes,Bank transfer (automatic),62.02,186.15,1,No
1850-OYBKA,Male,0,No,No,69,Yes,Yes,DSL,No,No,No,No,No,Yes,One year,No,Bank transfer (automatic),47.39,3223.57,4,No
1851-OZSDK,Female,0,Yes,No,1,Yes,Yes,Fiber optic,No,No,No,No,No,Yes,Month-to-month,Yes,Electronic check,47.68,30.29,2,No
1852-ECMJK,Male,0,Yes,No,50,Yes,Yes,Fiber optic,Yes,No,Yes,No,No,Yes,Month-to-month,Yes,Credit card (automatic),82.47,4041.26,3,No
1853-RBGIJ,Female,0,No,No,60,Yes,Yes,No,No internet service,No internet service,No internet service,No internet service,No internet service,No internet service,Month-to-month,No,Bank transfer (automatic),21.97,1292.24,0,No
1854-RWGGC,Female,1,No,No,17,Yes,Yes,Fiber optic,No,Yes,No,No,No,Yes,Month-to-month,No,Mailed check,80.86,1420.46,1,No
1855-LGQZA,Male,0,No,No,14,No,No phone service,Fiber optic,Yes,No,No,No,No,Yes,Two year,Yes,Bank transfer (automatic),65.65,903.64,1,No
1856-EPOBI,Male,0,Yes,No,6,Yes,Yes,DSL,No,No,Yes,No,Yes,No,One year,Yes,Mailed check,47.39,192.24,2,No
1857-GDTRU,Male,0,Yes,No,1,Yes,No,DSL,Yes,No,No,No,No,No,Month-to-month,Yes,Electronic check,31.99,78.63,2,No
1858-DMAXC,Female,1,Yes,No,43,Yes,Yes,Fiber optic,Yes,No,No,No,No,Yes,Two year,Yes,Bank transfer (automatic),61.2,2552.88,0,No
1859-PVDYW,Male,0,Yes,Yes,2,Yes,Yes,Fiber optic,No,Yes,No,No,Yes,No,One year,No,Electronic check,57.96,144.35,1,Yes
1860-YPZSA,Female,0,Yes,Yes,72,Yes,Yes,Fiber optic,No,No,No,Yes,No,No,Two year,Yes,Credit card (automatic),61.63,4456.85,2,No
1861-ESVXK,Male,1,Yes,Yes,11,Yes,No,Fiber optic,No,No,Yes,No,Yes,Yes,Month-to-month,Yes,Electronic check,59.03,575.16,2,Yes
1862-MTEUD,Female,0,Yes,No,50,Yes,No,DSL,No,No,Yes,No,No,No,Two year,Yes,Electronic check,60.93,3023.92,1,No
1863-DDDTU,Female,0,No,Yes,1,Yes,No,Fiber optic,No,Yes,No,No,Yes,No,Two year,No,Mailed check,55.41,108.59,1,Yes
1864-RRPIR,Male,0,Yes,Yes,24,No,No phone service,DSL,No,Yes,No,No,No,Yes,Month-to-month,No,Mailed check,38.26,894.17,0,Yes
1865-VBUDL,Male,0,Yes,No,13,Yes,Yes,Fiber optic,No,No,No,No,No,No,Two year,No,Mailed check,70.85,844.79,0,Yes
1866-GOGVZ,Female,1,No,Yes,1,Yes,No,DSL,No,No,No,Yes,Yes,No,Month-to-month,Yes,Bank transfer (automatic),60.45,111.18,2,No
1867-UQPSI,Male,0,No,Yes,34,Yes,Yes,Fiber optic,No,Yes,No,Yes,No,Yes,Month-to-month,No,Mailed check,71.52,2410.38,2,No
1868-NQEBT,Male,0,No,No,72,Yes,No,DSL,No,Yes,No,No,No,No,Month-to-month,Yes,Bank transfer (automatic),57.41,4204.66,2,No
1869-PNNAC,Male,1,No,No,1,Yes,Yes,No,No internet service,No internet service,No internet service,No internet service,No internet service,No internet service,Two year,No,Electronic check,33.02,25.27,1,No
1870-ZGZOS,Male,0,No,Yes,10,No,No phone service,Fiber optic,No,No,Yes,Yes,Yes,No,Month-to-month,Yes,Electronic check,70.39,695.79,2,Yes
1871-TBSIS,Male,1,No,No,38,Yes,Yes,Fiber optic,No,No,Yes,No,Yes,No,Month-to-month,Yes,Electronic check,60.97,2321.51,2,Yes
1872-ERPDL,Male,0,No,No,65,Yes,No,No,No internet service,No internet service,No internet service,No internet service,No internet service,No internet service,Month-to-month,No,Electronic check,28.67,1869.93,0,No
1873-GNWLC,Male,0,Yes,No,6,No,No phone service,DSL,No,No,Yes,No,Yes,Yes,Month-to-month,No,Electronic check,37.35,157.08,4,Yes
1874-EQZJJ,Female,0,Yes,No,2,Yes,No,Fiber optic,Yes,No,Yes,No,Yes,Yes,Month-to-month,Yes,Credit card (automatic),71.4,75.81,0,No
1875-KQEMJ,Male,1,No,Yes,1,Yes,Yes,No,No internet service,No internet service,No internet service,No internet service,No internet service,No internet service,Month-to-month,Yes,Mailed check,18.0,18.0,1,No
1876-IQADD,Female,0,No,No,7,Yes,No,Fiber optic,Yes,Yes,Yes,Yes,Yes,No,Month-to-month,Yes,Bank transfer (automatic),70.37,578.75,3,Yes
1877-RIYRN,Male,1,No,No,2,Yes,Yes,Fiber optic,No,No,No,No,No,No,Month-to-month,No,Bank transfer (automatic),58.77,43.54,0,No
1878-YOFXJ,Female,0,No,No,14,Yes,No,Fiber optic,No,No,Yes,No,No,No,Month-to-month,No,Electronic check,70.09,947.19,1,Yes
1879-ODRRY,Female,0,No,No,18,Yes,No,Fiber optic,No,No,Yes,Yes,No,No,Month-to-month,Yes,Credit card (automatic),64.52,1165.42,1,Yes
1880-QLGPK,Male,0,No,No,20,Yes,No,Fiber optic,No,No,Yes,No,No,Yes,One year,Yes,Mailed check,57.21,1101.67,1,No
1881-NCSRJ,Male,0,No,No,4,Yes,No,DSL,No,Yes,No,No,No,Yes,Month-to-month,Yes,Bank transfer (automatic),57.84,264.96,1,Yes
1882-FMJRZ,Male,0,Yes,No,19,Yes,No,Fiber optic,Yes,Yes,No,No,No,No,Month-to-month,Yes,Electronic check,68.95,1304.16,1,Yes
1883-TZPYY,Male,1,Yes,No,1,Yes,Yes,Fiber optic,No,Yes,No,No,Yes,Yes,One year,Yes,Mailed check,76.54,67.53,3,Yes
1884-FMDWN,Female,0,No,No,8,Yes,Yes,No,No internet service,No internet service,No internet service,No internet service,No internet service,No internet service,One year,No,Electronic check,29.36,283.61,0,No
1885-ATEHL,Female,0,No,No,14,Yes,Yes,Fiber optic,No,Yes,No,No,Yes,Yes,One year,Yes,Electronic check,64.11,800.57,2,No
1886-BLEVE,Male,1,Yes,Yes,4,No,No phone service,No,No internet service,No internet service,No internet service,No internet service,No internet service,No internet service,Two year,No,Mailed check,26.05,38.6,3,No
1887-MIJAC,Female,0,No,No,53,No,No phone service,Fiber optic,No,Yes,No,Yes,No,No,Month-to-month,No,Credit card (automatic),64.11,3453.36,5,No
1888-RLCZY,Male,1,No,Yes,7,Yes,No,Fiber optic,No,Yes,No,No,Yes,No,Month-to-month,Yes,Credit card (automatic),65.8,410.32,1,Yes
1889-IZBCN,Female,0,Yes,No,44,Yes,Yes,DSL,Yes,Yes,Yes,No,No,Yes,One year,No,Bank transfer (automatic),51.57,2219.23,1,No
1890-DYSMG,Male,0,No,Yes,20,Yes,Yes,DSL,Yes,Yes,No,Yes,No,No,Month-to-month,Yes,Credit card (automatic),39.23,827.6,1,Yes
1891-LCWWI,Female,0,No,Yes,20,Yes,No,No,No internet service,No internet service,No internet service,No internet service,No internet service,No internet service,Month-to-month,No,Credit card (automatic),38.93,719.93,1,No
1892-BVILL,Male,0,No,No,33,Yes,No,Fiber optic,No,Yes,No,No,No,Yes,Month-to-month,No,Bank transfer (automatic),89.42,2935.37,2,Yes
1893-OBRMN,Female,0,No,Yes,1,Yes,No,No,No internet service,No internet service,No internet service,No internet service,No internet service,No internet service,One year,No,Electronic check,35.4,18.0,1,No
1894-EZJLJ,Male,1,Yes,Yes,2,Yes,Yes,Fiber optic,Yes,No,No,Yes,No,No,One year,Yes,Electronic check,74.08,184.95,2,No
1895-XKYBE,Male,0,No,No,12,Yes,No,Fiber optic,No,Yes,No,No,No,No,Month-to-month,Yes,Bank transfer (automatic),66.57,836.44,0,Yes
1896-GFVWC,Female,0,No,No,17,Yes,No,Fiber optic,No,No,No,No,Yes,No,One year,Yes,Mailed check,70.12,1207.1,1,Yes
1897-MCZYX,Female,1,No,No,17,Yes,No,Fiber optic,No,Yes,No,No,No,No,Month-to-month,No,Electronic check,73.53,1310.09,1,Yes
1898-UFKZQ,Female,0,Yes,No,36,Yes,Yes,DSL,Yes,No,No,No,No,No,One year,Yes,Credit card (automatic),48.84,1707.04,0,No
1899-JLQDB,Female,1,No,Yes,1,Yes,No,DSL,No,Yes,No,No,No,Yes,One year,Yes,Electronic check,38.95,18.0,0,Yes
1900-KGBZR,Female,0,No,No,72,Yes,Yes,No,No internet service,No internet service,No internet service,No internet service,No internet service,No internet service,Month-to-month,Yes,Credit card (automatic),39.84,2978.01,1,No
1901-UDHTN,Male,0,Yes,No,6,Yes,No,Fiber optic,No,No,Yes,No,No,No,Month-to-month,No,Mailed check,66.68,432.47,1,No
1902-LVURK,Female,0,Yes,No,9,Yes,No,Fiber optic,Yes,Yes,No,Yes,Yes,Yes,One year,No,Mailed check,56.01,546.89,0,No
1903-HBYOI,Female,0,Yes,No,72,Yes,No,DSL,No,Yes,Yes,No,No,No,Month-to-month,No,Bank transfer (automatic),44.9,3277.0,2,No
1904-STHYS,Female,0,No,No,1,Yes,No,No,No internet service,No internet service,No internet service,No internet service,No internet service,No internet service,Two year,Yes,Mailed check,18.0,87.31,1,No
1905-EKOHS,Female,0,No,No,72,Yes,Yes,No,No internet service,No internet service,No internet service,No internet service,No internet service,No internet service,One year,No,Bank transfer (automatic),19.3,1442.87,0,No
1906-WHZSR,Male,0,No,Yes,1,Yes,No,Fiber optic,No,No,Yes,Yes,No,No,One year,Yes,Bank transfer (automatic),68.62,44.6,3,No
1907-JGIAS,Male,0,Yes,Yes,4,Yes,No,Fiber optic,Yes,No,Yes,No,Yes,Yes,One year,Yes,Bank transfer (automatic),78.35,246.11,0,No
1908-ESAOP,Male,1,No,No,8,Yes,No,Fiber optic,Yes,No,No,No,Yes,No,Month-to-month,Yes,Credit card (automatic),80.47,697.88,3,Yes
1909-WGZLH,Male,0,No,Yes,18,Yes,Yes,Fiber optic,No,No,No,Yes,No,No,Month-to-month,No,Electronic check,63.3,1224.3,3,No
1910-EJUEQ,Female,0,Yes,No,23,No,No phone service,No,No internet service,No internet service,No internet service,No internet service,No internet service,No internet service,One year,No,Electronic check,18.0,467.55,1,No
1911-ZEVOM,Male,0,No,Yes,3,Yes,No,No,No internet service,No internet service,No internet service,No internet service,No internet service,No internet service,Two year,No,Mailed check,21.47,95.07,2,No
1912-AKWAK,Male,0,No,No,2,Yes,Yes,Fiber optic,Yes,No,Yes,No,No,Yes,One year,Yes,Credit card (automatic),66.77,214.73,4,No
1913-RRUZP,Female,0,Yes,No,1,Yes,No,DSL,No,No,No,Yes,Yes,Yes,Month-to-month,Yes,Mailed check,39.6,60.72,2,No
1914-MGAZP,Female,0,Yes,No,9,Yes,No,DSL,Yes,No,No,No,Yes,Yes,Two year,Yes,Credit card (automatic),42.17,319.21,1,Yes
1915-AQFBQ,Female,0,No,No,72,Yes,No,Fiber optic,Yes,No,No,No,Yes,No,One year,No,Bank transfer (automatic),85.48,6191.45,2,No
1916-FNRFJ,Female,0,Yes,No,15,Yes,Yes,Fiber optic,Yes,No,No,No,No,Yes,One year,No,Electronic check,56.91,876.76,0,No
1917-XRIHJ,Female,0,Yes,No,46,Yes,No,DSL,No,No,No,Yes,Yes,Yes,Month-to-month,No,Bank transfer (automatic),38.64,1766.71,0,Yes
1918-QWZFN,Female,1,No,Yes,6,Yes,Yes,DSL,No,No,Yes,No,Yes,No,One year,No,Electronic check,35.0,216.12,0,No
1919-VVFZG,Male,0,No,No,2,Yes,No,Fiber optic,Yes,Yes,No,No,No,No,Two year,Yes,Mailed check,77.49,241.75,1,No
1920-LCNVS,Male,0,No,No,25,Yes,No,DSL,Yes,Yes,No,Yes,No,No,Month-to-month,Yes,Electronic check,49.35,1271.58,2,Yes
1921-WPGHR,Female,0,Yes,No,55,Yes,Yes,DSL,No,Yes,Yes,No,Yes,Yes,One year,No,Mailed check,42.51,2381.9,3,No
1922-YMUIJ,Male,0,No,Yes,72,No,No phone service,Fiber optic,No,No,Yes,No,No,No,Two year,Yes,Bank transfer (automatic),73.08,5230.78,3,No
1923-UWIOT,Female,0,No,Yes,25,Yes,Yes,No,No internet service,No internet service,No internet service,No internet service,No internet service,No internet service,Two year,Yes,Electronic check,18.0,367.16,3,No
1924-BYMBS,Female,0,No,No,11,Yes,Yes,Fiber optic,No,No,No,Yes,Yes,No,Two year,No,Bank transfer (automatic),78.05,900.17,0,No
1925-ZBCFC,Male,0,Yes,Yes,3,Yes,Yes,Fiber optic,Yes,No,Yes,No,No,Yes,One year,Yes,Mailed check,60.25,123.57,1,No
1926-JXFWP,Male,0,No,No,35,Yes,No,No,No internet service,No internet service,No internet service,No internet service,No internet service,No internet service,Two year,Yes,Credit card (automatic),18.0,679.29,1,No
1927-QSCRG,Male,0,No,No,10,Yes,No,DSL,Yes,Yes,No,No,No,Yes,Month-to-month,Yes,Electronic check,51.54,436.98,2,Yes
1928-ITLEC,Male,0,No,Yes,59,Yes,No,Fiber optic,Yes,No,No,Yes,No,No,Month-to-month,No,Bank transfer (automatic),44.45,2653.77,3,No
1929-KYDEA,Male,0,No,No,29,No,No phone service,No,No internet service,No internet service,No internet service,No internet service,No internet service,No internet service,Month-to-month,Yes,Electronic check,18.0,585.69,1,No
1930-RLMIB,Female,0,Yes,No,62,Yes,Yes,DSL,Yes,No,No,No,No,Yes,Month-to-month,No,Mailed check,46.75,2941.81,0,No
1931-EMPPX,Male,0,No,No,26,Yes,Yes,No,No internet service,No internet service,No internet service,No internet service,No internet service,No internet service,One year,No,Credit card (automatic),20.21,520.19,3,No
1932-CVDKW,Male,0,No,No,47,Yes,No,Fiber optic,No,Yes,No,No,No,Yes,Month-to-month,Yes,Credit card (automatic),76.21,3647.74,1,Yes
1933-ZNCPV,Female,0,No,No,11,Yes,No,DSL,No,Yes,Yes,No,No,No,Two year,Yes,Mailed check,48.36,511.91,0,No
1934-OJIKP,Male,0,Yes,No,22,No,No phone service,No,No internet service,No internet service,No internet service,No internet service,No internet service,No internet service,Month-to-month,Yes,Bank transfer (automatic),19.81,415.14,2,No
1935-JQSBX,Male,0,No,No,1,Yes,Yes,Fiber optic,Yes,No,No,Yes,No,No,Two year,Yes,Bank transfer (automatic),50.81,118.3,2,No
1936-WBFSH,Male,0,No,No,29,Yes,Yes,Fiber optic,Yes,Yes,No,Yes,No,No,Two year,No,Mailed check,59.94,1679.68,2,No
1937-ZCZNY,Male,0,No,No,24,Yes,No,Fiber optic,No,No,Yes,No,No,No,Month-to-month,No,Credit card (automatic),66.98,1576.64,4,Yes
1938-PAUCV,Male,0,No,No,45,Yes,Yes,Fiber optic,No,Yes,Yes,No,Yes,Yes,Month-to-month,Yes,Bank transfer (automatic),52.93,2359.55,6,Yes
1939-ZRIFW,Female,0,Yes,No,41,Yes,Yes,DSL,No,No,No,No,Yes,Yes,Two year,No,Electronic check,27.4,1144.98,1,No
1940-UYAUJ,Male,0,No,No,31,Yes,Yes,Fiber optic,No,No,Yes,Yes,Yes,No,Two year,No,Bank transfer (automatic),83.11,2617.14,2,No
1941-FWLDM,Male,0,No,Yes,1,Yes,No,Fiber optic,No,No,No,No,No,Yes,One year,No,Mailed check,77.13,29.85,2,Yes
1942-QHZTC,Female,0,No,Yes,72,Yes,No,Fiber optic,No,No,No,No,No,No,Two year,No,Credit card (automatic),64.61,4641.8,2,No
1943-LGLBX,Male,0,Yes,No,1,Yes,Yes,Fiber optic,Yes,No,No,No,Yes,Yes,One year,Yes,Mailed check,74.59,90.3,1,No
1944-NVWEI,Female,0,Yes,Yes,52,Yes,No,No,No internet service,No internet service,No internet service,No internet service,No internet service,No internet service,Month-to-month,Yes,Electronic check,18.0,958.82,2,No
1945-UKECQ,Female,0,No,No,20,Yes,No,DSL,No,Yes,Yes,Yes,No,Yes,One year,Yes,Electronic check,50.71,1141.67,0,No
1946-BXAGN,Female,0,Yes,No,54,Yes,No,No,No internet service,No internet service,No internet service,No internet service,No internet service,No internet service,One year,No,Electronic check,19.66,1146.81,0,No
1947-ESKWY,Male,0,No,No,20,Yes,No,DSL,No,No,No,Yes,No,No,One year,Yes,Mailed check,60.47,1187.91,1,No
1948-BHICB,Male,0,Yes,Yes,33,Yes,No,No,No internet service,No internet service,No internet service,No internet service,No internet service,No internet service,Month-to-month,Yes,Bank transfer (automatic),28.78,935.65,2,No
1949-GEUZE,Male,1,No,No,14,No,No phone service,No,No internet service,No internet service,No internet service,No internet service,No internet service,No internet service,One year,No,Bank transfer (automatic),18.0,279.61,1,No
1950-TMUTF,Male,1,No,Yes,43,Yes,No,Fiber optic,No,Yes,Yes,No,No,No,Two year,No,Credit card (automatic),88.1,3840.75,0,No
1951-TRYBY,Female,0,Yes,No,9,Yes,No,Fiber optic,No,No,No,No,No,No,Two year,Yes,Electronic check,77.62,718.38,0,Yes
1952-ZFIYC,Female,0,No,No,40,Yes,No,Fiber optic,No,Yes,No,No,Yes,No,Month-to-month,Yes,Bank transfer (automatic),78.94,3172.09,1,No
1953-AASEM,Female,0,Yes,Yes,6,Yes,No,No,No internet service,No internet service,No internet service,No internet service,No internet service,No internet service,One year,Yes,Bank transfer (automatic),18.43,158.14,1,Yes
1954-SLPYY,Male,0,Yes,Yes,40,No,No phone service,DSL,Yes,No,No,Yes,No,Yes,Two year,No,Credit card (automatic),62.21,2509.5,1,No
1955-SCLEB,Female,0,Yes,Yes,11,No,No phone service,Fiber optic,No,No,No,No,No,No,One year,No,Credit card (automatic),69.06,728.4,2,No
1956-VGMYO,Male,0,No,Yes,10,Yes,No,Fiber optic,No,No,No,No,No,No,Month-to-month,No,Electronic check,67.64,687.63,2,Yes
1957-VCUTE,Female,0,Yes,Yes,53,Yes,No,No,No internet service,No internet service,No internet service,No internet service,No internet service,No internet service,One year,Yes,Credit card (automatic),31.7,1712.43,5,No
1958-XHVAH,Female,1,Yes,No,53,Yes,No,DSL,Yes,Yes,No,No,No,Yes,Two year,Yes,Credit card (automatic),44.71,2413.57,1,No
1959-XRTPR,Female,0,No,No,37,Yes,No,Fiber optic,Yes,Yes,No,No,No,Yes,One year,Yes,Credit card (automatic),67.72,2514.6,0,No
1960-TLMMJ,Male,0,Yes,No,72,Yes,Yes,Fiber optic,No,Yes,No,No,No,Yes,One year,Yes,Mailed check,83.16,6036.51,0,Yes
1961-GYNXP,Female,1,Yes,No,5,Yes,No,No,No internet service,No internet service,No internet service,No internet service,No internet service,No internet service,Month-to-month,Yes,Credit card (automatic),18.0,86.17,0,No
1962-OLIHR,Female,0,Yes,No,10,Yes,Yes,DSL,No,No,No,Yes,Yes,No,One year,No,Electronic check,62.58,557.74,2,No
1963-WRMRO,Male,0,Yes,Yes,11,Yes,Yes,No,No internet service,No internet service,No internet service,No internet service,No internet service,No internet service,Month-to-month,Yes,Mailed check,18.72,200.44,1,Yes
1964-DQEVP,Female,0,Yes,Yes,11,Yes,No,DSL,No,Yes,No,Yes,No,No,Two year,Yes,Bank transfer (automatic),41.64,341.8,1,No
1965-IJXRQ,Female,0,Yes,No,12,Yes,Yes,DSL,Yes,No,No,Yes,Yes,No,Month-to-month,No,Electronic check,49.07,611.68,1,No
1966-RGDZE,Male,0,Yes,No,38,Yes,No,Fiber optic,Yes,No,Yes,No,No,No,Month-to-month,No,Bank transfer (automatic),76.82,2873.61,3,No
1967-WPCZR,Male,0,Yes,Yes,10,Yes,No,DSL,No,No,No,No,Yes,No,Month-to-month,No,Electronic check,37.01,283.34,1,No
1968-WUNOQ,Male,0,Yes,No,10,Yes,Yes,Fiber optic,No,No,No,No,Yes,Yes,Month-to-month,No,Credit card (automatic),56.29,494.57,2,Yes
1969-AYUQW,Male,0,No,Yes,27,Yes,Yes,No,No internet service,No internet service,No internet service,No internet service,No internet service,No internet service,Month-to-month,Yes,Mailed check,18.0,507.33,2,No
1970-YKQZN,Female,0,No,No,6,Yes,No,Fiber optic,Yes,No,No,Yes,Yes,No,Month-to-month,No,Bank transfer (automatic),73.87,386.02,0,Yes
1971-TSUGX,Female,0,Yes,No,14,Yes,Yes,No,No internet service,No internet service,No internet service,No internet service,No internet service,No internet service,Month-to-month,Yes,Electronic check,20.93,262.36,2,No
1972-MRWNA,Male,1,No,No,1,Yes,No,Fiber optic,Yes,No,Yes,Yes,No,No,One year,No,Electronic check,75.77,87.46,1,Yes
1973-GHRIA,Female,0,No,Yes,72,Yes,Yes,No,No internet service,No internet service,No internet service,No internet service,No internet service,No internet service,Month-to-month,Yes,Electronic check,18.0,1248.94,2,No
1974-VQSFC,Female,0,No,Yes,12,Yes,No,DSL,Yes,No,No,No,No,No,Month-to-month,Yes,Electronic check,56.58,692.26,3,No
1975-XEBTY,Male,0,Yes,No,60,Yes,Yes,No,No internet service,No internet service,No internet service,No internet service,No internet service,No internet service,Month-to-month,No,Electronic check,27.69,1715.54,0,No
1976-DJJXU,Female,0,No,No,24,Yes,No,DSL,No,No,Yes,No,No,No,Two year,Yes,Bank transfer (automatic),60.36,1436.55,2,No
1977-KPZQP,Female,0,Yes,No,8,Yes,No,Fiber optic,No,No,Yes,No,No,No,Month-to-month,Yes,Credit card (automatic),72.11,582.97,3,Yes
1978-GPCZP,Female,0,No,No,6,Yes,No,Fiber optic,No,No,No,No,Yes,No,Month-to-month,Yes,Electronic check,70.02,510.03,3,Yes
1979-HLCQU,Male,1,Yes,No,37,Yes,No,No,No internet service,No internet service,No internet service,No internet service,No internet service,No internet service,One year,No,Electronic check,19.85,750.66,1,No
1980-RKDPQ,Female,1,Yes,Yes,72,Yes,Yes,Fiber optic,Yes,No,Yes,No,Yes,No,Month-to-month,No,Credit card (automatic),73.12,5281.29,1,Yes
1981-IFXTY,Female,1,No,No,6,Yes,Yes,Fiber optic,No,No,No,No,Yes,No,Two year,Yes,Electronic check,60.29,471.72,1,Yes
1982-BIUFC,Female,0,No,Yes,3,Yes,Yes,No,No internet service,No internet service,No internet service,No internet service,No internet service,No internet service,Month-to-month,Yes,Electronic check,18.0,59.05,2,No
1983-TFGAW,Male,1,No,No,15,Yes,No,No,No internet service,No internet service,No internet service,No internet service,No internet service,No internet service,Month-to-month,Yes,Bank transfer (automatic),35.88,542.99,2,No
1984-AEFMB,Male,0,Yes,No,16,Yes,No,DSL,No,No,No,No,Yes,No,Month-to-month,Yes,Electronic check,46.05,781.48,1,Yes
1985-OOMZY,Female,1,Yes,No,52,Yes,No,No,No internet service,No internet service,No internet service,No internet service,No internet service,No internet service,Two year,Yes,Mailed check,20.39,1043.08,2,No
1986-NZVGN,Female,1,No,Yes,20,Yes,No,Fiber optic,No,Yes,Yes,No,Yes,Yes,Month-to-month,Yes,Mailed check,69.27,1333.06,2,No
1987-ZXJQN,Male,1,No,No,2,Yes,No,No,No internet service,No internet service,No internet service,No internet service,No internet service,No internet service,One year,Yes,Mailed check,21.64,18.0,2,No
1988-HDZPX,Male,0,No,Yes,72,No,No phone service,DSL,No,No,No,No,No,No,Month-to-month,Yes,Electronic check,50.68,3744.13,3,Yes
1989-MVYTR,Male,0,No,No,14,Yes,No,DSL,No,No,Yes,No,Yes,Yes,Two year,Yes,Mailed check,33.43,429.65,2,No
1990-NREZI,Male,0,Yes,No,35,Yes,No,Fiber optic,No,No,No,No,No,Yes,Month-to-month,No,Bank transfer (automatic),60.83,2116.22,3,Yes
1991-CHTVJ,Female,0,Yes,No,35,Yes,Yes,DSL,No,No,No,No,No,Yes,Month-to-month,No,Electronic check,44.59,1475.47,1,No
1992-VSUCK,Male,0,Yes,No,1,Yes,Yes,Fiber optic,No,No,No,Yes,No,Yes,One year,Yes,Electronic check,66.86,93.66,0,Yes
1993-KQPGD,Male,0,No,No,1,Yes,No,Fiber optic,No,No,No,No,No,Yes,Month-to-month,Yes,Mailed check,63.74,127.15,3,No
1994-WSLOK,Male,0,No,Yes,2,No,No phone service,Fiber optic,Yes,No,No,No,Yes,No,Month-to-month,No,Credit card (automatic),67.55,224.09,2,No
1995-EEORK,Male,0,Yes,No,72,No,No phone service,Fiber optic,No,No,No,No,No,No,Month-to-month,No,Credit card (automatic),63.2,4611.16,1,No
1996-ZLBTO,Female,0,Yes,Yes,50,No,No phone service,Fiber optic,No,No,No,No,No,No,One year,Yes,Credit card (automatic),63.94,3199.64,1,No
1997-TDVRF,Female,1,Yes,No,4,Yes,No,Fiber optic,No,No,No,Yes,No,Yes,One year,No,Electronic check,58.05,310.82,2,No
1998-WZSKX,Female,0,Yes,Yes,30,Yes,Yes,DSL,Yes,No,Yes,Yes,No,No,Two year,No,Bank transfer (automatic),52.52,1557.06,1,No
1999-BHKER,Female,0,No,Yes,30,Yes,No,No,No internet service,No internet service,No internet service,No internet service,No internet service,No internet service,One year,Yes,Credit card (automatic),20.17,632.37,1,No
2000-WRNVJ,Male,0,Yes,Yes,1,No,No phone service,No,No internet service,No internet service,No internet service,No internet service,No internet service,No internet service,Month-to-month,No,Bank transfer (automatic),31.09,26.75,2,No
2001-CICKL,Female,0,No,Yes,17,Yes,Yes,DSL,No,No,No,No,Yes,No,Month-to-month,No,Bank transfer (automatic),42.24,742.9,5,No
2002-LCUGN,Female,0,No,No,39,Yes,No,No,No internet service,No internet service,No internet service,No internet service,No internet service,No internet service,Month-to-month,Yes,Electronic check,39.3,1496.73,3,Yes
2003-XKGYU,Male,0,Yes,No,6,Yes,No,DSL,Yes,No,No,No,No,Yes,Month-to-month,No,Bank transfer (automatic),54.19,199.78,3,Yes
2004-JKOSP,Female,1,Yes,Yes,60,Yes,No,DSL,Yes,No,No,No,No,No,Month-to-month,No,Bank transfer (automatic),35.33,2199.2,1,No
2005-VUTLR,Female,0,No,Yes,34,Yes,No,Fiber optic,No,No,Yes,No,No,Yes,Month-to-month,Yes,Electronic check,65.02,2127.68,1,Yes
2006-WMEDN,Female,0,Yes,No,1,No,No phone service,Fiber optic,No,Yes,No,Yes,No,Yes,Month-to-month,Yes,Mailed check,84.62,128.85,1,No
2007-HIYSC,Male,0,No,No,61,Yes,No,DSL,No,No,Yes,Yes,No,No,One year,Yes,Mailed check,40.1,2588.19,2,No
2008-EUZRA,Male,0,No,No,1,Yes,Yes,No,No internet service,No internet service,No internet service,No internet service,No internet service,No internet service,One year,Yes,Electronic check,44.1,18.0,0,Yes
2009-HSQQK,Male,0,Yes,No,70,Yes,Yes,No,No internet service,No internet service,No internet service,No internet service,No internet service,No internet service,Two year,Yes,Credit card (automatic),31.69,2246.57,1,No
2010-BFVNC,Female,0,No,No,12,Yes,No,No,No internet service,No internet service,No internet service,No internet service,No internet service,No internet service,Two year,No,Electronic check,20.91,253.4,2,Yes
2011-LDLMB,Male,0,No,No,38,Yes,No,DSL,No,No,Yes,No,Yes,Yes,Month-to-month,No,Credit card (automatic),47.51,1805.54,1,No
2012-BOWQG,Male,0,Yes,No,49,Yes,No,No,No internet service,No internet service,No internet service,No internet service,No internet service,No internet service,One year,Yes,Electronic check,32.88,1627.45,4,No
2013-NLQNF,Female,0,No,Yes,10,Yes,No,Fiber optic,No,No,Yes,Yes,No,Yes,Month-to-month,No,Mailed check,91.2,989.73,1,Yes
2014-SXFRX,Male,0,Yes,No,14,Yes,No,Fiber optic,Yes,Yes,No,No,No,No,One year,No,Credit card (automatic),75.35,1020.75,1,No
2015-EXXFB,Female,1,No,Yes,22,Yes,Yes,No,No internet service,No internet service,No internet service,No internet service,No internet service,No internet service,One year,Yes,Electronic check,20.43,535.72,0,No
2016-HOOKV,Female,0,No,No,27,Yes,No,Fiber optic,No,Yes,No,Yes,Yes,No,Month-to-month,Yes,Bank transfer (automatic),67.72,1835.27,1,No
2017-VXARL,Male,1,No,No,11,Yes,Yes,Fiber optic,Yes,No,Yes,Yes,Yes,Yes,Month-to-month,No,Mailed check,69.24,728.16,1,No
2018-LYKHG,Female,0,Yes,No,72,Yes,No,Fiber optic,No,Yes,No,No,Yes,No,Month-to-month,No,Mailed check,71.46,5031.05,0,No
2019-WUBKV,Female,0,Yes,Yes,42,Yes,Yes,Fiber optic,No,No,No,Yes,No,Yes,Month-to-month,Yes,Mailed check,68.04,2869.4,3,Yes
2020-JCTJR,Female,0,Yes,No,10,Yes,No,No,No internet service,No internet service,No internet service,No internet service,No internet service,No internet service,Month-to-month,Yes,Mailed check,18.77,156.39,7,Yes
2021-NRXHJ,Male,0,No,Yes,32,Yes,Yes,No,No internet service,No internet service,No internet service,No internet service,No internet service,No internet service,Month-to-month,Yes,Bank transfer (automatic),18.96,584.73,0,Yes
2022-VMUHD,Female,0,Yes,No,18,Yes,No,Fiber optic,No,No,No,No,No,No,One year,Yes,Electronic check,57.14,1050.36,1,Yes
2023-DEAQB,Male,0,No,No,62,Yes,No,DSL,No,Yes,No,Yes,Yes,Yes,One year,No,Credit card (automatic),28.04,1699.74,4,No
2024-HGOZY,Male,0,Yes,No,12,Yes,Yes,Fiber optic,No,Yes,Yes,Yes,No,No,Month-to-month,No,Credit card (automatic),84.79,1024.48,1,No
2025-EBGHG,Female,0,Yes,No,6,Yes,No,Fiber optic,Yes,No,No,Yes,Yes,Yes,Month-to-month,No,Mailed check,71.19,419.12,1,No
2026-GNURF,Female,1,Yes,No,1,Yes,Yes,DSL,Yes,No,No,Yes,Yes,Yes,One year,Yes,Mailed check,36.84,108.49,2,No
2027-DJRLP,Female,1,No,No,72,No,No phone service,Fiber optic,Yes,Yes,Yes,Yes,No,No,One year,Yes,Bank transfer (automatic),71.64,5171.45,0,No
2028-YGFEC,Female,0,No,Yes,14,Yes,No,No,No internet service,No internet service,No internet service,No internet service,No internet service,No internet service,Two year,Yes,Electronic check,26.14,381.72,0,No
2029-LOJZT,Female,0,Yes,Yes,7,Yes,No,DSL,No,No,No,Yes,No,Yes,Month-to-month,Yes,Mailed check,52.61,345.06,1,Yes
2030-SPKHC,Male,0,No,No,21,Yes,No,No,No internet service,No internet service,No internet service,No internet service,No internet service,No internet service,Month-to-month,Yes,Mailed check,24.04,509.12,0,No
2031-WGWGN,Male,0,Yes,No,11,No,No phone service,Fiber optic,No,No,No,Yes,No,No,One year,No,Mailed check,84.85,1005.66,2,Yes
2032-BJSZI,Female,0,No,No,8,Yes,Yes,Fiber optic,No,Yes,No,Yes,No,No,Month-to-month,No,Credit card (automatic),57.9,488.63,0,Yes
2033-PSRIP,Male,0,No,Yes,30,Yes,No,Fiber optic,No,No,Yes,No,Yes,No,Month-to-month,Yes,Mailed check,67.06,2076.0,3,Yes
2034-MJYTN,Male,1,Yes,No,2,Yes,No,Fiber optic,Yes,Yes,Yes,No,No,No,Month-to-month,Yes,Credit card (automatic),61.93,188.25,2,No
2035-LYSGW,Male,0,Yes,No,22,Yes,No,Fiber optic,No,No,Yes,No,No,Yes,Two year,No,Electronic check,58.62,1298.27,1,Yes
2036-OPHJD,Female,0,Yes,No,15,Yes,No,Fiber optic,No,No,No,No,No,No,Month-to-month,Yes,Bank transfer (automatic),81.35,1298.72,2,Yes
2037-SSUON,Male,0,Yes,No,24,Yes,No,DSL,Yes,No,No,Yes,Yes,Yes,Month-to-month,Yes,Credit card (automatic),51.25,1192.87,1,No
2038-APJSV,Male,0,No,No,12,Yes,No,DSL,No,No,No,Yes,No,No,Two year,Yes,Electronic check,49.51,629.53,0,No
2039-CEIRK,Male,0,No,No,27,Yes,No,No,No internet service,No internet service,No internet service,No internet service,No internet service,No internet service,Two year,No,Mailed check,28.43,853.86,1,No
2040-PBLVF,Female,0,No,No,2,Yes,Yes,DSL,No,Yes,Yes,Yes,No,No,Two year,Yes,Credit card (automatic),40.08,29.65,1,No
2041-KHLBI,Male,0,No,No,15,Yes,Yes,Fiber optic,No,Yes,No,No,No,Yes,Month-to-month,Yes,Credit card (automatic),51.86,802.27,1,No
2042-OBAJB,Female,1,Yes,No,8,Yes,No,No,No internet service,No internet service,No internet service,No internet service,No internet service,No internet service,Two year,Yes,Bank transfer (automatic),18.0,113.27,1,No
2043-LWHEV,Male,0,Yes,No,18,Yes,No,No,No internet service,No internet service,No internet service,No internet service,No internet service,No internet service,One year,No,Bank transfer (automatic),18.0,402.82,0,No
2044-AOFLH,Female,0,No,No,16,Yes,Yes,DSL,No,No,No,Yes,No,Yes,Month-to-month,Yes,Electronic check,49.55,822.04,4,Yes
2045-MSAKT,Male,1,No,No,31,Yes,Yes,No,No internet service,No internet service,No internet service,No internet service,No internet service,No internet service,Two year,Yes,Credit card (automatic),18.77,628.13,3,No
2046-AHEQH,Female,0,No,Yes,31,Yes,Yes,Fiber optic,No,Yes,No,No,No,No,One year,Yes,Electronic check,58.26,1772.96,1,No
2047-YJBIX,Male,0,No,No,17,Yes,Yes,DSL,No,No,No,No,Yes,No,Month-to-month,Yes,Mailed check,29.02,481.58,1,No
2048-WCRGO,Female,0,Yes,No,6,Yes,No,Fiber optic,Yes,No,Yes,Yes,Yes,Yes,Month-to-month,Yes,Electronic check,63.05,266.22,1,No
2049-UVTRY,Female,1,Yes,Yes,27,Yes,Yes,No,No internet service,No internet service,No internet service,No internet service,No internet service,No internet service,One year,No,Credit card (automatic),27.34,669.3,0,No
2050-CWNXB,Male,0,No,No,72,Yes,Yes,DSL,No,Yes,No,Yes,No,No,Two year,Yes,Bank transfer (automatic),29.54,2156.12,2,No
2051-NVKPH,Male,0,Yes,Yes,6,Yes,No,No,No internet service,No internet service,No internet service,No internet service,No internet service,No internet service,Two year,No,Credit card (automatic),25.6,175.22,1,No
2052-GKCQN,Female,0,No,Yes,2,Yes,No,DSL,No,No,Yes,No,No,No,Month-to-month,Yes,Mailed check,46.1,24.56,1,No
2053-FHVEH,Female,0,Yes,Yes,9,Yes,No,Fiber optic,No,Yes,No,No,No,Yes,Two year,No,Bank transfer (automatic),69.09,628.65,2,No
2054-BOLQA,Male,0,Yes,No,17,Yes,No,DSL,No,No,No,Yes,Yes,No,Month-to-month,Yes,Bank transfer (automatic),43.22,737.74,0,No
2055-ONTVP,Female,0,Yes,Yes,11,Yes,No,Fiber optic,No,Yes,Yes,Yes,Yes,No,One year,No,Credit card (automatic),59.22,749.15,2,No
2056-IAQMU,Male,1,No,No,57,Yes,No,DSL,No,No,No,No,No,No,Month-to-month,Yes,Electronic check,44.51,2609.41,0,Yes
2057-ZUEJF,Male,0,No,No,21,Yes,No,Fiber optic,No,No,Yes,Yes,Yes,Yes,One year,Yes,Mailed check,67.79,1492.76,3,No
2058-XSYMA,Female,1,Yes,No,9,No,No phone service,DSL,No,No,No,No,No,Yes,Month-to-month,Yes,Bank transfer (automatic),47.37,405.47,1,No
2059-TYONH,Male,0,No,No,72,Yes,No,No,No internet service,No internet service,No internet service,No internet service,No internet service,No internet service,Two year,Yes,Credit card (automatic),18.0,1256.15,1,No
2060-JIQIC,Female,0,No,No,4,Yes,Yes,DSL,No,No,No,No,Yes,Yes,Month-to-month,Yes,Bank transfer (automatic),37.38,179.85,1,Yes
2061-KLJYQ,Male,1,Yes,No,4,Yes,No,Fiber optic,Yes,Yes,No,No,No,Yes,One year,No,Bank transfer (automatic),73.45,244.48,0,No
2062-QYKVD,Male,0,Yes,No,9,Yes,No,Fiber optic,Yes,No,No,No,No,Yes,Two year,Yes,Mailed check,63.98,560.19,1,No
2063-GUZNG,Male,0,Yes,No,2,Yes,No,DSL,No,Yes,Yes,No,No,No,Month-to-month,No,Electronic check,51.48,139.27,1,No
2064-XHAXV,Male,0,Yes,Yes,44,Yes,Yes,Fiber optic,No,Yes,No,Yes,No,No,Month-to-month,Yes,Electronic check,63.45,2806.91,0,No
2065-DLXCM,Male,0,No,Yes,12,Yes,Yes,Fiber optic,No,Yes,Yes,No,No,No,Month-to-month,Yes,Credit card (automatic),66.62,720.6,4,Yes
2066-TFKWD,Male,0,Yes,Yes,41,Yes,Yes,Fiber optic,No,No,No,No,No,Yes,Month-to-month,Yes,Electronic check,69.92,2890.6,0,No
2067-TPGVK,Male,0,Yes,No,46,Yes,No,No,No internet service,No internet service,No internet service,No internet service,No internet service,No internet service,Month-to-month,Yes,Bank transfer (automatic),32.64,1457.93,1,Yes
2068-XAZGL,Male,0,Yes,No,8,Yes,No,DSL,No,Yes,No,No,No,Yes,Month-to-month,No,Bank transfer (automatic),42.66,300.66,3,Yes
2069-GWGJP,Male,0,Yes,No,23,Yes,Yes,No,No internet service,No internet service,No internet service,No internet service,No internet service,No internet service,Month-to-month,Yes,Credit card (automatic),31.1,664.22,1,No
2070-ZHIIB,Male,0,No,No,23,Yes,No,No,No internet service,No internet service,No internet service,No internet service,No internet service,No internet service,Month-to-month,Yes,Electronic check,18.0,382.09,2,Yes
2071-MMWWD,Male,0,Yes,No,65,Yes,Yes,DSL,No,Yes,No,Yes,No,Yes,Month-to-month,No,Credit card (automatic),22.35,1381.41,0,Yes
2072-YXLQB,Male,0,No,No,1,Yes,Yes,Fiber optic,Yes,No,Yes,No,Yes,Yes,Month-to-month,Yes,Mailed check,46.07,64.93,3,No
2073-MROHO,Female,0,Yes,No,12,No,No phone service,Fiber optic,No,Yes,No,No,No,Yes,One year,Yes,Electronic check,67.1,728.18,0,Yes
2074-ATJLE,Female,0,No,No,68,Yes,No,Fiber optic,No,Yes,No,No,No,Yes,Two year,Yes,Electronic check,55.61,3803.53,0,No
2075-IWHPN,Male,1,No,No,8,No,No phone service,Fiber optic,No,Yes,No,Yes,No,Yes,Month-to-month,Yes,Electronic check,42.14,373.04,0,Yes
2076-YMWUM,Male,0,Yes,No,4,Yes,No,DSL,No,Yes,Yes,No,No,Yes,One year,Yes,Bank transfer (automatic),44.62,195.53,0,No
2077-EPZKV,Female,0,No,No,27,Yes,No,Fiber optic,No,Yes,No,No,Yes,No,Month-to-month,Yes,Bank transfer (automatic),81.65,2213.92,0,No
2078-EMKYS,Male,0,Yes,No,11,Yes,No,DSL,Yes,No,No,Yes,Yes,No,Two year,Yes,Mailed check,40.46,383.67,2,No
2079-COGGF,Male,0,Yes,No,20,Yes,Yes,Fiber optic,No,No,No,Yes,No,No,Month-to-month,No,Electronic check,70.84,1472.11,3,No
2080-CMGEW,Male,0,Yes,Yes,54,Yes,No,No,No internet service,No internet service,No internet service,No internet service,No internet service,No internet service,Month-to-month,Yes,Credit card (automatic),28.96,1541.63,1,No
2081-RVHQT,Female,0,Yes,Yes,23,Yes,No,DSL,Yes,No,Yes,No,Yes,Yes,Month-to-month,Yes,Mailed check,38.64,893.68,2,No
2082-ANQJL,Male,0,Yes,Yes,23,Yes,No,Fiber optic,No,Yes,No,No,Yes,No,Two year,No,Electronic check,82.45,1884.89,0,No
2083-PNPHW,Female,0,Yes,No,10,Yes,Yes,Fiber optic,No,No,No,No,No,Yes,Month-to-month,No,Electronic check,61.01,670.38,1,Yes
2084-JQRTP,Female,0,Yes,No,50,Yes,No,Fiber optic,No,No,No,No,Yes,No,Month-to-month,Yes,Bank transfer (automatic),70.56,3559.19,1,No
2085-QPSXX,Male,0,No,No,43,Yes,Yes,Fiber optic,No,No,No,Yes,No,No,One year,Yes,Mailed check,65.46,2714.5,2,No
2086-HFFUI,Female,0,Yes,No,8,Yes,No,DSL,No,No,Yes,No,Yes,Yes,Two year,Yes,Mailed check,43.33,440.82,1,No
2087-DZLLW,Female,0,Yes,Yes,12,Yes,Yes,Fiber optic,No,No,No,No,Yes,No,Two year,Yes,Electronic check,89.06,1095.6,1,No
2088-QOIGJ,Female,1,No,Yes,49,Yes,No,Fiber optic,No,No,Yes,No,No,Yes,Two year,Yes,Electronic check,63.58,3097.98,2,No
2089-PLYGR,Male,0,Yes,No,14,Yes,Yes,Fiber optic,Yes,Yes,No,No,Yes,Yes,Month-to-month,No,Electronic check,53.8,752.9,0,Yes
2090-OFZLK,Male,0,Yes,No,16,No,No phone service,DSL,No,No,No,No,No,No,Month-to-month,No,Credit card (automatic),63.33,1062.18,3,No
2091-TCBFX,Female,0,Yes,No,14,Yes,No,DSL,Yes,No,No,No,No,No,Two year,No,Bank transfer (automatic),46.27,667.21,2,No
2092-VYERP,Male,0,No,No,5,Yes,Yes,Fiber optic,No,No,No,Yes,Yes,Yes,Month-to-month,No,Electronic check,65.87,351.13,2,Yes
2093-HYZTV,Female,0,Yes,Yes,13,Yes,No,DSL,Yes,No,No,Yes,No,Yes,Month-to-month,Yes,Electronic check,34.36,471.17,2,No
2094-KJXYL,Male,0,No,Yes,51,No,No phone service,DSL,No,Yes,Yes,Yes,Yes,No,Month-to-month,No,Credit card (automatic),47.3,2466.06,1,No
2095-UFTEW,Male,0,Yes,No,21,Yes,No,No,No internet service,No internet service,No internet service,No internet service,No internet service,No internet service,Month-to-month,Yes,Electronic check,36.55,828.38,2,No
2096-IZPVN,Female,0,Yes,No,19,Yes,Yes,DSL,No,No,No,No,Yes,Yes,Two year,No,Electronic check,29.39,570.74,1,No
2097-VHTSN,Male,0,Yes,No,5,Yes,Yes,Fiber optic,No,Yes,No,Yes,No,Yes,One year,Yes,Credit card (automatic),52.9,238.08,0,Yes
2098-GERBK,Female,1,No,No,6,Yes,Yes,Fiber optic,No,No,No,No,No,Yes,Month-to-month,Yes,Electronic check,64.7,438.41,3,Yes
2099-VHAVL,Male,0,No,No,1,Yes,No,DSL,No,Yes,Yes,No,Yes,No,One year,Yes,Credit card (automatic),30.89,19.88,1,No
2100-BRGZQ,Female,0,Yes,No,1,Yes,Yes,DSL,No,No,No,Yes,No,No,Month-to-month,No,Bank transfer (automatic),42.6,31.34,3,No
2101-VWNXG,Male,0,Yes,No,21,Yes,No,Fiber optic,No,Yes,No,Yes,No,No,Month-to-month,No,Electronic check,68.86,1467.77,2,Yes
2102-VYCFT,Female,0,No,No,16,Yes,Yes,DSL,Yes,No,Yes,Yes,Yes,No,Two year,Yes,Credit card (automatic),36.23,612.3,0,No
2103-BQLLQ,Male,0,Yes,No,10,Yes,No,DSL,No,Yes,No,No,No,Yes,Month-to-month,Yes,Credit card (automatic),18.0,190.95,0,No
2104-JCTRM,Male,0,No,Yes,72,No,No phone service,DSL,No,Yes,No,No,Yes,Yes,One year,No,Electronic check,49.59,3596.05,4,No
2105-LQDWJ,Female,1,No,No,16,Yes,Yes,DSL,No,No,No,No,Yes,No,Month-to-month,No,Electronic check,63.21,1002.48,2,No
2106-KFFIO,Male,0,Yes,No,49,Yes,Yes,No,No internet service,No internet service,No internet service,No internet service,No internet service,No internet service,Month-to-month,No,Electronic check,18.0,789.71,0,No
2107-BDEQH,Female,0,Yes,No,7,Yes,No,DSL,Yes,No,Yes,No,No,No,One year,Yes,Credit card (automatic),52.29,370.31,2,No
2108-HVLUH,Male,0,No,No,9,Yes,No,Fiber optic,No,No,No,No,No,No,Two year,Yes,Credit card (automatic),64.58,567.05,0,No
2109-SCRUS,Female,0,No,No,26,Yes,Yes,Fiber optic,Yes,No,No,No,No,No,Two year,No,Bank transfer (automatic),68.63,1772.19,2,No
2110-SOFPH,Female,1,No,Yes,1,Yes,No,Fiber optic,No,No,No,No,No,No,Two year,Yes,Credit card (automatic),79.72,18.0,0,No
2111-PRTPK,Female,0,Yes,No,1,Yes,Yes,Fiber optic,No,No,No,Yes,No,No,Two year,Yes,Electronic check,69.57,18.0,3,No
2112-GQQLM,Female,1,No,No,4,Yes,Yes,Fiber optic,No,Yes,Yes,No,Yes,Yes,Month-to-month,No,Electronic check,90.76,235.07,1,No
2113-JGNWA,Female,0,Yes,No,8,Yes,Yes,No,No internet service,No internet service,No internet service,No internet service,No internet service,No internet service,Two year,No,Bank transfer (automatic),24.94,201.87,2,No
2114-QDUET,Female,0,Yes,Yes,24,Yes,No,DSL,Yes,Yes,Yes,No,Yes,No,Two year,No,Credit card (automatic),24.32,627.29,2,No
2115-XWYGJ,Female,1,No,No,37,Yes,No,DSL,No,Yes,Yes,No,Yes,Yes,Month-to-month,Yes,Electronic check,52.58,2009.86,2,No
2116-QGAGZ,Female,0,No,No,11,Yes,Yes,No,No internet service,No internet service,No internet service,No internet service,No internet service,No internet service,Month-to-month,Yes,Electronic check,18.0,241.81,0,Yes
2117-XKILC,Male,0,Yes,No,8,No,No phone service,No,No internet service,No internet service,No internet service,No internet service,No internet service,No internet service,Month-to-month,Yes,Credit card (automatic),22.36,154.74,0,No
2118-DDYMW,Male,0,No,Yes,55,Yes,No,Fiber optic,No,Yes,Yes,Yes,Yes,Yes,One year,No,Bank transfer (automatic),83.79,4628.16,2,No
2119-SJEGX,Male,0,No,No,5,Yes,Yes,No,No internet service,No internet service,No internet service,No internet service,No internet service,No internet service,Month-to-month,No,Electronic check,18.0,83.35,2,No
2120-PALBG,Male,0,Yes,Yes,36,Yes,Yes,Fiber optic,Yes,No,No,No,No,Yes,One year,No,Mailed check,85.8,3070.52,1,No
2121-KMBGO,Female,0,No,No,72,Yes,No,Fiber optic,No,No,Yes,No,Yes,No,Two year,Yes,Mailed check,74.69,5390.89,0,No
2122-YKBGD,Female,0,No,Yes,8,Yes,Yes,No,No internet service,No internet service,No internet service,No internet service,No internet service,No internet service,Month-to-month,Yes,Bank transfer (automatic),18.0,121.04,2,No
2123-KBPGM,Male,0,No,No,2,Yes,No,Fiber optic,Yes,No,Yes,No,Yes,No,Month-to-month,Yes,Mailed check,68.01,149.79,0,No
2124-EQULS,Male,1,No,No,72,Yes,Yes,No,No internet service,No internet service,No internet service,No internet service,No internet service,No internet service,Month-to-month,No,Mailed check,27.35,2023.02,0,No
2125-GFHME,Female,0,Yes,No,10,No,No phone service,Fiber optic,Yes,No,No,No,Yes,Yes,Two year,Yes,Credit card (automatic),62.61,561.6,0,Yes
2126-BIKXF,Male,0,No,Yes,10,Yes,No,No,No internet service,No internet service,No internet service,No internet service,No internet service,No internet service,Month-to-month,No,Bank transfer (automatic),18.0,128.77,1,No
2127-ZGYGS,Female,0,Yes,Yes,21,Yes,No,Fiber optic,No,No,No,No,No,Yes,Two year,Yes,Bank transfer (automatic),52.6,1157.98,1,Yes
2128-FKKGB,Male,0,Yes,No,8,Yes,No,Fiber optic,No,No,No,No,No,No,Month-to-month,Yes,Electronic check,65.19,523.79,2,Yes
2129-SDZFQ,Female,0,No,No,72,Yes,No,Fiber optic,No,Yes,Yes,No,No,No,Month-to-month,Yes,Mailed check,75.68,5468.88,1,Yes
2130-YEGIY,Female,0,No,No,1,Yes,No,Fiber optic,Yes,Yes,Yes,No,Yes,No,Month-to-month,No,Bank transfer (automatic),68.32,45.24,1,No
2131-AASFR,Male,0,Yes,No,19,Yes,Yes,No,No internet service,No internet service,No internet service,No internet service,No internet service,No internet service,Month-to-month,Yes,Electronic check,21.38,370.96,2,No
2132-JKAAM,Male,0,Yes,No,25,Yes,No,DSL,No,No,No,No,No,Yes,Month-to-month,No,Credit card (automatic),41.09,992.64,1,No
2133-ETATC,Female,0,No,No,20,Yes,No,No,No internet service,No internet service,No internet service,No internet service,No internet service,No internet service,Month-to-month,Yes,Mailed check,18.0,341.37,1,No
2134-RINQW,Male,0,Yes,No,23,Yes,No,Fiber optic,Yes,No,No,No,No,No,Two year,Yes,Mailed check,75.7,1724.37,2,Yes
2135-NDEZU,Male,0,Yes,Yes,72,Yes,No,Fiber optic,Yes,No,No,Yes,Yes,No,Month-to-month,Yes,Credit card (automatic),78.12,5611.25,0,Yes
2136-QVYBW,Female,0,Yes,No,67,Yes,No,Fiber optic,No,Yes,No,Yes,Yes,Yes,Month-to-month,Yes,Electronic check,63.14,4210.52,2,Yes
2137-VEDDF,Male,0,No,No,11,Yes,Yes,Fiber optic,No,No,No,Yes,No,No,Two year,No,Credit card (automatic),75.81,805.01,2,No
2138-TUMVE,Male,0,Yes,No,25,Yes,Yes,Fiber optic,No,No,No,No,Yes,Yes,One year,No,Credit card (automatic),67.13,1645.01,1,No
2139-WYZWG,Female,0,No,No,1,Yes,No,No,No internet service,No internet service,No internet service,No internet service,No internet service,No internet service,Month-to-month,Yes,Bank transfer (automatic),18.0,80.72,0,Yes
2140-TANXD,Female,0,No,Yes,16,Yes,Yes,No,No internet service,No internet service,No internet service,No internet service,No internet service,No internet service,Month-to-month,No,Mailed check,36.33,618.66,2,Yes
2141-QUNPN,Female,1,No,Yes,5,Yes,No,Fiber optic,No,No,No,No,No,No,Month-to-month,No,Electronic check,71.93,365.09,0,No
2142-PXTHX,Male,0,Yes,No,39,Yes,No,Fiber optic,No,No,Yes,No,Yes,Yes,Two year,Yes,Bank transfer (automatic),77.73,3132.98,0,No
2143-CYSAB,Female,0,Yes,Yes,7,Yes,Yes,No,No internet service,No internet service,No internet service,No internet service,No internet service,No internet service,Month-to-month,Yes,Credit card (automatic),23.22,197.21,1,No
2144-OVJRV,Male,0,Yes,No,44,Yes,Yes,Fiber optic,Yes,No,No,Yes,Yes,No,One year,Yes,Mailed check,62.95,2748.0,3,No
2145-NQMAE,Male,0,Yes,Yes,12,Yes,No,No,No internet service,No internet service,No internet service,No internet service,No internet service,No internet service,Two year,No,Bank transfer (automatic),21.64,323.61,3,No
2146-ZMYNX,Male,0,No,Yes,72,Yes,Yes,No,No internet service,No internet service,No internet service,No internet service,No internet service,No internet service,Month-to-month,Yes,Mailed check,35.44,2559.23,1,No
2147-COSQC,Male,1,Yes,Yes,18,Yes,No,Fiber optic,No,Yes,No,No,No,Yes,Month-to-month,Yes,Bank transfer (automatic),68.25,1302.31,2,Yes
2148-PNLLK,Female,0,No,Yes,58,Yes,Yes,Fiber optic,No,No,No,Yes,No,Yes,Two year,Yes,Electronic check,59.18,3463.95,2,No
2149-QHQUY,Male,0,No,No,31,No,No phone service,No,No internet service,No internet service,No internet service,No internet service,No internet service,No internet service,Month-to-month,Yes,Electronic check,19.51,569.17,0,No
2150-WTKYY,Male,0,Yes,No,72,Yes,No,No,No internet service,No internet service,No internet service,No internet service,No internet service,No internet service,Month-to-month,No,Credit card (automatic),30.63,2227.33,1,No
2151-BJJKF,Male,0,Yes,Yes,43,Yes,No,Fiber optic,No,No,Yes,Yes,Yes,Yes,Two year,Yes,Electronic check,79.27,3326.38,3,No
2152-DXLKW,Female,0,No,Yes,41,Yes,No,No,No internet service,No internet service,No internet service,No internet service,No internet service,No internet service,Two year,No,Credit card (automatic),18.0,723.15,0,No
2153-WZYME,Female,0,No,No,9,Yes,No,No,No internet service,No internet service,No internet service,No internet service,No internet service,No internet service,One year,No,Electronic check,32.12,366.05,0,Yes
2154-FAFRV,Female,1,No,No,22,No,No phone service,DSL,No,No,No,Yes,No,Yes,Month-to-month,No,Bank transfer (automatic),56.26,1265.07,3,No
2155-IXYOZ,Male,0,Yes,No,10,Yes,No,DSL,No,No,Yes,Yes,No,Yes,Two year,No,Electronic check,53.77,446.34,1,No
2156-HSXPF,Male,0,No,Yes,1,Yes,No,DSL,Yes,Yes,No,No,No,Yes,Month-to-month,Yes,Bank transfer (automatic),31.62,83.18,5,No
2157-FVCJA,Female,1,Yes,No,39,Yes,No,DSL,Yes,Yes,No,No,Yes,Yes,Month-to-month,Yes,Electronic check,26.87,1032.98,0,No
2158-NDZLF,Female,0,Yes,No,8,Yes,No,No,No internet service,No internet service,No internet service,No internet service,No internet service,No internet service,Month-to-month,No,Bank transfer (automatic),44.49,347.11,1,Yes
2159-KLJRG,Male,0,Yes,No,16,Yes,No,DSL,No,Yes,No,Yes,Yes,Yes,Month-to-month,No,Mailed check,43.35,682.91,2,Yes
2160-GKDTA,Female,0,Yes,No,10,Yes,No,Fiber optic,No,No,No,Yes,Yes,No,Month-to-month,Yes,Mailed check,61.42,537.49,2,No
2161-MRIZX,Male,1,No,No,7,Yes,No,No,No internet service,No internet service,No internet service,No internet service,No internet service,No internet service,One year,No,Electronic check,18.0,134.69,0,Yes
2162-XIWIJ,Female,0,Yes,Yes,2,Yes,No,No,No internet service,No internet service,No internet service,No internet service,No internet service,No internet service,Month-to-month,Yes,Mailed check,22.23,18.0,4,Yes
2163-BFOCK,Male,0,No,Yes,13,Yes,Yes,Fiber optic,No,No,No,No,No,No,Month-to-month,Yes,Bank transfer (automatic),53.78,764.3,0,No
2164-FCXKO,Male,0,No,Yes,2,Yes,Yes,Fiber optic,No,Yes,No,No,No,No,One year,No,Bank transfer (automatic),75.53,121.9,2,No
2165-MTJFO,Male,0,No,No,24,Yes,No,DSL,Yes,Yes,Yes,Yes,No,No,One year,Yes,Bank transfer (automatic),48.65,1200.59,2,No
2166-YRRGO,Female,0,Yes,Yes,1,Yes,No,DSL,No,Yes,No,No,No,No,Two year,No,Credit card (automatic),46.7,42.12,0,No
2167-RRTIX,Female,1,No,No,72,Yes,No,DSL,No,No,No,No,Yes,No,Month-to-month,No,Bank transfer (automatic),54.09,3918.81,2,No
2168-BHTBK,Male,0,Yes,No,72,Yes,No,DSL,Yes,Yes,Yes,No,Yes,Yes,Month-to-month,No,Mailed check,40.93,2848.62,2,No
2169-ZGFJE,Female,0,No,Yes,11,Yes,No,Fiber optic,Yes,No,Yes,Yes,No,No,Month-to-month,Yes,Bank transfer (automatic),76.21,794.97,2,Yes
2170-KABXA,Male,0,No,No,9,Yes,Yes,DSL,No,No,No,Yes,Yes,No,Month-to-month,No,Mailed check,30.36,308.98,4,Yes
2171-SBUTW,Female,1,Yes,No,3,No,No phone service,Fiber optic,No,No,No,Yes,No,Yes,Month-to-month,Yes,Bank transfer (automatic),66.94,160.05,3,Yes
2172-UXDLV,Female,0,Yes,Yes,72,Yes,No,No,No internet service,No internet service,No internet service,No internet service,No internet service,No internet service,Two year,Yes,Bank transfer (automatic),23.97,1701.07,1,No
2173-TRAAX,Male,1,No,Yes,28,Yes,No,Fiber optic,No,Yes,No,No,No,No,Month-to-month,Yes,Mailed check,61.44,1633.39,1,Yes
2174-NDEKX,Female,1,No,No,30,No,No phone service,Fiber optic,No,Yes,No,Yes,Yes,Yes,Two year,No,Credit card (automatic),73.73,2275.28,2,No
2175-WMPXM,Female,1,Yes,Yes,72,Yes,No,No,No internet service,No internet service,No internet service,No internet service,No internet service,No internet service,One year,Yes,Electronic check,18.0,1341.33,2,No
2176-XVZBP,Male,1,No,No,72,Yes,No,DSL,No,No,No,Yes,No,No,Month-to-month,Yes,Mailed check,36.37,2567.29,2,No
2177-FNAQK,Male,1,Yes,Yes,56,Yes,No,No,No internet service,No internet service,No internet service,No internet service,No internet service,No internet service,Month-to-month,No,Credit card (automatic),18.0,1009.46,2,No
2178-SCKEQ,Male,0,No,No,47,Yes,No,DSL,Yes,No,No,Yes,No,Yes,Month-to-month,Yes,Mailed check,53.63,2546.05,0,Yes
2179-ZVGJK,Male,0,Yes,No,67,Yes,No,Fiber optic,No,Yes,Yes,No,Yes,No,Month-to-month,Yes,Bank transfer (automatic),60.51,4082.11,1,No
2180-CTJJN,Female,0,No,Yes,66,Yes,Yes,DSL,No,No,No,No,No,Yes,One year,Yes,Mailed check,45.89,3051.34,3,No
2181-LOJJZ,Female,0,No,Yes,14,Yes,Yes,DSL,No,Yes,Yes,Yes,Yes,No,Month-to-month,No,Credit card (automatic),38.01,597.49,2,Yes
2182-SAXZJ,Male,0,No,Yes,72,Yes,Yes,DSL,No,No,No,No,No,No,Month-to-month,Yes,Credit card (automatic),59.6,4119.41,3,No
2183-BQXGG,Female,0,No,No,39,Yes,No,No,No internet service,No internet service,No internet service,No internet service,No internet service,No internet service,One year,Yes,Electronic check,30.3,1200.65,2,No
2184-TIVBN,Male,0,Yes,No,14,Yes,Yes,Fiber optic,Yes,No,No,Yes,No,No,One year,No,Credit card (automatic),73.42,1037.6,3,No
2185-QAITU,Male,1,Yes,Yes,18,Yes,No,Fiber optic,No,Yes,No,No,No,No,Two year,Yes,Mailed check,88.6,1621.79,2,No
2186-SDHMD,Male,0,Yes,No,37,Yes,No,Fiber optic,No,No,No,No,Yes,Yes,Month-to-month,No,Bank transfer (automatic),68.05,2548.14,2,No
2187-IIVRL,Female,0,Yes,No,14,Yes,Yes,No,No internet service,No internet service,No internet service,No internet service,No internet service,No internet service,Month-to-month,No,Credit card (automatic),18.0,243.75,1,No
2188-JKGIF,Female,0,Yes,No,56,Yes,No,DSL,No,Yes,Yes,Yes,No,Yes,Month-to-month,Yes,Bank transfer (automatic),55.11,3162.52,5,No
2189-SPOGP,Female,0,No,No,5,Yes,Yes,Fiber optic,Yes,No,Yes,No,Yes,Yes,Month-to-month,No,Bank transfer (automatic),55.93,261.17,0,No
2190-EPASE,Male,0,No,No,72,Yes,Yes,No,No internet service,No internet service,No internet service,No internet service,No internet service,No internet service,Two year,Yes,Credit card (automatic),20.46,1520.08,4,No
2191-GSVEQ,Male,1,Yes,No,11,No,No phone service,Fiber optic,No,Yes,Yes,No,No,No,Month-to-month,No,Bank transfer (automatic),73.01,752.55,2,Yes
2192-ZVHAB,Female,0,Yes,No,5,Yes,Yes,Fiber optic,No,Yes,No,No,No,Yes,Month-to-month,Yes,Electronic check,73.85,384.27,0,Yes
2193-OTRKY,Female,0,Yes,Yes,62,Yes,No,No,No internet service,No internet service,No internet service,No internet service,No internet service,No internet service,Two year,Yes,Bank transfer (automatic),32.89,2102.14,1,No
2194-JXXDE,Female,0,No,Yes,8,Yes,No,Fiber optic,No,Yes,No,No,Yes,No,Month-to-month,Yes,Credit card (automatic),88.49,745.7,2,Yes
2195-DMYMR,Female,0,No,No,59,Yes,Yes,No,No internet service,No internet service,No internet service,No internet service,No internet service,No internet service,Month-to-month,Yes,Mailed check,18.0,1080.2,1,No
2196-XBPAZ,Male,0,Yes,No,11,Yes,Yes,DSL,No,Yes,No,No,No,No,Month-to-month,Yes,Mailed check,48.55,404.42,4,No
2197-SICYG,Female,0,No,No,72,No,No phone service,No,No internet service,No internet service,No internet service,No internet service,No internet service,No internet service,Two year,Yes,Electronic check,24.55,1797.06,1,No
2198-JAJUI,Female,1,Yes,No,7,Yes,No,Fiber optic,No,No,Yes,No,Yes,Yes,Two year,No,Mailed check,76.86,577.66,1,No
2199-OOCYE,Male,0,Yes,No,2,Yes,Yes,Fiber optic,No,No,Yes,No,Yes,Yes,Month-to-month,Yes,Credit card (automatic),74.97,148.81,2,Yes
2200-IZVIW,Female,0,Yes,Yes,72,Yes,No,No,No internet service,No internet service,No internet service,No internet service,No internet service,No internet service,Two year,Yes,Electronic check,18.0,1309.61,1,No
2201-GXWLY,Female,1,No,Yes,5,Yes,No,No,No internet service,No internet service,No internet service,No internet service,No internet service,No internet service,Two year,Yes,Credit card (automatic),18.0,108.16,0,No
2202-IFWBI,Female,1,Yes,Yes,72,Yes,Yes,DSL,No,No,Yes,No,No,No,Month-to-month,Yes,Bank transfer (automatic),29.58,2168.27,1,No
2203-QASFE,Male,0,Yes,No,55,Yes,Yes,No,No internet service,No internet service,No internet service,No internet service,No internet service,No internet service,One year,Yes,Electronic check,18.0,1011.6,1,No
2204-BIZND,Male,0,Yes,Yes,2,Yes,Yes,DSL,No,No,No,Yes,No,Yes,Month-to-month,Yes,Bank transfer (automatic),34.27,129.52,2,Yes
2205-DUOHZ,Female,0,Yes,Yes,18,Yes,No,DSL,No,Yes,Yes,Yes,No,Yes,One year,Yes,Mailed check,42.43,766.93,0,No
2206-DPUDP,Male,0,No,No,2,Yes,No,DSL,Yes,No,Yes,Yes,Yes,No,Month-to-month,Yes,Bank transfer (automatic),57.52,45.81,1,No
2207-VLPSH,Female,0,Yes,Yes,12,Yes,No,No,No internet service,No internet service,No internet service,No internet service,No internet service,No internet service,One year,No,Credit card (automatic),18.0,266.34,3,Yes
2208-FJERJ,Female,0,No,No,13,Yes,Yes,Fiber optic,No,Yes,No,No,No,No,One year,No,Electronic check,84.08,1153.71,1,Yes
2209-JGRAG,Male,0,Yes,No,29,Yes,No,DSL,Yes,No,No,No,Yes,Yes,One year,No,Mailed check,26.71,825.67,1,No
2210-UAODT,Female,0,Yes,Yes,72,Yes,No,Fiber optic,No,Yes,No,No,No,No,Two year,Yes,Mailed check,65.13,4787.98,0,No
2211-JWIBN,Male,0,Yes,Yes,5,Yes,No,DSL,No,No,Yes,No,Yes,No,Month-to-month,No,Bank transfer (automatic),44.32,234.77,0,Yes
2212-PABGJ,Male,1,Yes,No,12,Yes,No,Fiber optic,No,No,No,No,No,No,Month-to-month,Yes,Electronic check,83.83,1025.05,0,Yes
2213-VTAMA,Male,0,Yes,No,28,Yes,No,Fiber optic,No,Yes,Yes,No,No,Yes,Month-to-month,Yes,Electronic check,78.98,2178.42,3,No
2214-EPOQW,Female,0,Yes,No,6,Yes,No,DSL,No,No,Yes,No,Yes,Yes,Month-to-month,No,Mailed check,55.82,415.11,1,No
2215-PMKQQ,Female,0,No,No,39,Yes,No,No,No internet service,No internet service,No internet service,No internet service,No internet service,No internet service,Month-to-month,Yes,Mailed check,21.59,723.38,2,No
2216-BMNKJ,Female,0,No,No,16,Yes,Yes,Fiber optic,Yes,No,No,No,No,No,Month-to-month,Yes,Electronic check,70.13,1052.08,1,Yes
2217-CQOIJ,Female,0,No,Yes,72,Yes,No,Fiber optic,Yes,No,No,Yes,No,Yes,Two year,No,Mailed check,86.72,6240.29,2,No
2218-HUMRE,Male,0,Yes,No,31,Yes,No,Fiber optic,No,No,No,No,Yes,Yes,Two year,No,Bank transfer (automatic),68.71,2081.53,3,No
2219-FQKTP,Female,0,Yes,Yes,14,Yes,Yes,Fiber optic,No,Yes,No,No,No,No,Month-to-month,No,Electronic check,69.59,928.9,4,No
2220-IBEAD,Female,0,Yes,No,40,Yes,Yes,Fiber optic,Yes,No,Yes,Yes,Yes,No,Month-to-month,Yes,Mailed check,63.21,2475.56,0,No
2221-DVZYC,Male,0,No,Yes,58,Yes,No,DSL,No,Yes,No,No,No,No,Two year,Yes,Bank transfer (automatic),52.05,3106.67,1,No
2222-IVWLJ,Male,0,No,No,51,Yes,Yes,DSL,No,No,No,No,No,No,Month-to-month,Yes,Electronic check,42.01,2191.53,1,No
2223-BKJVF,Female,0,No,No,9,Yes,Yes,Fiber optic,Yes,No,No,Yes,Yes,Yes,Month-to-month,Yes,Bank transfer (automatic),74.6,682.25,2,No
2224-RBBJP,Male,0,Yes,Yes,17,Yes,Yes,Fiber optic,No,No,Yes,Yes,Yes,No,Two year,No,Mailed check,68.57,1083.48,4,No
2225-LAUHP,Female,0,Yes,Yes,19,Yes,Yes,No,No internet service,No internet service,No internet service,No internet service,No internet service,No internet service,Month-to-month,Yes,Mailed check,28.99,542.91,1,Yes
2226-RMOUL,Female,0,Yes,No,15,Yes,No,Fiber optic,No,No,No,Yes,Yes,No,Two year,No,Mailed check,66.35,925.54,0,No
2227-HJNER,Male,0,Yes,Yes,11,Yes,No,No,No internet service,No internet service,No internet service,No internet service,No internet service,No internet service,Month-to-month,Yes,Electronic check,18.0,235.66,1,No
2228-SOFKU,Male,0,Yes,No,44,No,No phone service,Fiber optic,No,No,No,Yes,Yes,No,Month-to-month,No,Bank transfer (automatic),75.24,3349.28,0,No
2229-KTTUR,Female,0,Yes,No,1,Yes,Yes,Fiber optic,No,No,No,No,No,Yes,Two year,No,Mailed check,77.27,42.59,1,No
2230-YRJBZ,Female,0,Yes,No,11,Yes,Yes,DSL,No,No,Yes,No,No,No,Month-to-month,No,Credit card (automatic),50.83,591.35,1,No
2231-INSJW,Female,0,Yes,No,4,Yes,Yes,Fiber optic,Yes,Yes,Yes,No,No,No,Two year,No,Bank transfer (automatic),73.26,378.34,2,No
2232-DFNDZ,Female,0,Yes,No,4,Yes,Yes,Fiber optic,No,No,No,Yes,Yes,Yes,Two year,Yes,Bank transfer (automatic),72.57,258.08,1,No
2233-OPGQS,Female,1,No,Yes,10,Yes,No,Fiber optic,No,Yes,No,No,Yes,No,Month-to-month,No,Electronic check,68.25,667.43,2,No
2234-SQFKP,Male,0,Yes,No,45,Yes,No,DSL,No,No,Yes,No,No,Yes,Two year,Yes,Mailed check,60.93,2705.73,1,Yes
2235-YHKGZ,Female,0,Yes,No,72,Yes,No,DSL,No,No,No,No,Yes,Yes,Month-to-month,No,Bank transfer (automatic),41.79,3024.38,1,No
2236-XVYSZ,Male,1,No,No,23,Yes,No,DSL,No,No,Yes,No,No,No,Month-to-month,Yes,Electronic check,50.19,1276.88,1,Yes
2237-JIDWO,Male,0,No,No,13,Yes,No,Fiber optic,Yes,No,No,No,No,No,Two year,Yes,Electronic check,74.45,977.3,0,No
2238-MYBBP,Male,0,Yes,No,56,Yes,No,DSL,No,No,No,No,Yes,No,Month-to-month,No,Electronic check,28.79,1593.56,2,Yes
2239-IMCIM,Female,0,No,No,2,Yes,No,No,No internet service,No internet service,No internet service,No internet service,No internet service,No internet service,One year,Yes,Credit card (automatic),18.0,66.71,0,No
2240-UVBHI,Female,0,Yes,No,3,Yes,No,No,No internet service,No internet service,No internet service,No internet service,No internet service,No internet service,Month-to-month,Yes,Mailed check,34.78,95.48,1,Yes
2241-PBFVH,Male,0,Yes,No,13,Yes,No,No,No internet service,No internet service,No internet service,No internet service,No internet service,No internet service,One year,Yes,Credit card (automatic),24.19,332.31,3,No
2242-ZEIAI,Male,0,Yes,No,19,Yes,No,Fiber optic,No,No,Yes,Yes,Yes,No,Two year,Yes,Credit card (automatic),89.09,1720.69,2,No
2243-JWDCJ,Male,0,Yes,No,51,Yes,Yes,Fiber optic,No,No,No,Yes,No,No,One year,Yes,Electronic check,66.59,3429.88,3,No
2244-OKNFL,Male,0,No,Yes,72,Yes,No,No,No internet service,No internet service,No internet service,No internet service,No internet service,No internet service,Two year,No,Credit card (automatic),22.4,1556.92,0,No
2245-MQPCB,Male,0,Yes,No,24,Yes,Yes,Fiber optic,Yes,No,Yes,No,Yes,Yes,One year,Yes,Mailed check,77.5,1876.14,1,No
2246-KICRT,Female,0,Yes,No,21,Yes,No,DSL,No,Yes,No,No,No,No,Month-to-month,Yes,Credit card (automatic),39.58,776.37,1,No
2247-ONBQV,Male,1,No,No,7,Yes,Yes,Fiber optic,No,Yes,No,Yes,Yes,Yes,Month-to-month,Yes,Mailed check,66.09,410.01,4,No
2248-ZHJZR,Female,0,Yes,No,19,No,No phone service,Fiber optic,No,No,Yes,No,No,No,One year,Yes,Credit card (automatic),58.12,1165.66,1,No
2249-YSHHC,Male,0,No,No,72,Yes,No,Fiber optic,No,Yes,No,No,No,Yes,Month-to-month,Yes,Bank transfer (automatic),66.71,4880.32,1,Yes
2250-CLVQD,Male,0,Yes,No,15,Yes,Yes,DSL,No,No,Yes,No,No,Yes,Month-to-month,No,Mailed check,47.52,748.22,1,No
2251-QNSIU,Female,0,Yes,No,7,Yes,No,No,No internet service,No internet service,No internet service,No internet service,No internet service,No internet service,Month-to-month,No,Bank transfer (automatic),38.78,296.93,2,Yes
2252-LEKTC,Female,0,Yes,No,13,Yes,Yes,Fiber optic,No,No,No,No,Yes,No,One year,No,Electronic check,76.39,996.53,4,No
2253-UONKT,Male,1,No,Yes,23,Yes,Yes,DSL,No,No,No,No,No,No,Month-to-month,Yes,Credit card (automatic),31.24,752.41,1,Yes
2254-HDLHF,Female,0,No,No,29,No,No phone service,Fiber optic,No,No,Yes,No,No,No,Two year,Yes,Electronic check,72.45,2098.18,3,Yes
2255-OLPPU,Female,0,Yes,No,18,Yes,Yes,No,No internet service,No internet service,No internet service,No internet service,No internet service,No internet service,Two year,No,Bank transfer (automatic),18.0,252.01,0,No
2256-TTDKM,Male,0,Yes,No,45,Yes,No,DSL,No,No,Yes,No,No,Yes,One year,Yes,Credit card (automatic),32.89,1497.73,0,No
2257-IDLIM,Male,0,No,No,28,Yes,No,DSL,No,No,No,No,No,No,One year,No,Electronic check,56.69,1496.17,2,No
2258-PZFJM,Male,0,No,No,35,Yes,Yes,Fiber optic,Yes,No,No,No,No,No,Month-to-month,No,Electronic check,69.05,2316.09,0,Yes
2259-GZSXS,Female,0,No,No,63,Yes,Yes,No,No internet service,No internet service,No internet service,No internet service,No internet service,No internet service,Month-to-month,Yes,Bank transfer (automatic),18.0,1137.2,1,No
2260-QMMZU,Male,1,No,No,64,Yes,Yes,No,No internet service,No internet service,No internet service,No internet service,No internet service,No internet service,Month-to-month,Yes,Bank transfer (automatic),33.78,2212.8,1,No
2261-BJVMZ,Male,0,No,No,7,No,No phone service,DSL,Yes,Yes,No,No,No,No,Month-to-month,Yes,Bank transfer (automatic),35.39,271.3,1,No
2262-IANPT,Female,1,Yes,Yes,31,Yes,Yes,Fiber optic,No,No,Yes,No,Yes,Yes,Two year,Yes,Electronic check,63.87,2003.02,1,No
2263-OAQXM,Male,0,No,Yes,40,Yes,Yes,DSL,No,No,Yes,No,Yes,No,Month-to-month,Yes,Bank transfer (automatic),62.85,2466.89,2,No
2264-OPPBQ,Female,0,Yes,No,5,No,No phone service,Fiber optic,No,No,No,No,Yes,No,Month-to-month,Yes,Credit card (automatic),79.17,396.73,1,Yes
2265-KHTCL,Female,0,No,Yes,59,Yes,No,Fiber optic,No,Yes,No,No,Yes,Yes,Month-to-month,No,Mailed check,74.05,4388.2,0,No
2266-TPNPU,Male,1,Yes,No,6,Yes,Yes,Fiber optic,No,No,No,No,Yes,No,Month-to-month,Yes,Mailed check,82.22,501.29,1,No
2267-QKQSV,Female,0,No,Yes,51,Yes,No,DSL,No,No,No,Yes,No,Yes,One year,No,Bank transfer (automatic),43.84,2232.05,4,No
2268-ALORW,Female,0,No,No,5,Yes,No,DSL,No,No,Yes,Yes,No,No,Month-to-month,No,Credit card (automatic),31.51,115.71,2,No
2269-NAMOG,Male,1,No,No,43,Yes,No,DSL,No,No,Yes,No,No,No,Month-to-month,No,Bank transfer (automatic),45.27,1990.34,0,Yes
2270-OTJNF,Female,0,No,No,5,Yes,No,No,No internet service,No internet service,No internet service,No internet service,No internet service,No internet service,One year,Yes,Credit card (automatic),18.0,120.44,1,No
2271-NXYVL,Male,0,No,Yes,15,No,No phone service,DSL,Yes,No,No,No,Yes,Yes,One year,No,Bank transfer (automatic),49.43,734.01,4,No
2272-KYTVX,Male,0,No,No,4,Yes,No,DSL,No,Yes,No,No,No,Yes,Month-to-month,Yes,Electronic check,65.25,260.35,1,No
2273-YSBVT,Male,0,Yes,Yes,10,Yes,Yes,No,No internet service,No internet service,No internet service,No internet service,No internet service,No internet service,Month-to-month,Yes,Credit card (automatic),19.87,288.39,1,No
2274-AHYNI,Male,1,Yes,No,72,Yes,No,DSL,No,Yes,Yes,No,No,No,Two year,Yes,Mailed check,45.08,3259.21,1,No
2275-BYWEW,Male,0,No,No,3,Yes,Yes,DSL,No,No,No,Yes,No,No,Month-to-month,Yes,Credit card (automatic),50.97,111.71,2,No
2276-YHPVP,Female,0,No,No,16,No,No phone service,Fiber optic,No,Yes,No,No,No,No,Two year,Yes,Electronic check,79.07,1323.92,2,No
2277-MTOAV,Female,0,Yes,No,36,Yes,No,DSL,Yes,Yes,No,Yes,No,Yes,One year,Yes,Bank transfer (automatic),62.45,2244.76,2,No
2278-CFVND,Female,0,No,No,3,Yes,No,Fiber optic,No,No,No,No,No,No,Two year,No,Electronic check,77.05,154.11,2,Yes
2279-ROIRC,Male,0,Yes,Yes,3,Yes,No,DSL,No,No,No,Yes,No,Yes,Two year,Yes,Electronic check,68.33,259.61,0,No
2280-JQGOA,Male,0,Yes,No,4,No,No phone service,DSL,Yes,Yes,No,Yes,No,No,Month-to-month,Yes,Electronic check,41.54,165.68,2,No
2281-YKQEG,Male,0,No,No,33,Yes,No,No,No internet service,No internet service,No internet service,No internet service,No internet service,No internet service,Month-to-month,No,Bank transfer (automatic),19.87,645.68,3,No
2282-SYXOC,Male,0,No,Yes,72,Yes,No,Fiber optic,No,No,No,No,Yes,No,Month-to-month,No,Mailed check,66.73,4815.34,1,No
2283-OEWLT,Female,0,No,No,55,Yes,Yes,Fiber optic,Yes,No,No,Yes,No,No,Month-to-month,Yes,Mailed check,76.82,4220.31,4,No
2284-ECIZI,Female,0,No,Yes,72,Yes,No,No,No internet service,No internet service,No internet service,No internet service,No internet service,No internet service,Month-to-month,Yes,Electronic check,42.06,2991.01,1,Yes
2285-GZBWW,Male,0,Yes,Yes,27,Yes,No,No,No internet service,No internet service,No internet service,No internet service,No internet service,No internet service,One year,No,Credit card (automatic),18.0,519.99,1,No
2286-UPIMS,Male,0,Yes,No,72,Yes,No,Fiber optic,No,Yes,No,No,No,No,One year,Yes,Credit card (automatic),73.42,5292.71,4,No
2287-TQFDA,Male,0,No,No,11,Yes,Yes,No,No internet service,No internet service,No internet service,No internet service,No internet service,No internet service,One year,Yes,Credit card (automatic),18.0,205.35,1,No
2288-RSIMH,Female,1,No,No,17,Yes,No,Fiber optic,No,No,Yes,Yes,Yes,No,Month-to-month,Yes,Mailed check,62.45,1070.64,1,Yes
2289-WMOKL,Female,0,Yes,No,16,No,No phone service,Fiber optic,No,No,No,No,No,Yes,Month-to-month,Yes,Electronic check,70.13,1126.98,1,Yes
2290-NDAXD,Male,0,No,Yes,1,Yes,No,Fiber optic,No,No,No,Yes,No,Yes,Month-to-month,No,Electronic check,72.96,83.78,3,Yes
2291-SIJDT,Male,0,No,Yes,56,Yes,No,Fiber optic,Yes,No,Yes,No,No,Yes,Month-to-month,No,Credit card (automatic),58.94,3351.44,1,No
2292-IMLKL,Female,0,No,No,1,Yes,Yes,Fiber optic,No,Yes,No,No,No,No,Month-to-month,Yes,Bank transfer (automatic),78.53,116.37,1,No
2293-RLPET,Female,0,No,No,41,Yes,Yes,Fiber optic,Yes,Yes,No,No,No,No,One year,No,Electronic check,68.58,2877.31,2,No
2294-YLUYK,Male,0,Yes,Yes,16,Yes,Yes,DSL,Yes,No,No,No,No,Yes,Two year,Yes,Mailed check,54.8,887.22,3,No
2295-IRYCT,Male,0,Yes,No,1,Yes,No,Fiber optic,No,No,No,No,No,No,Month-to-month,No,Bank transfer (automatic),87.03,101.83,2,No
2296-QNAQY,Male,0,No,No,10,Yes,Yes,DSL,No,Yes,Yes,No,No,Yes,Month-to-month,No,Credit card (automatic),46.11,431.7,3,Yes
2297-HEEIC,Female,0,No,Yes,13,No,No phone service,No,No internet service,No internet service,No internet service,No internet service,No internet service,No internet service,One year,Yes,Bank transfer (automatic),37.86,425.37,0,No
2298-SWIVR,Male,0,Yes,No,72,Yes,Yes,DSL,Yes,Yes,No,Yes,No,No,Month-to-month,No,Mailed check,49.13,3522.86,0,Yes
2299-PABNN,Female,0,No,No,34,Yes,No,DSL,No,Yes,No,No,No,Yes,Month-to-month,No,Bank transfer (automatic),44.84,1576.5,2,No
2300-AZZYP,Male,0,No,Yes,25,Yes,No,Fiber optic,No,No,Yes,No,No,No,Two year,Yes,Electronic check,63.43,1571.65,2,Yes
2301-OZOLP,Male,0,Yes,No,4,Yes,No,DSL,No,No,Yes,No,No,No,Month-to-month,Yes,Electronic check,36.74,179.46,1,Yes
2302-NXOWO,Male,0,No,No,15,Yes,Yes,No,No internet service,No internet service,No internet service,No internet service,No internet service,No internet service,One year,No,Mailed check,22.1,269.33,3,No
2303-SHBBJ,Female,0,Yes,No,1,Yes,Yes,No,No internet service,No internet service,No internet service,No internet service,No internet service,No internet service,Month-to-month,Yes,Electronic check,21.11,18.0,2,No
2304-CWQHW,Male,0,Yes,No,45,No,No phone service,DSL,No,No,No,Yes,No,No,Month-to-month,No,Credit card (automatic),33.47,1563.38,4,No
2305-DNUJA,Female,1,No,No,5,Yes,No,DSL,Yes,Yes,Yes,No,No,Yes,Two year,Yes,Mailed check,32.0,204.62,1,No
2306-DAQZQ,Male,0,Yes,Yes,28,Yes,No,DSL,No,Yes,Yes,No,No,No,One year,Yes,Electronic check,35.84,948.52,4,No
2307-GWTOM,Female,0,Yes,No,38,Yes,Yes,Fiber optic,No,No,Yes,No,No,No,Month-to-month,Yes,Credit card (automatic),70.76,2694.79,2,No
2308-BSXMX,Male,1,No,No,14,Yes,No,No,No internet service,No internet service,No internet service,No internet service,No internet service,No internet service,Two year,Yes,Bank transfer (automatic),18.0,209.36,3,No
2309-KVOJI,Female,0,No,Yes,32,Yes,Yes,Fiber optic,No,No,No,No,No,No,Month-to-month,No,Electronic check,64.32,2071.29,0,No
2310-ITAQL,Male,0,No,Yes,46,Yes,No,DSL,Yes,Yes,Yes,No,No,Yes,Month-to-month,Yes,Mailed check,44.49,2094.11,1,Yes
2311-JEROF,Female,1,Yes,No,6,Yes,Yes,DSL,No,Yes,No,No,Yes,No,Two year,No,Mailed check,27.08,227.77,0,No
2312-GQFHL,Female,0,Yes,No,29,Yes,Yes,DSL,Yes,No,Yes,No,Yes,No,Two year,Yes,Mailed check,47.83,1356.99,3,No
2313-UNLWJ,Male,0,No,Yes,42,Yes,No,No,No internet service,No internet service,No internet service,No internet service,No internet service,No internet service,Month-to-month,No,Electronic check,24.53,963.87,2,Yes
2314-VTOGZ,Female,0,Yes,No,14,Yes,No,DSL,Yes,No,Yes,Yes,No,No,One year,Yes,Bank transfer (automatic),40.08,525.14,1,No
2315-IJJPG,Female,1,No,Yes,5,No,No phone service,DSL,No,Yes,Yes,Yes,No,No,Month-to-month,Yes,Mailed check,34.8,153.59,0,No
2316-EWCRK,Male,0,Yes,Yes,10,Yes,Yes,No,No internet service,No internet service,No internet service,No internet service,No internet service,No internet service,Month-to-month,No,Electronic check,22.0,329.42,1,No
2317-OUTEX,Female,0,Yes,No,72,Yes,No,Fiber optic,Yes,Yes,Yes,No,Yes,No,One year,Yes,Electronic check,69.69,4966.77,0,No
2318-LDOIG,Male,0,Yes,No,14,Yes,No,Fiber optic,No,No,No,No,No,No,Month-to-month,Yes,Electronic check,69.46,994.11,2,Yes
2319-JWMHL,Male,0,Yes,No,3,Yes,No,Fiber optic,No,No,Yes,Yes,No,Yes,Two year,No,Bank transfer (automatic),85.26,299.21,2,Yes
2320-VXSZZ,Female,0,No,No,2,Yes,Yes,Fiber optic,No,No,Yes,No,No,Yes,Month-to-month,No,Bank transfer (automatic),63.58,119.17,2,No
2321-APVQY,Female,0,No,Yes,6,Yes,No,Fiber optic,No,No,No,No,No,Yes,Month-to-month,Yes,Electronic check,65.28,372.12,1,Yes
2322-RKRGR,Female,0,Yes,No,4,Yes,Yes,Fiber optic,No,No,Yes,No,Yes,No,Month-to-month,Yes,Credit card (automatic),65.01,322.67,1,Yes
2323-ZHFGW,Female,0,No,Yes,21,Yes,No,DSL,No,No,No,No,No,No,Two year,Yes,Mailed check,35.16,724.24,2,No
2324-VJKYM,Female,0,No,No,13,Yes,Yes,No,No internet service,No internet service,No internet service,No internet service,No internet service,No internet service,One year,Yes,Bank transfer (automatic),18.0,201.73,1,No
2325-IGIMZ,Male,0,Yes,No,58,Yes,No,DSL,Yes,Yes,No,No,No,No,Two year,Yes,Bank transfer (automatic),46.07,2643.12,3,No
2326-CCAUT,Male,0,Yes,Yes,68,Yes,No,Fiber optic,No,Yes,No,Yes,No,No,Two year,Yes,Electronic check,71.78,4915.32,1,No
2327-BYCOX,Female,0,Yes,Yes,20,Yes,No,Fiber optic,No,No,No,Yes,No,No,Month-to-month,Yes,Mailed check,70.96,1409.6,1,Yes
2328-FMUAT,Female,1,No,No,70,No,No phone service,Fiber optic,Yes,No,No,Yes,No,No,Month-to-month,No,Bank transfer (automatic),47.72,3370.87,1,Yes
2329-SAUVB,Female,0,No,No,19,Yes,No,Fiber optic,No,No,No,No,No,No,Month-to-month,Yes,Electronic check,74.52,1404.24,1,No
2330-ONSKO,Female,0,No,Yes,32,Yes,No,Fiber optic,No,No,No,No,No,Yes,Month-to-month,Yes,Electronic check,80.68,2637.81,1,Yes
2331-FTIET,Female,0,No,No,5,Yes,No,No,No internet service,No internet service,No internet service,No internet service,No internet service,No internet service,Month-to-month,Yes,Credit card (automatic),31.15,227.21,1,No
2332-BFZRW,Male,0,No,No,1,Yes,No,Fiber optic,Yes,No,No,No,No,Yes,Two year,Yes,Bank transfer (automatic),61.42,69.36,0,No
2333-SIUXF,Male,0,No,No,5,Yes,No,Fiber optic,Yes,No,No,No,No,No,Two year,Yes,Electronic check,66.34,310.32,2,No
2334-NZXMK,Male,0,No,No,9,Yes,Yes,Fiber optic,No,No,No,No,No,Yes,Month-to-month,Yes,Mailed check,60.05,484.4,3,No
2335-LSSUZ,Female,0,Yes,No,44,Yes,No,Fiber optic,No,No,No,No,Yes,Yes,Month-to-month,Yes,Electronic check,51.48,2289.36,3,No
2336-SXZMN,Female,0,Yes,No,6,Yes,No,No,No internet service,No internet service,No internet service,No internet service,No internet service,No internet service,Two year,Yes,Electronic check,22.51,132.02,0,No
2337-XRLDJ,Female,0,No,Yes,4,Yes,Yes,Fiber optic,Yes,No,No,No,Yes,Yes,One year,Yes,Electronic check,80.71,339.05,0,No
2338-QDLMD,Male,0,No,No,72,Yes,No,Fiber optic,No,No,No,Yes,No,No,Month-to-month,No,Credit card (automatic),83.98,6019.11,0,No
2339-JYCOB,Male,1,Yes,No,37,Yes,Yes,No,No internet service,No internet service,No internet service,No internet service,No internet service,No internet service,Month-to-month,No,Credit card (automatic),25.06,886.26,3,No
2340-YYQFZ,Male,1,No,No,20,Yes,No,Fiber optic,Yes,No,Yes,Yes,No,Yes,Month-to-month,Yes,Electronic check,78.33,1601.38,2,Yes
2341-HCYRV,Male,0,No,No,3,Yes,Yes,Fiber optic,No,Yes,Yes,No,No,No,Month-to-month,Yes,Electronic check,83.72,257.96,1,Yes
2342-APGCW,Female,0,No,No,61,Yes,No,Fiber optic,Yes,No,Yes,Yes,Yes,Yes,Two year,Yes,Bank transfer (automatic),73.25,4498.23,2,No
2343-DIESO,Female,0,Yes,Yes,3,Yes,No,DSL,No,No,No,No,No,Yes,Month-to-month,Yes,Bank transfer (automatic),43.66,230.1,2,Yes
2344-HFRSX,Female,0,No,No,30,Yes,Yes,Fiber optic,Yes,Yes,No,Yes,No,Yes,Month-to-month,No,Electronic check,60.56,1852.01,2,No
2345-OZGJF,Female,0,Yes,No,35,Yes,No,DSL,Yes,Yes,Yes,No,Yes,Yes,Month-to-month,Yes,Electronic check,41.2,1566.29,1,No
2346-NQISE,Female,0,Yes,No,16,Yes,No,No,No internet service,No internet service,No internet service,No internet service,No internet service,No internet service,Month-to-month,No,Electronic check,28.92,493.15,2,No
2347-WGSTZ,Female,0,No,No,72,Yes,No,Fiber optic,No,No,Yes,Yes,No,Yes,One year,No,Mailed check,73.05,5319.02,1,No
2348-GXBYW,Male,0,No,No,1,Yes,Yes,Fiber optic,Yes,No,Yes,No,No,No,Month-to-month,Yes,Credit card (automatic),83.66,100.3,2,No
2349-PMHFF,Female,0,Yes,No,54,Yes,Yes,DSL,No,Yes,No,No,No,No,Month-to-month,Yes,Mailed check,39.89,2091.49,0,No
2350-IDKEY,Female,0,No,No,25,Yes,No,Fiber optic,No,No,Yes,No,Yes,Yes,Month-to-month,Yes,Electronic check,53.23,1375.61,0,No
2351-QTGOY,Female,0,Yes,No,30,Yes,No,No,No internet service,No internet service,No internet service,No internet service,No internet service,No internet service,Month-to-month,No,Electronic check,25.7,765.07,2,No
2352-ONMKM,Female,0,No,No,72,Yes,Yes,DSL,No,No,No,Yes,No,No,Month-to-month,No,Bank transfer (automatic),57.03,4078.42,2,No
2353-ZVXIJ,Female,0,No,No,27,Yes,Yes,Fiber optic,No,Yes,No,Yes,No,Yes,One year,Yes,Mailed check,81.09,2130.22,2,No
2354-DQNXR,Female,0,Yes,No,51,Yes,No,DSL,No,No,Yes,No,No,No,Two year,No,Mailed check,60.08,3097.25,2,No
2355-KPAGJ,Female,0,Yes,Yes,5,No,No phone service,No,No internet service,No internet service,No internet service,No internet service,No internet service,No internet service,One year,Yes,Mailed check,28.48,169.02,1,No
2356-IYCVW,Female,0,No,No,53,Yes,Yes,Fiber optic,No,No,No,No,Yes,No,Month-to-month,Yes,Mailed check,59.67,3159.97,4,No
2357-NZYOB,Male,0,Yes,No,45,Yes,Yes,Fiber optic,No,No,Yes,No,No,No,One year,Yes,Electronic check,63.09,2878.84,0,No
2358-XNPGD,Male,0,Yes,No,72,Yes,No,Fiber optic,Yes,No,Yes,No,Yes,No,Month-to-month,No,Credit card (automatic),52.38,3833.58,1,No
2359-RXEFG,Male,0,Yes,No,72,Yes,Yes,DSL,Yes,No,No,No,No,No,Month-to-month,Yes,Electronic check,53.98,3925.4,3,Yes
2360-OZAXD,Female,1,Yes,Yes,7,Yes,Yes,DSL,No,No,Yes,No,Yes,No,Two year,Yes,Bank transfer (automatic),33.46,289.49,3,No
2361-YAKRN,Male,0,No,Yes,20,Yes,Yes,Fiber optic,No,Yes,No,No,No,Yes,Two year,Yes,Electronic check,63.89,1266.14,0,No
2362-VKJQD,Female,0,Yes,No,72,Yes,No,No,No internet service,No internet service,No internet service,No internet service,No internet service,No internet service,Two year,No,Electronic check,18.0,1314.19,0,No
2363-XOZPU,Male,0,No,No,32,Yes,No,DSL,No,Yes,No,Yes,No,No,Month-to-month,Yes,Electronic check,34.72,1168.41,2,No
2364-MIKKF,Male,0,Yes,No,19,No,No phone service,Fiber optic,No,No,Yes,No,Yes,Yes,One year,Yes,Electronic check,70.02,1337.89,2,No
2365-AVFMV,Female,0,No,No,3,Yes,No,DSL,No,No,No,No,Yes,Yes,Month-to-month,No,Mailed check,49.8,121.63,2,Yes
2366-XVEOR,Female,0,No,No,13,Yes,No,Fiber optic,Yes,Yes,Yes,No,No,No,Two year,Yes,Bank transfer (automatic),66.68,837.09,1,No
2367-TNOZE,Female,1,Yes,No,35,Yes,No,Fiber optic,Yes,No,Yes,No,No,No,Month-to-month,No,Bank transfer (automatic),70.57,2429.02,2,No
2368-ZDBGJ,Female,1,No,Yes,48,Yes,No,Fiber optic,Yes,No,No,No,No,Yes,One year,Yes,Mailed check,75.3,3615.04,2,Yes
2369-PJRQU,Male,1,Yes,No,18,No,No phone service,Fiber optic,Yes,No,No,No,No,No,Month-to-month,No,Electronic check,76.81,1472.96,1,Yes
2370-MAAOA,Male,0,No,No,1,Yes,Yes,No,No internet service,No internet service,No internet service,No internet service,No internet service,No internet service,Month-to-month,No,Credit card (automatic),35.32,18.13,3,Yes
2371-FYZMA,Female,1,No,No,32,Yes,Yes,DSL,Yes,Yes,No,Yes,Yes,No,Month-to-month,No,Credit card (automatic),45.74,1441.98,2,No
2372-EIYQP,Male,0,No,Yes,72,Yes,No,No,No internet service,No internet service,No internet service,No internet service,No internet service,No internet service,Month-to-month,Yes,Electronic check,18.09,1381.0,2,Yes
2373-HQOXA,Male,0,No,Yes,21,Yes,No,Fiber optic,No,Yes,No,No,Yes,No,Two year,No,Credit card (automatic),57.74,1117.27,1,No
2374-LEXFY,Male,0,Yes,Yes,72,Yes,Yes,DSL,No,No,Yes,Yes,No,No,Two year,No,Electronic check,50.15,3499.69,2,No
2375-AYAJJ,Female,0,Yes,No,13,Yes,No,DSL,No,No,No,No,No,No,Month-to-month,Yes,Electronic check,30.47,410.17,1,Yes
2376-CQSKR,Female,0,Yes,No,69,Yes,No,No,No internet service,No internet service,No internet service,No internet service,No internet service,No internet service,Month-to-month,Yes,Bank transfer (automatic),37.77,2622.05,2,No
2377-BIXQN,Female,0,No,No,49,Yes,No,Fiber optic,Yes,No,No,No,Yes,No,Month-to-month,Yes,Bank transfer (automatic),88.44,4382.3,0,Yes
2378-DQQLT,Male,0,No,No,72,Yes,Yes,Fiber optic,No,No,Yes,No,Yes,Yes,Month-to-month,Yes,Electronic check,56.04,4100.51,0,No
2379-RCKYR,Female,0,Yes,No,50,Yes,Yes,DSL,No,Yes,Yes,Yes,No,No,One year,Yes,Mailed check,41.3,2075.61,2,No
2380-DQREN,Female,0,Yes,No,12,No,No phone service,Fiber optic,No,No,No,Yes,No,Yes,Month-to-month,No,Electronic check,68.13,728.06,2,Yes
2381-JOAPK,Male,0,Yes,No,72,Yes,No,No,No internet service,No internet service,No internet service,No internet service,No internet service,No internet service,Month-to-month,No,Bank transfer (automatic),18.0,1340.11,0,Yes
2382-WTFXV,Female,1,Yes,No,35,Yes,Yes,No,No internet service,No internet service,No internet service,No internet service,No internet service,No internet service,Month-to-month,No,Credit card (automatic),26.91,850.38,2,No
2383-PBAXX,Female,0,Yes,No,5,Yes,No,Fiber optic,No,No,No,No,No,No,Two year,Yes,Electronic check,50.03,255.41,2,No
2384-IVLQY,Female,0,No,No,1,Yes,No,Fiber optic,No,No,No,No,No,No,Two year,Yes,Electronic check,61.33,103.26,1,No
2385-OSVJZ,Male,0,No,Yes,14,Yes,No,Fiber optic,No,No,No,Yes,Yes,Yes,Month-to-month,Yes,Bank transfer (automatic),50.99,713.85,1,Yes
2386-LNIMC,Female,1,No,No,49,Yes,No,Fiber optic,Yes,Yes,No,Yes,Yes,No,One year,Yes,Credit card (automatic),85.64,4203.15,2,No
2387-UNUJP,Male,0,No,No,30,Yes,Yes,Fiber optic,No,No,Yes,Yes,No,Yes,Two year,Yes,Electronic check,77.99,2353.83,0,No
2388-GDTWY,Male,0,No,No,23,Yes,No,No,No internet service,No internet service,No internet service,No internet service,No internet service,No internet service,Month-to-month,No,Credit card (automatic),18.0,353.18,0,No
2389-KPTDV,Male,0,No,No,1,Yes,No,Fiber optic,No,Yes,No,Yes,Yes,Yes,Month-to-month,Yes,Mailed check,57.18,50.96,3,No
2390-VWQMK,Male,1,Yes,No,18,Yes,No,Fiber optic,No,No,Yes,No,No,No,Month-to-month,No,Credit card (automatic),82.07,1565.9,2,No
2391-CIFVU,Male,0,Yes,No,5,Yes,No,DSL,No,Yes,No,No,Yes,No,Month-to-month,Yes,Electronic check,42.23,217.28,1,Yes
2392-KPSEN,Male,0,Yes,No,19,Yes,No,No,No internet service,No internet service,No internet service,No internet service,No internet service,No internet service,Month-to-month,No,Credit card (automatic),24.96,452.56,0,No
2393-QCDPP,Female,0,No,Yes,72,Yes,No,Fiber optic,Yes,No,No,No,No,Yes,Month-to-month,No,Electronic check,69.95,5106.46,0,No
2394-UZYDS,Female,1,No,Yes,67,Yes,No,No,No internet service,No internet service,No internet service,No internet service,No internet service,No internet service,Two year,Yes,Credit card (automatic),20.93,1489.25,3,No
2395-ZQMZV,Male,0,No,No,11,Yes,No,Fiber optic,Yes,Yes,Yes,No,Yes,No,Two year,Yes,Electronic check,67.0,668.08,2,No
2396-WZXAL,Male,0,No,Yes,28,Yes,No,DSL,Yes,Yes,No,No,No,No,Two year,Yes,Electronic check,55.91,1520.37,0,No
2397-DKEBQ,Female,0,Yes,No,22,Yes,No,Fiber optic,No,No,Yes,No,No,Yes,Two year,Yes,Electronic check,74.46,1591.58,1,Yes
2398-HFUIM,Female,0,No,Yes,4,Yes,No,No,No internet service,No internet service,No internet service,No internet service,No internet service,No internet service,One year,Yes,Credit card (automatic),18.4,124.97,0,No
2399-KPPBJ,Female,0,No,No,72,Yes,Yes,DSL,Yes,No,Yes,Yes,No,No,One year,Yes,Electronic check,25.77,1852.69,3,No
2400-LHKJM,Male,0,No,No,17,Yes,No,No,No internet service,No internet service,No internet service,No internet service,No internet service,No internet service,Two year,Yes,Bank transfer (automatic),24.29,434.13,2,No
2401-YQGXC,Male,1,No,No,22,Yes,Yes,Fiber optic,No,No,Yes,No,No,No,Month-to-month,Yes,Credit card (automatic),75.95,1674.25,1,Yes
2402-TMSGI,Female,0,No,No,33,Yes,No,DSL,No,Yes,No,Yes,Yes,No,Two year,No,Electronic check,56.22,1919.23,3,No
2403-SMVHV,Male,1,Yes,No,6,Yes,No,Fiber optic,No,No,No,No,No,Yes,Two year,Yes,Mailed check,67.61,374.4,3,Yes
2404-RWBRR,Male,0,Yes,Yes,8,Yes,Yes,DSL,No,No,No,No,No,Yes,One year,No,Electronic check,73.22,545.33,3,No
2405-KANPK,Male,1,No,No,6,Yes,Yes,DSL,No,No,Yes,No,No,No,Two year,Yes,Electronic check,28.71,159.26,2,No
2406-AGPNO,Male,0,No,Yes,15,No,No phone service,No,No internet service,No internet service,No internet service,No internet service,No internet service,No internet service,Month-to-month,No,Electronic check,18.0,248.4,3,Yes
2407-NUKPS,Female,0,Yes,No,7,Yes,Yes,Fiber optic,No,No,No,No,Yes,No,Month-to-month,No,Credit card (automatic),82.15,567.28,0,Yes
2408-QZFKQ,Male,0,No,Yes,72,Yes,Yes,DSL,No,No,Yes,No,No,No,One year,Yes,Credit card (automatic),54.85,3910.49,2,No
2409-IRQLW,Male,0,No,Yes,40,Yes,No,DSL,No,No,Yes,No,No,Yes,Month-to-month,Yes,Mailed check,33.27,1463.12,2,No
2410-VVEKD,Male,0,Yes,Yes,72,Yes,No,DSL,Yes,No,No,No,Yes,No,Month-to-month,No,Bank transfer (automatic),45.03,3188.35,0,No
2411-DCZXW,Male,0,Yes,No,60,Yes,No,No,No internet service,No internet service,No internet service,No internet service,No internet service,No internet service,Two year,No,Electronic check,18.0,991.94,0,No
2412-YQGZD,Female,0,Yes,No,38,Yes,Yes,Fiber optic,No,No,Yes,No,No,Yes,Two year,No,Mailed check,59.96,2308.71,5,No
2413-WMLAU,Male,0,Yes,No,8,Yes,No,DSL,No,No,No,No,Yes,Yes,Month-to-month,Yes,Electronic check,29.75,218.81,1,No
2414-SUTRK,Male,0,Yes,No,30,Yes,Yes,Fiber optic,No,No,No,No,Yes,No,Month-to-month,No,Mailed check,55.78,1712.51,2,No
2415-TCQLJ,Female,0,Yes,Yes,6,No,No phone service,No,No internet service,No internet service,No internet service,No internet service,No internet service,No internet service,Month-to-month,Yes,Mailed check,18.16,22.16,3,No
2416-HOEDZ,Male,0,Yes,No,4,Yes,No,No,No internet service,No internet service,No internet service,No internet service,No internet service,No internet service,Two year,Yes,Bank transfer (automatic),37.35,187.61,2,No
2417-UTSUD,Male,0,No,No,32,Yes,Yes,Fiber optic,No,No,Yes,No,No,No,Two year,Yes,Mailed check,69.23,2223.63,3,No
2418-OQLCJ,Male,0,No,Yes,31,No,No phone service,No,No internet service,No internet service,No internet service,No internet service,No internet service,No internet service,Month-to-month,No,Electronic check,25.64,819.08,0,Yes
2419-OJXWR,Male,0,No,Yes,5,Yes,Yes,Fiber optic,No,No,No,No,Yes,No,Month-to-month,Yes,Mailed check,65.76,277.06,2,Yes
2420-ACUZL,Female,0,No,No,13,Yes,No,DSL,No,No,No,No,No,No,One year,Yes,Electronic check,60.9,762.42,1,Yes
2421-ACCES,Female,0,No,No,2,Yes,Yes,No,No internet service,No internet service,No internet service,No internet service,No internet service,No internet service,One year,Yes,Credit card (automatic),18.0,107.66,2,Yes
2422-YADZZ,Female,0,No,No,40,Yes,Yes,No,No internet service,No internet service,No internet service,No internet service,No internet service,No internet service,Month-to-month,Yes,Electronic check,18.0,714.89,3,Yes
2423-DQNRA,Male,0,No,No,72,Yes,No,Fiber optic,Yes,No,No,No,Yes,No,Month-to-month,No,Bank transfer (automatic),86.9,6232.72,0,Yes
2424-VPCWU,Male,0,Yes,No,43,Yes,Yes,Fiber optic,Yes,Yes,No,Yes,No,No,Two year,No,Credit card (automatic),66.01,2890.66,1,Yes
2425-IWDUE,Female,0,No,No,59,Yes,Yes,DSL,No,No,No,No,No,No,Month-to-month,No,Electronic check,48.2,2784.96,1,No
2426-KUZIZ,Female,0,No,No,20,Yes,Yes,No,No internet service,No internet service,No internet service,No internet service,No internet service,No internet service,Month-to-month,No,Mailed check,37.29,750.14,1,No
2427-CFXKI,Male,0,Yes,No,3,Yes,No,Fiber optic,No,No,Yes,No,Yes,No,Two year,No,Electronic check,55.82,117.35,0,Yes
2428-OWCAT,Male,0,Yes,Yes,41,Yes,No,Fiber optic,No,No,Yes,No,No,No,One year,Yes,Electronic check,71.1,3040.66,1,Yes
2429-VSNQV,Male,0,No,Yes,9,Yes,No,DSL,No,Yes,Yes,No,No,No,One year,Yes,Electronic check,55.83,498.7,1,No
2430-NQYNL,Male,0,Yes,Yes,15,Yes,Yes,DSL,No,Yes,Yes,Yes,No,Yes,One year,Yes,Electronic check,41.53,667.54,0,Yes
2431-PAMFQ,Male,0,Yes,No,38,Yes,No,No,No internet service,No internet service,No internet service,No internet service,No internet service,No internet service,Month-to-month,No,Credit card (automatic),18.0,615.15,2,No
2432-LWSFG,Male,1,No,Yes,72,Yes,No,Fiber optic,Yes,No,No,No,Yes,Yes,Two year,Yes,Electronic check,80.88,5893.97,0,No
2433-AAEFP,Male,0,No,No,21,No,No phone service,No,No internet service,No internet service,No internet service,No internet service,No internet service,No internet service,Month-to-month,No,Credit card (automatic),25.59,504.24,3,No
2434-YPNAM,Male,0,No,No,72,Yes,No,No,No internet service,No internet service,No internet service,No internet service,No internet service,No internet service,Month-to-month,No,Electronic check,18.0,1276.56,0,Yes
2435-TJXJI,Male,0,No,No,23,Yes,No,No,No internet service,No internet service,No internet service,No internet service,No internet service,No internet service,Month-to-month,Yes,Credit card (automatic),31.46,891.62,3,No
2436-MCRTB,Male,0,No,No,4,Yes,No,No,No internet service,No internet service,No internet service,No internet service,No internet service,No internet service,Month-to-month,No,Electronic check,18.0,93.12,1,Yes
2437-QSWMM,Female,0,Yes,No,23,Yes,No,Fiber optic,Yes,No,No,Yes,No,No,Month-to-month,Yes,Bank transfer (automatic),68.52,1634.0,3,No
2438-ABAXE,Male,1,No,No,63,Yes,No,No,No internet service,No internet service,No internet service,No internet service,No internet service,No internet service,Month-to-month,No,Bank transfer (automatic),18.0,1029.66,1,No
2439-XCGXV,Male,0,Yes,No,24,Yes,No,Fiber optic,No,Yes,Yes,No,No,No,Month-to-month,No,Bank transfer (automatic),60.09,1393.23,2,No
2440-MWRXU,Male,0,No,No,44,Yes,No,Fiber optic,Yes,No,No,Yes,No,No,Two year,Yes,Electronic check,79.21,3496.55,0,No
2441-GAEQH,Female,0,Yes,No,25,Yes,No,No,No internet service,No internet service,No internet service,No internet service,No internet service,No internet service,Month-to-month,Yes,Bank transfer (automatic),36.97,956.56,1,No
2442-OTDBE,Male,0,Yes,No,25,Yes,Yes,No,No internet service,No internet service,No internet service,No internet service,No internet service,No internet service,Two year,Yes,Mailed check,24.32,586.85,2,No
2443-AYEFB,Female,0,Yes,No,10,Yes,Yes,Fiber optic,Yes,Yes,Yes,No,Yes,Yes,One year,Yes,Credit card (automatic),72.76,619.71,1,No
2444-ZZADG,Male,0,No,No,7,Yes,No,Fiber optic,No,Yes,No,Yes,No,Yes,Two year,No,Electronic check,71.95,491.93,3,No
2445-VZAAH,Female,1,No,No,10,Yes,No,Fiber optic,No,No,No,No,Yes,Yes,Two year,No,Credit card (automatic),64.8,648.8,2,Yes
2446-TPUMW,Female,0,Yes,No,18,Yes,Yes,Fiber optic,No,No,Yes,No,No,No,Month-to-month,Yes,Bank transfer (automatic),54.57,943.08,2,Yes
2447-XZWRT,Male,0,Yes,No,53,Yes,No,Fiber optic,No,No,Yes,Yes,No,Yes,Two year,Yes,Electronic check,62.95,3381.87,3,Yes
2448-JLAJI,Female,0,No,No,56,Yes,No,No,No internet service,No internet service,No internet service,No internet service,No internet service,No internet service,Month-to-month,Yes,Mailed check,18.0,1105.9,0,No
2449-CSZIJ,Female,1,No,Yes,5,Yes,Yes,No,No internet service,No internet service,No internet service,No internet service,No internet service,No internet service,Month-to-month,Yes,Bank transfer (automatic),18.0,55.27,2,Yes
2450-SPXRN,Male,0,No,No,25,Yes,No,DSL,No,No,No,Yes,Yes,No,Month-to-month,No,Electronic check,56.21,1450.47,1,No
2451-CBARX,Male,0,Yes,No,17,Yes,No,Fiber optic,Yes,No,Yes,Yes,No,No,Month-to-month,Yes,Mailed check,65.11,1112.2,3,Yes
2452-IMBGP,Male,1,Yes,No,27,Yes,Yes,DSL,No,Yes,Yes,No,No,No,Month-to-month,Yes,Bank transfer (automatic),51.96,1372.89,2,Yes
2453-USYOV,Male,0,No,No,33,Yes,Yes,No,No internet service,No internet service,No internet service,No internet service,No internet service,No internet service,Two year,Yes,Mailed check,20.5,643.78,1,No
2454-KAUGT,Male,0,Yes,No,10,Yes,No,DSL,Yes,No,Yes,Yes,Yes,Yes,One year,Yes,Electronic check,33.49,307.18,1,No
2455-HJEIY,Male,0,Yes,No,72,Yes,No,No,No internet service,No internet service,No internet service,No internet service,No internet service,No internet service,Month-to-month,No,Electronic check,37.5,2724.14,0,No
2456-YABSN,Female,0,Yes,No,72,Yes,No,Fiber optic,No,No,Yes,No,No,No,Month-to-month,No,Credit card (automatic),77.09,5656.61,1,Yes
2457-TJIJF,Female,1,No,Yes,3,Yes,Yes,DSL,Yes,Yes,No,Yes,Yes,Yes,Month-to-month,Yes,Electronic check,45.52,156.8,2,Yes
2458-QYFDT,Male,1,No,Yes,38,Yes,Yes,No,No internet service,No internet service,No internet service,No internet service,No internet service,No internet service,Two year,Yes,Electronic check,29.05,1130.33,0,Yes
2459-CWSRZ,Male,1,No,No,1,Yes,No,DSL,No,Yes,No,No,Yes,Yes,Month-to-month,No,Credit card (automatic),59.18,18.0,2,Yes
2460-XDHQE,Male,0,No,No,1,Yes,No,Fiber optic,No,Yes,No,Yes,No,No,Two year,No,Bank transfer (automatic),62.71,39.36,2,No
2461-MYAMD,Male,0,No,Yes,72,Yes,No,Fiber optic,No,No,Yes,No,No,Yes,Month-to-month,Yes,Electronic check,57.37,4132.09,3,Yes
2462-VZXNC,Female,0,Yes,No,37,Yes,Yes,Fiber optic,No,No,Yes,No,No,No,Month-to-month,Yes,Electronic check,71.11,2639.78,0,Yes
2463-EGAWL,Female,0,No,Yes,12,Yes,No,DSL,No,Yes,No,No,No,No,Month-to-month,No,Electronic check,38.5,498.78,1,No
2464-KXHYF,Male,0,Yes,No,35,Yes,No,Fiber optic,No,No,Yes,No,No,No,Two year,Yes,Electronic check,83.02,2849.02,4,No
2465-VBSTT,Female,0,No,Yes,59,Yes,No,DSL,No,No,Yes,No,No,Yes,One year,Yes,Electronic check,52.25,3095.24,2,No
2466-XNAJP,Female,1,No,Yes,65,No,No phone service,Fiber optic,No,No,Yes,No,Yes,Yes,Month-to-month,No,Bank transfer (automatic),65.58,4300.09,0,Yes
2467-DKPTA,Male,1,No,Yes,1,Yes,No,DSL,No,No,No,No,Yes,No,One year,Yes,Bank transfer (automatic),52.69,18.0,2,No
2468-PSUVI,Male,0,No,No,54,Yes,No,Fiber optic,No,No,Yes,No,No,No,One year,Yes,Bank transfer (automatic),52.98,2851.79,1,No
2469-IIQLY,Female,0,No,No,61,Yes,Yes,Fiber optic,No,No,Yes,No,Yes,Yes,Two year,Yes,Credit card (automatic),73.13,4412.53,0,No
2470-MHPRA,Male,0,No,No,28,Yes,Yes,No,No internet service,No internet service,No internet service,No internet service,No internet service,No internet service,Month-to-month,Yes,Mailed check,22.55,688.01,4,No
2471-ALFIW,Male,0,Yes,Yes,20,Yes,No,DSL,No,Yes,Yes,No,No,No,Month-to-month,No,Credit card (automatic),31.33,720.43,1,No
2472-EPRQR,Male,0,No,No,3,No,No phone service,No,No internet service,No internet service,No internet service,No internet service,No internet service,No internet service,Month-to-month,Yes,Electronic check,18.0,18.15,1,Yes
2473-ASVHC,Female,1,Yes,Yes,8,Yes,No,DSL,Yes,Yes,No,No,No,Yes,Month-to-month,Yes,Bank transfer (automatic),47.93,523.52,0,No
2474-ZYZEW,Female,0,No,Yes,21,Yes,No,No,No internet service,No internet service,No internet service,No internet service,No internet service,No internet service,Month-to-month,Yes,Bank transfer (automatic),18.0,348.82,2,Yes
2475-HSRRU,Female,0,Yes,No,64,Yes,No,DSL,No,No,No,No,No,Yes,Month-to-month,Yes,Bank transfer (automatic),45.54,2943.25,0,No
2476-AORYG,Female,0,Yes,No,52,Yes,Yes,No,No internet service,No internet service,No internet service,No internet service,No internet service,No internet service,One year,Yes,Electronic check,24.12,1228.31,2,No
2477-PPOFI,Male,0,No,No,21,Yes,Yes,No,No internet service,No internet service,No internet service,No internet service,No internet service,No internet service,Two year,No,Electronic check,33.65,692.04,2,Yes
2478-GNKUP,Male,0,Yes,No,49,Yes,Yes,DSL,Yes,No,Yes,No,Yes,Yes,Month-to-month,Yes,Credit card (automatic),60.75,2961.17,0,No
2479-YFVPT,Female,0,Yes,Yes,46,Yes,No,DSL,No,No,Yes,No,No,No,Month-to-month,No,Bank transfer (automatic),52.04,2400.55,3,No
2480-PLQEY,Female,0,No,No,27,Yes,Yes,Fiber optic,No,No,No,No,No,Yes,Two year,Yes,Credit card (automatic),63.95,1712.37,1,No
2481-MHXEL,Male,0,No,Yes,7,Yes,Yes,Fiber optic,No,Yes,No,No,No,Yes,Month-to-month,Yes,Electronic check,64.49,429.27,2,Yes
2482-ICCAY,Female,0,Yes,Yes,13,Yes,Yes,Fiber optic,Yes,Yes,No,No,Yes,No,Month-to-month,No,Mailed check,77.42,950.19,1,No
2483-VRXLI,Female,0,No,Yes,5,Yes,No,Fiber optic,Yes,No,No,No,No,No,Month-to-month,Yes,Electronic check,52.55,305.18,1,No
2484-IRRGD,Female,0,No,No,1,Yes,No,Fiber optic,Yes,No,No,No,No,No,Month-to-month,Yes,Credit card (automatic),69.7,18.0,2,No
2485-MQXBN,Female,0,No,No,2,Yes,No,Fiber optic,Yes,No,No,No,No,No,One year,Yes,Bank transfer (automatic),83.28,171.17,0,No
2486-CENCW,Female,0,No,Yes,45,Yes,Yes,DSL,Yes,No,No,No,No,No,Two year,No,Credit card (automatic),28.35,1250.18,0,No
2487-GRMWV,Female,0,Yes,Yes,1,Yes,No,DSL,No,Yes,No,No,No,Yes,Month-to-month,Yes,Electronic check,50.83,22.72,0,No
2488-JYMPI,Female,0,Yes,No,16,Yes,No,DSL,Yes,No,No,No,No,Yes,Month-to-month,No,Electronic check,40.0,643.18,2,No
2489-BWEVQ,Male,0,Yes,No,72,Yes,Yes,Fiber optic,No,Yes,Yes,No,No,Yes,One year,No,Credit card (automatic),66.13,4795.97,1,No
2490-WVDQI,Male,0,Yes,No,50,Yes,Yes,Fiber optic,No,No,No,Yes,No,Yes,Two year,No,Electronic check,56.85,2832.28,1,No
2491-TBXRU,Male,0,Yes,Yes,44,Yes,Yes,No,No internet service,No internet service,No internet service,No internet service,No internet service,No internet service,Two year,No,Bank transfer (automatic),20.73,866.17,2,No
2492-VKMHA,Female,0,Yes,No,10,Yes,Yes,DSL,No,Yes,Yes,No,Yes,Yes,One year,Yes,Credit card (automatic),31.67,360.72,1,No
2493-QLDUM,Male,0,No,No,32,Yes,No,Fiber optic,No,Yes,Yes,Yes,Yes,No,Two year,No,Electronic check,64.43,2060.67,0,No
2494-IGWXE,Male,0,No,No,22,Yes,No,DSL,No,No,No,No,No,No,Month-to-month,Yes,Mailed check,37.87,826.18,2,No
2495-EQIFY,Male,0,No,Yes,31,Yes,Yes,No,No internet service,No internet service,No internet service,No internet service,No internet service,No internet service,Month-to-month,Yes,Bank transfer (automatic),18.0,513.35,2,No
2496-SPUBJ,Male,0,Yes,No,18,Yes,No,Fiber optic,No,No,No,No,No,No,Month-to-month,Yes,Bank transfer (automatic),60.43,1099.03,1,Yes
2497-PEOMM,Female,0,Yes,Yes,24,Yes,No,Fiber optic,No,No,No,No,Yes,No,Month-to-month,Yes,Bank transfer (automatic),53.82,1330.82,0,No
2498-MONHK,Male,0,No,No,72,Yes,Yes,Fiber optic,No,No,No,Yes,Yes,Yes,Month-to-month,Yes,Mailed check,62.04,4504.3,2,Yes
2499-RXDZJ,Male,0,Yes,Yes,12,Yes,Yes,DSL,No,No,No,Yes,No,No,Month-to-month,No,Credit card (automatic),30.36,426.19,0,No
2500-AEMAW,Male,0,No,No,7,Yes,No,DSL,No,No,No,Yes,No,No,One year,Yes,Electronic check,35.26,293.94,2,No
2501-HCCGD,Male,1,No,Yes,19,Yes,No,Fiber optic,Yes,Yes,No,Yes,No,No,Month-to-month,Yes,Mailed check,73.49,1355.0,3,No
2502-COHCG,Female,0,No,No,23,Yes,Yes,No,No internet service,No internet service,No internet service,No internet service,No internet service,No internet service,Two year,No,Bank transfer (automatic),18.0,397.42,2,No
2503-RKKQF,Female,0,Yes,No,2,Yes,No,DSL,No,No,No,No,No,Yes,One year,Yes,Credit card (automatic),41.37,62.39,2,No
2504-HAJYS,Male,0,Yes,No,52,Yes,No,Fiber optic,Yes,Yes,Yes,No,No,No,Two year,Yes,Electronic check,76.58,3942.16,2,Yes
2505-CDKOA,Male,0,Yes,No,17,Yes,No,Fiber optic,Yes,Yes,Yes,No,No,No,Month-to-month,Yes,Mailed check,74.19,1299.25,4,No
2506-IKSMZ,Male,0,Yes,Yes,17,Yes,No,Fiber optic,No,Yes,No,Yes,No,Yes,One year,Yes,Mailed check,63.17,1062.18,3,No
2507-PDATM,Male,0,Yes,Yes,34,Yes,No,Fiber optic,No,Yes,Yes,No,No,No,Month-to-month,No,Electronic check,70.85,2356.77,0,Yes
2508-AEENW,Female,1,No,No,47,No,No phone service,DSL,Yes,Yes,Yes,Yes,No,Yes,Month-to-month,Yes,Electronic check,23.95,1025.15,2,No
2509-NHDGT,Female,0,Yes,No,72,Yes,No,Fiber optic,No,No,No,Yes,No,Yes,One year,Yes,Bank transfer (automatic),55.5,4078.13,0,No
2510-SOVDS,Male,0,No,Yes,6,Yes,Yes,DSL,No,No,Yes,No,No,No,One year,Yes,Electronic check,50.1,275.4,1,No
2511-IUMNW,Female,0,Yes,No,13,Yes,No,Fiber optic,No,No,No,No,No,No,Month-to-month,No,Mailed check,75.59,980.08,0,No
2512-NVJPE,Female,0,Yes,Yes,5,Yes,Yes,DSL,No,Yes,Yes,No,Yes,Yes,Month-to-month,Yes,Credit card (automatic),40.17,177.73,0,Yes
2513-WFZBM,Male,0,Yes,No,68,Yes,No,DSL,No,No,Yes,No,No,No,Month-to-month,No,Credit card (automatic),48.47,3265.07,1,No
2514-MSRSA,Male,0,Yes,Yes,25,Yes,Yes,DSL,No,No,No,No,No,No,One year,Yes,Mailed check,43.95,1173.72,1,No
2515-HVPBH,Female,0,Yes,Yes,61,Yes,Yes,No,No internet service,No internet service,No internet service,No internet service,No internet service,No internet service,Month-to-month,No,Electronic check,18.0,1080.19,3,No
2516-FPWKQ,Female,0,Yes,No,72,Yes,Yes,DSL,No,Yes,Yes,No,No,Yes,Two year,No,Credit card (automatic),53.64,3851.24,0,No
2517-WSKHV,Female,0,Yes,No,25,Yes,No,DSL,No,No,No,Yes,No,No,Month-to-month,No,Electronic check,56.4,1467.97,2,Yes
2518-DKHIZ,Male,0,Yes,Yes,4,Yes,No,DSL,No,No,Yes,No,Yes,No,Two year,Yes,Credit card (automatic),41.01,161.05,1,No
2519-BPFUU,Male,0,No,No,14,Yes,No,DSL,No,No,Yes,Yes,No,Yes,One year,No,Credit card (automatic),47.89,680.16,2,No
2520-ZSHNX,Male,0,No,No,1,Yes,No,Fiber optic,No,Yes,No,No,Yes,No,Two year,Yes,Credit card (automatic),58.15,18.0,4,Yes
2521-PLEXZ,Male,0,Yes,Yes,60,Yes,No,No,No internet service,No internet service,No internet service,No internet service,No internet service,No internet service,Month-to-month,Yes,Mailed check,18.0,1032.54,1,No
2522-XSRIB,Female,0,Yes,No,1,Yes,Yes,No,No internet service,No internet service,No internet service,No internet service,No internet service,No internet service,One year,Yes,Mailed check,24.5,18.0,2,No
2523-YTLBJ,Male,0,No,No,28,Yes,No,No,No internet service,No internet service,No internet service,No internet service,No internet service,No internet service,Month-to-month,Yes,Bank transfer (automatic),18.0,525.28,2,No
2524-ADYLI,Female,0,No,No,3,Yes,No,DSL,No,Yes,No,No,No,No,Month-to-month,Yes,Mailed check,52.02,116.5,3,Yes
2525-DIFAJ,Female,0,No,No,1,Yes,Yes,DSL,No,Yes,Yes,No,No,Yes,Month-to-month,Yes,Electronic check,36.74,18.0,1,No
2526-NVYRF,Female,0,Yes,Yes,9,Yes,Yes,Fiber optic,No,Yes,No,No,No,Yes,Month-to-month,No,Electronic check,69.95,592.56,3,Yes
2527-RTPOP,Female,1,Yes,Yes,25,Yes,No,No,No internet service,No internet service,No internet service,No internet service,No internet service,No internet service,One year,Yes,Electronic check,18.0,492.8,0,No
2528-HMWKY,Male,0,No,No,2,Yes,No,Fiber optic,No,No,Yes,Yes,Yes,Yes,Two year,Yes,Electronic check,64.75,139.04,1,No
2529-GQRVW,Female,0,No,No,30,Yes,Yes,Fiber optic,Yes,No,Yes,No,Yes,Yes,Month-to-month,Yes,Electronic check,56.66,1691.58,0,No
2530-SYMOW,Female,0,Yes,No,35,Yes,Yes,Fiber optic,No,No,No,No,Yes,No,Two year,No,Mailed check,68.63,2389.85,4,No
2531-VVAPE,Male,0,No,Yes,72,Yes,No,DSL,No,Yes,No,No,Yes,No,Month-to-month,No,Credit card (automatic),54.94,3945.5,1,No
2532-ZCWJS,Female,0,Yes,No,72,Yes,Yes,Fiber optic,No,Yes,Yes,No,No,Yes,Month-to-month,Yes,Bank transfer (automatic),60.67,4359.88,1,Yes
2533-EGNCM,Male,0,Yes,Yes,26,Yes,No,DSL,No,Yes,Yes,No,No,No,Month-to-month,Yes,Electronic check,34.2,842.37,1,Yes
2534-MJBFH,Male,0,No,Yes,50,Yes,Yes,Fiber optic,Yes,No,No,No,No,No,Two year,Yes,Credit card (automatic),83.51,4089.4,1,No
2535-DYLOH,Male,0,Yes,No,14,Yes,No,Fiber optic,Yes,No,No,No,No,Yes,Month-to-month,Yes,Electronic check,77.65,1037.76,1,Yes
2536-GNWSN,Male,0,No,No,28,Yes,No,Fiber optic,No,Yes,Yes,No,Yes,No,Month-to-month,No,Mailed check,69.97,1872.56,0,No
2537-VMUAS,Female,0,No,Yes,16,Yes,Yes,DSL,No,Yes,No,No,No,Yes,One year,No,Bank transfer (automatic),39.15,634.46,3,No
2538-ADJCT,Male,0,No,Yes,13,Yes,Yes,No,No internet service,No internet service,No internet service,No internet service,No internet service,No internet service,One year,No,Mailed check,18.0,243.05,2,Yes
2539-ICFFW,Female,0,Yes,No,41,Yes,Yes,No,No internet service,No internet service,No internet service,No internet service,No internet service,No internet service,Month-to-month,Yes,Credit card (automatic),18.0,762.2,1,No
2540-YLWAP,Female,0,Yes,No,11,Yes,No,No,No internet service,No internet service,No internet service,No internet service,No internet service,No internet service,Two year,No,Electronic check,36.27,441.64,2,Yes
2541-XEIJM,Male,0,Yes,No,15,Yes,No,Fiber optic,No,No,No,No,Yes,Yes,Month-to-month,No,Mailed check,62.84,974.87,1,Yes
2542-OLEER,Female,0,Yes,No,14,Yes,Yes,DSL,No,No,Yes,No,No,Yes,Month-to-month,Yes,Electronic check,34.94,436.3,0,Yes
2543-LCZYG,Female,1,No,Yes,65,Yes,Yes,DSL,No,Yes,No,No,Yes,Yes,Month-to-month,No,Electronic check,53.05,3437.21,4,No
2544-QSRAY,Female,0,Yes,Yes,5,Yes,Yes,Fiber optic,Yes,No,Yes,No,Yes,No,Month-to-month,Yes,Mailed check,52.0,252.73,1,Yes
2545-XEBAG,Male,0,No,No,15,Yes,No,DSL,No,Yes,No,No,No,Yes,Two year,Yes,Mailed check,43.43,621.11,0,No
2546-KKRQB,Female,0,No,No,70,Yes,Yes,DSL,No,No,No,No,Yes,No,Month-to-month,Yes,Electronic check,60.46,4197.79,2,Yes
2547-GGJVU,Male,0,Yes,No,1,No,No phone service,Fiber optic,No,No,No,Yes,No,No,One year,Yes,Mailed check,65.02,32.78,5,Yes
2548-CLCKL,Male,0,No,No,72,Yes,No,Fiber optic,Yes,Yes,No,No,No,Yes,Two year,Yes,Electronic check,70.13,5040.42,2,Yes
2549-YDYPT,Male,0,Yes,No,72,Yes,No,DSL,No,No,Yes,No,No,No,Two year,Yes,Mailed check,38.74,2855.54,1,No
2550-RDVFU,Female,0,No,Yes,17,Yes,Yes,No,No internet service,No internet service,No internet service,No internet service,No internet service,No internet service,Month-to-month,Yes,Mailed check,18.0,325.0,1,Yes
2551-OACEV,Female,0,No,No,33,Yes,Yes,Fiber optic,No,Yes,No,No,Yes,No,Month-to-month,Yes,Bank transfer (automatic),64.87,2171.58,0,No
2552-QNICZ,Female,1,Yes,Yes,72,Yes,No,DSL,No,No,No,No,Yes,Yes,One year,Yes,Electronic check,48.1,3487.4,0,No
2553-MCKBX,Male,0,No,No,25,Yes,No,DSL,No,No,Yes,No,No,Yes,Month-to-month,No,Electronic check,50.5,1265.57,1,No
2554-OMSVP,Female,0,No,No,3,Yes,Yes,DSL,No,Yes,Yes,Yes,Yes,No,Month-to-month,Yes,Bank transfer (automatic),53.01,27.93,1,No
2555-RGMDI,Male,0,Yes,No,61,Yes,Yes,DSL,Yes,Yes,No,Yes,Yes,No,Two year,Yes,Bank transfer (automatic),56.02,3529.39,0,No
2556-JIGOH,Male,0,No,No,4,Yes,No,DSL,No,Yes,No,No,Yes,Yes,One year,Yes,Electronic check,28.21,111.41,2,No
2557-SKEBJ,Female,0,Yes,No,9,Yes,No,Fiber optic,No,No,Yes,Yes,No,Yes,Two year,Yes,Mailed check,79.69,756.83,2,No
2558-PWMHI,Female,0,No,No,66,Yes,Yes,Fiber optic,Yes,No,Yes,No,No,No,Two year,No,Mailed check,79.29,5196.18,2,No
2559-KKWZP,Male,0,No,No,9,Yes,No,DSL,Yes,No,Yes,No,No,Yes,Month-to-month,Yes,Mailed check,33.3,317.9,2,Yes
2560-JXLYF,Male,0,No,Yes,43,Yes,No,Fiber optic,No,No,No,No,No,Yes,One year,No,Electronic check,71.53,3047.65,0,No
2561-LJRRD,Female,0,Yes,No,18,Yes,Yes,No,No internet service,No internet service,No internet service,No internet service,No internet service,No internet service,One year,Yes,Mailed check,19.53,434.18,1,No
2562-IGRHK,Female,0,Yes,Yes,45,Yes,No,Fiber optic,Yes,No,Yes,No,No,Yes,Month-to-month,Yes,Bank transfer (automatic),71.25,3142.76,2,No
2563-GIHCQ,Female,0,Yes,Yes,8,Yes,No,No,No internet service,No internet service,No internet service,No internet service,No internet service,No internet service,One year,Yes,Credit card (automatic),18.0,107.31,3,No
2564-BONRP,Male,0,No,No,17,Yes,Yes,Fiber optic,No,Yes,No,Yes,No,No,Month-to-month,No,Bank transfer (automatic),69.49,1163.42,3,Yes
2565-TVDYT,Female,1,No,No,12,No,No phone service,Fiber optic,No,No,No,No,Yes,No,Two year,No,Electronic check,65.58,787.8,2,No
2566-FFZKZ,Female,0,Yes,Yes,9,Yes,No,Fiber optic,No,No,No,No,Yes,Yes,Two year,Yes,Credit card (automatic),87.13,820.49,1,No
2567-QXCMV,Male,0,No,No,12,Yes,No,No,No internet service,No internet service,No internet service,No internet service,No internet service,No internet service,Month-to-month,No,Electronic check,18.0,261.99,4,Yes
2568-CPOKR,Male,0,Yes,Yes,12,Yes,Yes,Fiber optic,No,Yes,No,Yes,No,Yes,One year,Yes,Mailed check,58.46,627.84,1,No
2569-OEPPQ,Female,0,No,No,72,No,No phone service,No,No internet service,No internet service,No internet service,No internet service,No internet service,No internet service,One year,Yes,Electronic check,18.04,1264.94,0,No
2570-IWCTM,Female,1,No,No,24,Yes,Yes,Fiber optic,Yes,Yes,Yes,No,No,No,Month-to-month,No,Bank transfer (automatic),65.75,1602.84,4,No
2571-VCGFI,Female,0,No,No,19,Yes,No,DSL,No,No,Yes,No,No,Yes,Month-to-month,Yes,Credit card (automatic),33.42,625.44,1,Yes
2572-LOUTC,Male,0,Yes,Yes,22,Yes,No,DSL,No,No,Yes,No,Yes,Yes,Two year,Yes,Credit card (automatic),51.5,1123.62,1,No
2573-JASSW,Female,0,Yes,Yes,72,Yes,Yes,DSL,No,No,No,No,Yes,No,Month-to-month,Yes,Electronic check,40.19,2815.13,1,No
2574-WMLAS,Male,0,No,Yes,33,Yes,Yes,DSL,No,No,Yes,No,Yes,No,One year,Yes,Mailed check,40.81,1214.52,1,No
2575-XPYWW,Female,0,Yes,Yes,38,Yes,No,Fiber optic,No,No,No,No,No,Yes,One year,Yes,Mailed check,49.83,1821.21,2,No
2576-OPKXF,Male,0,No,No,12,Yes,No,Fiber optic,No,Yes,No,No,No,No,One year,No,Electronic check,78.16,958.46,2,Yes
2577-KCOAG,Female,0,No,No,20,Yes,Yes,Fiber optic,No,No,No,Yes,Yes,Yes,Month-to-month,Yes,Credit card (automatic),69.08,1401.29,2,No
2578-AQIZW,Female,0,Yes,No,6,Yes,No,No,No internet service,No internet service,No internet service,No internet service,No internet service,No internet service,Two year,No,Mailed check,35.63,185.06,0,No
2579-MKTFA,Female,0,No,No,36,Yes,No,No,No internet service,No internet service,No internet service,No internet service,No internet service,No internet service,Month-to-month,Yes,Mailed check,27.31,982.64,0,Yes
2580-GLVTW,Male,0,No,No,13,Yes,No,DSL,Yes,No,No,No,No,No,Two year,Yes,Bank transfer (automatic),42.54,503.93,1,No
2581-SQDCA,Male,0,No,Yes,44,No,No phone service,DSL,Yes,Yes,No,No,No,No,Month-to-month,No,Bank transfer (automatic),44.0,1982.89,2,No
2582-RUOHA,Male,0,No,Yes,7,Yes,No,Fiber optic,Yes,Yes,No,No,No,No,Month-to-month,Yes,Credit card (automatic),64.9,388.61,4,Yes
2583-TNDEW,Male,0,No,No,16,Yes,No,DSL,Yes,Yes,No,No,Yes,No,Month-to-month,No,Mailed check,40.96,668.99,2,No
2584-MXOFA,Female,0,Yes,No,20,Yes,Yes,DSL,Yes,No,Yes,No,No,Yes,Month-to-month,No,Credit card (automatic),66.36,1272.77,1,No
2585-WSMFO,Male,1,No,No,5,Yes,Yes,Fiber optic,No,Yes,No,No,Yes,No,Two year,No,Credit card (automatic),52.55,166.78,0,No
2586-PXWPJ,Male,0,Yes,No,2,Yes,Yes,Fiber optic,No,No,Yes,No,No,Yes,Month-to-month,No,Mailed check,66.26,203.31,4,No
2587-VIIQQ,Female,0,No,Yes,12,Yes,Yes,No,No internet service,No internet service,No internet service,No internet service,No internet service,No internet service,Two year,No,Electronic check,18.0,157.18,0,No
2588-QXLML,Male,0,Yes,No,25,No,No phone service,No,No internet service,No internet service,No internet service,No internet service,No internet service,No internet service,One year,Yes,Electronic check,18.0,447.08,0,No
2589-NJWSB,Female,0,Yes,No,33,Yes,Yes,Fiber optic,No,No,No,No,Yes,No,One year,No,Mailed check,71.67,2385.89,0,No
2590-DSGZO,Male,0,Yes,No,17,Yes,No,No,No internet service,No internet service,No internet service,No internet service,No internet service,No internet service,Two year,No,Mailed check,18.0,367.59,1,No
2591-OXFCF,Male,0,Yes,No,22,Yes,Yes,DSL,No,No,No,No,No,No,Month-to-month,No,Credit card (automatic),44.59,925.01,1,No
2592-PBGKZ,Female,0,Yes,No,25,Yes,No,No,No internet service,No internet service,No internet service,No internet service,No internet service,No internet service,Month-to-month,No,Credit card (automatic),36.79,940.69,1,No
2593-GDXTG,Female,0,No,No,22,Yes,No,DSL,Yes,Yes,No,Yes,No,No,Two year,Yes,Credit card (automatic),32.47,680.66,1,No
2594-DLEWZ,Female,0,Yes,No,3,Yes,Yes,No,No internet service,No internet service,No internet service,No internet service,No internet service,No internet service,Month-to-month,Yes,Bank transfer (automatic),46.39,107.77,2,No
2595-SZESU,Female,0,No,No,16,Yes,No,DSL,No,Yes,No,No,No,Yes,Month-to-month,Yes,Electronic check,35.64,535.86,2,Yes
2596-CZKGQ,Male,0,Yes,No,7,Yes,Yes,Fiber optic,Yes,Yes,No,Yes,No,Yes,One year,Yes,Electronic check,57.88,372.62,0,Yes
2597-YIUIJ,Male,0,Yes,Yes,24,Yes,No,Fiber optic,No,No,No,No,Yes,No,Month-to-month,No,Credit card (automatic),66.99,1635.73,3,No
2598-MOVEC,Female,0,Yes,No,45,No,No phone service,Fiber optic,Yes,No,No,Yes,Yes,No,One year,Yes,Mailed check,76.05,3497.52,1,No
2599-HTJMC,Female,0,Yes,No,27,Yes,No,DSL,No,No,No,Yes,Yes,Yes,Month-to-month,No,Bank transfer (automatic),41.1,1197.39,0,Yes
2600-VHIVU,Male,0,Yes,No,8,No,No phone service,Fiber optic,Yes,Yes,No,No,Yes,No,Month-to-month,No,Bank transfer (automatic),66.92,656.38,1,Yes
2601-LKBRI,Female,0,No,Yes,7,Yes,Yes,DSL,Yes,No,No,Yes,No,Yes,Month-to-month,Yes,Credit card (automatic),52.43,329.27,1,Yes
2602-BBCPS,Male,0,Yes,No,1,Yes,No,Fiber optic,No,No,Yes,Yes,Yes,Yes,Month-to-month,Yes,Mailed check,83.51,228.45,2,No
2603-DWYRT,Female,0,No,No,17,Yes,Yes,DSL,No,No,Yes,Yes,No,Yes,Month-to-month,No,Bank transfer (automatic),55.51,950.9,0,No
2604-YRJKQ,Female,0,Yes,Yes,18,Yes,No,Fiber optic,Yes,No,Yes,No,No,No,Month-to-month,Yes,Electronic check,94.68,1731.41,4,Yes
2605-ZXYWX,Female,0,No,Yes,8,Yes,Yes,DSL,No,Yes,Yes,Yes,Yes,Yes,Month-to-month,No,Mailed check,50.86,463.27,1,No
2606-TPTMB,Female,0,Yes,No,46,Yes,Yes,Fiber optic,Yes,No,Yes,No,Yes,Yes,Month-to-month,Yes,Credit card (automatic),83.74,3845.68,2,No
2607-XBYND,Male,0,No,No,15,No,No phone service,No,No internet service,No internet service,No internet service,No internet service,No internet service,No internet service,One year,No,Bank transfer (automatic),18.0,282.61,0,No
2608-QMDCL,Female,0,Yes,No,35,Yes,Yes,No,No internet service,No internet service,No internet service,No internet service,No internet service,No internet service,Month-to-month,Yes,Mailed check,18.0,647.91,5,No
2609-VWHBF,Male,1,Yes,No,32,Yes,Yes,DSL,No,No,Yes,No,No,No,Month-to-month,No,Bank transfer (automatic),48.55,1526.31,3,Yes
2610-VJLUJ,Female,0,No,No,29,Yes,No,DSL,No,Yes,Yes,Yes,Yes,Yes,Two year,No,Electronic check,38.73,1127.57,2,No
2611-JWCTJ,Female,1,No,No,72,Yes,No,DSL,No,Yes,No,Yes,Yes,No,Month-to-month,Yes,Credit card (automatic),49.93,3555.81,0,No
2612-ITSNB,Male,0,Yes,No,1,Yes,No,No,No internet service,No internet service,No internet service,No internet service,No internet service,No internet service,Month-to-month,No,Credit card (automatic),18.0,18.0,1,No
2613-ETHGF,Female,0,Yes,No,2,Yes,Yes,DSL,No,No,No,Yes,Yes,Yes,Two year,Yes,Bank transfer (automatic),55.4,184.43,1,No
2614-KLRSJ,Male,0,No,No,40,Yes,No,DSL,No,No,Yes,Yes,No,No,Month-to-month,Yes,Mailed check,49.2,2039.07,1,No
2615-YYUNC,Female,0,Yes,No,13,Yes,No,DSL,No,No,Yes,No,No,No,Month-to-month,Yes,Electronic check,38.32,397.16,2,Yes
2616-RXOFJ,Male,0,No,No,72,No,No phone service,No,No internet service,No internet service,No internet service,No internet service,No internet service,No internet service,Month-to-month,Yes,Credit card (automatic),43.79,3170.86,1,Yes
2617-LGQAZ,Female,1,No,No,7,Yes,No,No,No internet service,No internet service,No internet service,No internet service,No internet service,No internet service,Month-to-month,Yes,Electronic check,18.0,131.48,4,Yes
2618-RZOSA,Female,0,No,No,6,Yes,No,Fiber optic,No,No,No,Yes,No,No,One year,No,Credit card (automatic),66.43,360.96,1,No
2619-EOCAH,Female,0,Yes,No,28,Yes,No,No,No internet service,No internet service,No internet service,No internet service,No internet service,No internet service,Month-to-month,No,Bank transfer (automatic),29.63,797.61,1,Yes
2620-LVYSY,Female,0,No,No,10,Yes,No,Fiber optic,Yes,No,Yes,No,Yes,Yes,One year,No,Electronic check,62.87,613.83,1,No
2621-YLMAS,Female,0,Yes,Yes,13,Yes,No,Fiber optic,No,Yes,No,Yes,No,Yes,Month-to-month,Yes,Electronic check,54.6,737.45,0,Yes
2622-FHDEY,Male,1,Yes,No,72,Yes,Yes,Fiber optic,No,No,Yes,No,Yes,Yes,Two year,No,Bank transfer (automatic),57.35,4099.72,1,No
2623-VGWDT,Male,0,No,No,1,Yes,Yes,DSL,Yes,No,No,No,No,No,Two year,No,Credit card (automatic),51.08,80.95,0,No
2624-DOUEX,Male,0,No,No,24,Yes,Yes,DSL,Yes,No,Yes,No,No,Yes,Month-to-month,No,Electronic check,47.92,1184.28,2,No
2625-IBGQP,Female,0,Yes,No,13,Yes,No,Fiber optic,Yes,Yes,No,Yes,No,No,One year,Yes,Electronic check,72.25,952.13,4,No
2626-QTZWB,Female,0,Yes,Yes,13,Yes,Yes,DSL,No,No,Yes,No,No,No,Two year,No,Bank transfer (automatic),47.16,606.41,1,Yes
2627-KBAZB,Female,0,No,No,9,Yes,Yes,Fiber optic,Yes,Yes,No,No,Yes,Yes,Month-to-month,No,Bank transfer (automatic),77.66,694.12,1,Yes
2628-WIVZB,Male,0,Yes,No,4,Yes,No,No,No internet service,No internet service,No internet service,No internet service,No internet service,No internet service,One year,No,Credit card (automatic),18.0,73.62,0,No
2629-OJOJY,Male,0,No,No,1,Yes,Yes,Fiber optic,No,Yes,Yes,No,No,No,Two year,No,Credit card (automatic),90.39,153.31,2,No
2630-WQIRD,Male,0,No,No,72,Yes,No,No,No internet service,No internet service,No internet service,No internet service,No internet service,No internet service,Month-to-month,No,Bank transfer (automatic),18.0,1293.64,1,No
2631-IPDPS,Female,0,No,No,34,Yes,No,Fiber optic,No,No,No,Yes,Yes,No,One year,No,Electronic check,66.61,2272.66,0,Yes
2632-AWFJP,Female,0,Yes,No,48,Yes,No,DSL,No,No,No,No,No,Yes,Two year,No,Bank transfer (automatic),53.87,2554.31,2,No
2633-DVVMP,Male,0,No,No,2,Yes,Yes,DSL,No,No,No,Yes,Yes,Yes,One year,Yes,Electronic check,41.52,31.68,1,No
2634-TFZKX,Male,0,No,Yes,1,Yes,Yes,DSL,No,Yes,Yes,No,No,No,Two year,Yes,Electronic check,44.67,18.0,1,No
2635-CTJAT,Male,0,Yes,Yes,29,Yes,No,DSL,Yes,No,No,Yes,Yes,Yes,Two year,Yes,Bank transfer (automatic),29.53,928.13,2,No
2636-KZZLN,Male,0,Yes,No,41,Yes,No,DSL,No,Yes,No,Yes,No,Yes,Two year,Yes,Mailed check,32.01,1319.31,0,No
2637-YHKDG,Female,0,Yes,No,16,Yes,No,DSL,Yes,Yes,Yes,No,No,No,Month-to-month,Yes,Bank transfer (automatic),28.5,426.18,1,No
2638-JSYZD,Male,0,Yes,No,15,Yes,No,DSL,No,No,Yes,No,No,Yes,One year,No,Electronic check,46.53,723.45,1,Yes
2639-BZURN,Female,0,No,Yes,15,No,No phone service,Fiber optic,No,Yes,No,No,No,No,Month-to-month,Yes,Credit card (automatic),72.89,1028.34,1,No
2640-ZPVKJ,Female,0,No,No,5,No,No phone service,Fiber optic,No,No,No,No,No,No,One year,Yes,Mailed check,72.39,296.93,0,No
2641-QNVDS,Female,0,Yes,No,44,Yes,No,Fiber optic,No,No,Yes,No,No,No,Month-to-month,No,Credit card (automatic),70.25,3090.24,0,Yes
2642-BGISP,Female,0,No,No,7,Yes,Yes,DSL,No,Yes,Yes,Yes,No,Yes,Month-to-month,Yes,Mailed check,51.01,422.82,1,No
2643-VYPRW,Female,0,No,Yes,12,Yes,No,Fiber optic,No,No,No,No,Yes,No,Month-to-month,No,Electronic check,83.76,1064.86,3,No
2644-UUKGI,Female,0,No,Yes,35,Yes,Yes,DSL,Yes,Yes,No,Yes,No,No,Month-to-month,Yes,Electronic check,18.0,605.58,3,Yes
2645-DYMZY,Male,0,Yes,No,1,Yes,Yes,No,No internet service,No internet service,No internet service,No internet service,No internet service,No internet service,Month-to-month,No,Credit card (automatic),34.77,18.67,2,Yes
2646-DSBIL,Male,0,Yes,Yes,46,Yes,Yes,DSL,No,Yes,Yes,No,Yes,Yes,Two year,Yes,Bank transfer (automatic),44.43,2079.5,0,No
2647-BFEET,Male,0,Yes,No,72,Yes,Yes,No,No internet service,No internet service,No internet service,No internet service,No internet service,No internet service,One year,Yes,Electronic check,31.63,2278.57,3,No
2648-VEDIV,Male,0,No,No,1,No,No phone service,DSL,No,No,No,No,No,Yes,Month-to-month,No,Mailed check,30.03,46.49,1,No
2649-JPJJS,Female,0,Yes,No,28,Yes,No,No,No internet service,No internet service,No internet service,No internet service,No internet service,No internet service,Month-to-month,No,Electronic check,18.0,495.34,1,No
2650-JFQEZ,Male,0,Yes,Yes,16,Yes,Yes,No,No internet service,No internet service,No internet service,No internet service,No internet service,No internet service,Two year,No,Bank transfer (automatic),18.0,259.75,3,No
2651-FXOYS,Female,0,No,Yes,2,Yes,No,Fiber optic,No,No,Yes,No,No,No,Two year,No,Mailed check,70.84,205.68,3,Yes
2652-RDHPX,Male,1,No,No,36,Yes,No,Fiber optic,Yes,Yes,No,No,Yes,Yes,Two year,Yes,Electronic check,71.73,2590.95,6,No
2653-STCJB,Male,0,No,No,30,Yes,Yes,DSL,No,No,No,No,No,No,Two year,Yes,Credit card (automatic),28.3,803.19,2,No
2654-DFKNP,Female,0,No,No,32,Yes,Yes,DSL,Yes,No,Yes,Yes,No,No,Two year,Yes,Mailed check,46.44,1517.97,0,No
2655-USBYQ,Female,0,No,Yes,53,Yes,Yes,DSL,Yes,No,No,No,No,No,One year,Yes,Bank transfer (automatic),25.43,1303.72,1,No
2656-IQOGV,Male,0,No,No,10,Yes,No,Fiber optic,No,No,No,No,No,Yes,Month-to-month,No,Bank transfer (automatic),75.49,746.53,0,Yes
2657-WSCAD,Male,0,No,Yes,36,Yes,No,DSL,No,No,No,No,Yes,No,Month-to-month,No,Mailed check,40.97,1518.14,3,Yes
2658-RZHSW,Female,0,No,No,43,No,No phone service,Fiber optic,No,Yes,No,No,No,No,Month-to-month,Yes,Electronic check,67.55,2865.22,1,Yes
2659-WYFAH,Female,0,No,Yes,5,No,No phone service,Fiber optic,No,No,No,No,No,No,Two year,Yes,Bank transfer (automatic),66.6,297.79,2,No
2660-ASKUX,Female,1,Yes,No,72,Yes,Yes,Fiber optic,No,No,Yes,No,No,No,Month-to-month,No,Mailed check,46.1,3418.83,1,No
2661-YOWYK,Female,0,Yes,Yes,13,Yes,No,DSL,Yes,Yes,No,Yes,No,No,Two year,Yes,Credit card (automatic),30.63,376.79,4,No
2662-SUJXL,Female,0,Yes,No,40,Yes,Yes,Fiber optic,No,No,Yes,No,Yes,No,Month-to-month,No,Bank transfer (automatic),82.12,3244.52,1,Yes
2663-AXGQZ,Female,0,No,No,44,Yes,No,DSL,No,No,No,Yes,Yes,No,Month-to-month,No,Mailed check,55.07,2461.77,2,No
2664-JFQRE,Female,0,No,No,22,Yes,Yes,Fiber optic,No,No,No,Yes,Yes,Yes,Month-to-month,Yes,Credit card (automatic),82.36,1799.2,1,Yes
2665-RZQVP,Female,1,No,Yes,4,Yes,Yes,Fiber optic,No,No,Yes,No,Yes,No,Month-to-month,Yes,Mailed check,84.02,459.39,1,No
2666-HXMXP,Female,0,No,No,10,Yes,No,DSL,No,Yes,No,Yes,No,Yes,Month-to-month,Yes,Electronic check,24.86,223.57,2,No
2667-KFCAR,Female,0,Yes,No,8,Yes,No,Fiber optic,No,No,No,No,No,No,One year,Yes,Mailed check,51.01,404.27,1,Yes
2668-EMJEZ,Male,0,No,No,23,Yes,Yes,No,No internet service,No internet service,No internet service,No internet service,No internet service,No internet service,One year,No,Electronic check,27.38,663.95,1,No
2669-NQAYB,Female,0,Yes,No,9,Yes,Yes,No,No internet service,No internet service,No internet service,No internet service,No internet service,No internet service,Month-to-month,No,Mailed check,21.04,147.37,2,No
2670-GJTGX,Female,0,Yes,No,25,Yes,No,No,No internet service,No internet service,No internet service,No internet service,No internet service,No internet service,Two year,No,Credit card (automatic),32.15,812.35,2,No
2671-PELQP,Male,0,No,Yes,10,Yes,Yes,DSL,No,No,No,No,No,Yes,Month-to-month,Yes,Electronic check,40.28,414.74,2,Yes
2672-TZPSZ,Female,0,No,No,1,Yes,No,DSL,No,No,No,No,Yes,No,One year,No,Mailed check,28.42,18.0,1,No
2673-OLUJZ,Male,0,No,Yes,14,Yes,No,Fiber optic,Yes,No,No,Yes,No,No,One year,No,Mailed check,88.7,1229.68,8,No
2674-VBGMC,Female,0,Yes,No,29,Yes,No,No,No internet service,No internet service,No internet service,No internet service,No internet service,No internet service,Two year,Yes,Electronic check,18.0,504.03,2,No
2675-OAZCY,Male,0,No,No,47,Yes,Yes,DSL,No,Yes,Yes,No,No,No,One year,Yes,Mailed check,41.62,1943.37,0,No
2676-JOVFT,Female,0,Yes,No,1,Yes,No,No,No internet service,No internet service,No internet service,No internet service,No internet service,No internet service,Month-to-month,No,Credit card (automatic),26.56,18.0,1,No
2677-OXUGY,Male,0,No,No,9,Yes,No,Fiber optic,Yes,No,Yes,Yes,Yes,No,One year,Yes,Credit card (automatic),66.87,574.32,0,No
2678-UEDVR,Male,0,Yes,Yes,72,Yes,No,No,No internet service,No internet service,No internet service,No internet service,No internet service,No internet service,Two year,Yes,Electronic check,25.42,1908.03,4,No
2679-CQRRX,Female,0,No,No,9,Yes,No,DSL,No,No,No,Yes,No,Yes,Two year,No,Mailed check,38.98,409.31,1,No
2680-XBMVO,Female,0,Yes,No,48,Yes,No,Fiber optic,No,No,No,No,No,No,Month-to-month,No,Bank transfer (automatic),76.37,3702.06,0,No
2681-ECEEE,Male,1,Yes,Yes,22,Yes,No,Fiber optic,No,Yes,Yes,Yes,No,No,Month-to-month,Yes,Credit card (automatic),64.7,1459.0,2,Yes
2682-CCTWR,Male,0,No,No,4,Yes,Yes,Fiber optic,Yes,Yes,No,Yes,Yes,No,One year,Yes,Bank transfer (automatic),87.88,335.99,0,No
2683-ZTDAZ,Male,0,No,No,32,Yes,Yes,Fiber optic,Yes,No,No,No,No,No,Two year,Yes,Bank transfer (automatic),81.32,2589.53,1,No
2684-PHQHG,Female,0,No,No,72,Yes,No,No,No internet service,No internet service,No internet service,No internet service,No internet service,No internet service,One year,No,Electronic check,25.54,1891.81,4,No
2685-YHUXZ,Male,0,No,No,69,Yes,No,No,No internet service,No internet service,No internet service,No internet service,No internet service,No internet service,Month-to-month,Yes,Mailed check,26.74,1819.83,2,No
2686-LPLSJ,Male,0,No,No,37,Yes,No,DSL,No,No,No,No,Yes,No,One year,Yes,Mailed check,53.97,2047.29,1,No
2687-GLTEP,Male,0,No,No,22,Yes,No,Fiber optic,No,No,No,No,Yes,No,Month-to-month,Yes,Mailed check,63.56,1432.53,2,Yes
2688-IGTVZ,Male,0,Yes,No,12,Yes,Yes,Fiber optic,No,No,Yes,No,No,No,Month-to-month,No,Electronic check,63.8,676.74,1,No
2689-NKGJI,Female,0,Yes,Yes,14,Yes,Yes,No,No internet service,No internet service,No internet service,No internet service,No internet service,No internet service,Month-to-month,Yes,Electronic check,18.0,249.87,0,No
2690-DPJSX,Female,0,No,No,13,Yes,Yes,Fiber optic,Yes,No,Yes,Yes,Yes,No,Month-to-month,Yes,Bank transfer (automatic),60.42,672.56,3,No
2691-QIMAB,Male,0,Yes,No,72,Yes,No,Fiber optic,No,Yes,No,No,No,Yes,One year,Yes,Mailed check,74.5,5345.87,0,Yes
2692-MXIGP,Female,1,Yes,Yes,7,No,No phone service,DSL,Yes,Yes,Yes,Yes,No,No,Two year,No,Electronic check,38.47,198.03,1,No
2693-SGFRS,Female,0,Yes,No,15,Yes,Yes,Fiber optic,No,Yes,No,Yes,No,Yes,Month-to-month,Yes,Electronic check,91.45,1303.99,2,Yes
2694-KLZJM,Male,0,Yes,Yes,18,Yes,Yes,DSL,No,Yes,No,No,No,No,Month-to-month,Yes,Electronic check,40.72,796.03,1,No
2695-LUJTR,Male,0,No,Yes,16,Yes,No,Fiber optic,No,Yes,No,No,No,Yes,Month-to-month,No,Electronic check,76.67,1177.71,0,No
2696-DXEEL,Female,0,Yes,No,1,Yes,Yes,No,No internet service,No internet service,No internet service,No internet service,No internet service,No internet service,Two year,No,Credit card (automatic),20.34,18.0,0,Yes
2697-ZCHVB,Female,0,Yes,Yes,10,Yes,Yes,DSL,No,Yes,No,Yes,No,No,Two year,Yes,Bank transfer (automatic),47.98,435.71,0,No
2698-RIMGJ,Male,0,No,No,22,No,No phone service,Fiber optic,No,No,No,No,No,No,Month-to-month,Yes,Credit card (automatic),70.9,1535.44,1,Yes
2699-IVOEL,Male,0,No,No,45,Yes,No,No,No internet service,No internet service,No internet service,No internet service,No internet service,No internet service,One year,No,Electronic check,22.8,1061.66,1,No
2700-ALVFS,Male,0,No,Yes,26,Yes,No,DSL,No,No,Yes,No,No,No,One year,No,Electronic check,37.15,894.01,4,No
2701-SPSCW,Male,0,Yes,Yes,15,Yes,Yes,DSL,Yes,Yes,No,No,No,Yes,One year,Yes,Electronic check,34.71,558.56,2,Yes
2702-JRZMZ,Male,1,Yes,Yes,35,No,No phone service,Fiber optic,Yes,Yes,Yes,No,Yes,Yes,Two year,No,Bank transfer (automatic),67.49,2274.66,0,No
2703-RCZWC,Female,1,Yes,Yes,35,Yes,Yes,No,No internet service,No internet service,No internet service,No internet service,No internet service,No internet service,One year,Yes,Bank transfer (automatic),18.0,614.43,1,No
2704-WYZLT,Male,0,Yes,Yes,9,Yes,No,Fiber optic,No,No,No,No,No,No,Month-to-month,Yes,Mailed check,58.31,517.46,1,No
2705-GYXHI,Male,0,Yes,No,3,Yes,No,Fiber optic,Yes,No,Yes,Yes,Yes,No,One year,Yes,Electronic check,61.99,189.9,1,No
2706-NEUSU,Male,0,No,No,52,Yes,No,DSL,No,Yes,No,No,No,Yes,Month-to-month,No,Mailed check,49.84,2532.32,1,No
2707-PXLUD,Male,0,No,Yes,24,Yes,Yes,No,No internet service,No internet service,No internet service,No internet service,No internet service,No internet service,Month-to-month,No,Mailed check,18.0,426.58,1,No
2708-HGOFE,Female,0,No,No,6,Yes,No,Fiber optic,Yes,No,Yes,No,No,No,One year,Yes,Electronic check,71.52,346.32,1,Yes
2709-NUMJR,Female,0,No,Yes,9,Yes,Yes,DSL,No,No,No,Yes,No,No,Month-to-month,Yes,Mailed check,57.25,512.44,1,Yes
2710-DHXKQ,Female,1,No,No,46,Yes,No,Fiber optic,No,No,No,No,No,No,One year,Yes,Credit card (automatic),56.18,2652.06,0,No
2711-RUYZK,Female,0,No,Yes,33,Yes,No,Fiber optic,Yes,No,No,No,Yes,Yes,Two year,Yes,Credit card (automatic),88.39,2894.44,1,No
2712-PLMPW,Female,0,No,Yes,72,Yes,No,Fiber optic,Yes,No,Yes,No,No,No,Month-to-month,Yes,Electronic check,82.49,5910.34,1,Yes
2713-ZUAPO,Female,0,No,No,20,Yes,No,Fiber optic,No,No,No,No,No,No,Month-to-month,No,Electronic check,75.47,1516.09,3,Yes
2714-FLHGB,Male,0,Yes,No,1,Yes,Yes,No,No internet service,No internet service,No internet service,No internet service,No internet service,No internet service,Month-to-month,Yes,Electronic check,34.68,18.0,1,Yes
2715-LUNPK,Male,0,Yes,No,38,Yes,No,DSL,No,Yes,No,No,No,No,Two year,Yes,Bank transfer (automatic),44.49,1753.15,2,No
2716-TIJQL,Male,0,No,No,9,Yes,No,Fiber optic,Yes,No,Yes,No,No,No,Month-to-month,Yes,Mailed check,54.08,409.91,1,No
2717-FSKIU,Female,0,Yes,Yes,12,Yes,No,Fiber optic,Yes,No,Yes,No,Yes,No,Two year,Yes,Bank transfer (automatic),82.35,1048.74,0,No
2718-FYYXY,Female,0,No,No,7,No,No phone service,DSL,No,No,No,No,No,No,Two year,No,Electronic check,35.48,179.7,2,Yes
2719-PTPFE,Female,0,No,No,11,Yes,No,No,No internet service,No internet service,No internet service,No internet service,No internet service,No internet service,Month-to-month,No,Bank transfer (automatic),26.34,275.18,2,Yes
2720-UDBFI,Male,0,No,Yes,56,Yes,No,DSL,Yes,No,Yes,No,Yes,No,Month-to-month,Yes,Mailed check,32.34,1764.36,1,No
2721-QNGVS,Female,0,Yes,No,27,Yes,Yes,DSL,No,No,No,No,Yes,No,One year,No,Bank transfer (automatic),49.52,1304.74,1,No
2722-ATYOR,Male,0,No,No,3,Yes,Yes,DSL,No,No,No,No,Yes,Yes,Month-to-month,Yes,Credit card (automatic),28.72,85.95,2,No
2723-CRBJK,Female,1,Yes,No,28,Yes,No,DSL,No,No,No,No,No,No,Month-to-month,No,Credit card (automatic),32.8,976.26,4,No
2724-XCGHS,Male,1,No,No,32,Yes,No,DSL,Yes,Yes,No,Yes,No,No,Month-to-month,Yes,Mailed check,44.55,1512.49,1,No
2725-RMMXS,Female,0,Yes,No,69,Yes,No,Fiber optic,No,No,No,No,No,Yes,Month-to-month,No,Electronic check,71.66,4967.03,2,Yes
2726-WLQVL,Male,0,No,No,62,No,No phone service,Fiber optic,No,No,Yes,No,No,Yes,Month-to-month,Yes,Credit card (automatic),47.54,2929.48,0,No
2727-MYLSN,Male,0,No,No,2,No,No phone service,DSL,No,No,Yes,Yes,No,Yes,One year,Yes,Mailed check,55.73,122.08,0,No
2728-GMFXS,Female,0,No,No,64,Yes,Yes,No,No internet service,No internet service,No internet service,No internet service,No internet service,No internet service,Month-to-month,Yes,Mailed check,30.06,1977.49,3,No
2729-SDSIP,Female,0,No,No,1,Yes,No,DSL,Yes,No,Yes,No,No,No,Two year,Yes,Electronic check,53.54,110.85,0,No
2730-DFHXP,Male,0,No,No,5,Yes,Yes,Fiber optic,No,No,No,No,No,Yes,Month-to-month,Yes,Credit card (automatic),67.03,366.0,1,Yes
2731-EUVJW,Female,0,Yes,No,3,Yes,Yes,DSL,Yes,No,No,Yes,Yes,No,Two year,No,Credit card (automatic),51.6,161.64,0,No
2732-MZNGT,Female,0,No,No,6,Yes,No,Fiber optic,Yes,Yes,Yes,No,No,No,One year,No,Credit card (automatic),70.11,325.81,1,No
2733-FGEUR,Male,0,Yes,No,52,Yes,No,DSL,No,Yes,No,Yes,No,No,One year,Yes,Mailed check,31.15,1681.26,2,No
2734-WLFAD,Male,0,Yes,No,37,Yes,No,DSL,No,No,No,Yes,No,No,Two year,Yes,Credit card (automatic),46.67,1735.58,2,No
2735-SLOCW,Male,0,Yes,Yes,37,Yes,Yes,Fiber optic,No,No,No,No,No,No,Two year,Yes,Bank transfer (automatic),48.7,1681.2,3,No
2736-ZTHKP,Female,0,No,No,72,Yes,No,Fiber optic,No,No,No,No,Yes,Yes,Month-to-month,No,Mailed check,59.23,4216.17,1,No
2737-ICETN,Male,0,Yes,No,15,Yes,No,DSL,No,Yes,No,No,Yes,Yes,One year,Yes,Credit card (automatic),37.06,597.2,2,No
2738-ZOFZD,Female,1,No,No,1,Yes,Yes,Fiber optic,No,No,No,No,No,Yes,Month-to-month,No,Mailed check,71.14,55.43,2,Yes
2739-HSEMP,Female,0,No,No,32,Yes,No,DSL,No,No,No,No,No,No,Month-to-month,No,Bank transfer (automatic),61.97,1971.65,2,No
2740-AMVKU,Male,0,No,No,64,Yes,Yes,DSL,Yes,No,No,Yes,Yes,No,Month-to-month,Yes,Credit card (automatic),23.17,1539.37,0,No
2741-HYHXN,Female,0,Yes,Yes,72,Yes,No,DSL,No,No,No,Yes,No,Yes,Month-to-month,No,Bank transfer (automatic),59.41,4213.52,2,No
2742-MCDTO,Female,1,No,No,14,Yes,Yes,Fiber optic,Yes,No,No,No,Yes,Yes,Month-to-month,Yes,Credit card (automatic),76.22,1049.71,5,Yes
2743-OUMIY,Male,1,No,Yes,55,Yes,No,No,No internet service,No internet service,No internet service,No internet service,No internet service,No internet service,Month-to-month,Yes,Mailed check,25.76,1310.2,2,No
2744-JLNAN,Male,0,No,No,60,Yes,Yes,Fiber optic,No,No,Yes,Yes,Yes,No,Month-to-month,Yes,Electronic check,63.37,3804.34,5,Yes
2745-NHPNA,Female,1,No,Yes,4,Yes,Yes,Fiber optic,No,No,Yes,No,No,Yes,Month-to-month,Yes,Mailed check,68.34,209.18,0,No
2746-PRGOX,Male,0,Yes,No,31,Yes,Yes,DSL,No,No,No,Yes,Yes,No,Two year,Yes,Mailed check,42.45,1296.12,0,No
2747-QSWMI,Male,0,No,No,6,Yes,No,Fiber optic,Yes,No,Yes,No,No,No,Two year,Yes,Electronic check,84.67,452.06,2,No
2748-XXOYZ,Female,0,No,No,18,Yes,Yes,DSL,No,Yes,No,No,Yes,No,Month-to-month,No,Bank transfer (automatic),57.14,1129.5,1,Yes
2749-CXAPH,Male,0,Yes,No,67,No,No phone service,Fiber optic,No,No,No,No,Yes,Yes,One year,No,Electronic check,74.76,5001.11,1,Yes
2750-WMHQV,Male,0,Yes,No,49,Yes,Yes,No,No internet service,No internet service,No internet service,No internet service,No internet service,No internet service,One year,No,Mailed check,18.0,924.99,0,No
2751-WNUUG,Female,1,No,No,27,Yes,No,Fiber optic,Yes,Yes,No,Yes,Yes,No,Two year,Yes,Electronic check,59.34,1624.24,0,No
2752-OPSFW,Female,0,Yes,No,52,Yes,No,Fiber optic,No,Yes,No,No,No,No,One year,Yes,Credit card (automatic),59.42,3156.95,3,No
2753-ALRPL,Female,0,No,Yes,5,Yes,No,Fiber optic,No,Yes,No,Yes,Yes,No,Month-to-month,Yes,Electronic check,82.94,398.74,5,Yes
2754-TMHZV,Male,0,No,Yes,6,No,No phone service,Fiber optic,No,No,No,No,Yes,Yes,One year,Yes,Credit card (automatic),83.6,473.51,2,No
2755-AZUGO,Male,0,No,Yes,7,Yes,Yes,DSL,Yes,No,No,No,No,No,Month-to-month,No,Credit card (automatic),37.69,285.13,2,No
2756-VMMIX,Female,0,No,No,47,Yes,No,Fiber optic,Yes,No,No,Yes,Yes,No,One year,No,Mailed check,76.04,3583.6,3,No
2757-ODMLE,Male,0,No,Yes,70,Yes,No,Fiber optic,No,No,No,Yes,No,No,One year,Yes,Electronic check,84.73,5916.78,2,Yes
2758-GHEIN,Male,0,Yes,No,26,Yes,Yes,Fiber optic,No,Yes,No,No,No,Yes,Month-to-month,Yes,Bank transfer (automatic),52.42,1369.67,1,No
2759-ZLDTH,Male,0,No,Yes,72,Yes,No,Fiber optic,No,Yes,Yes,Yes,Yes,No,Month-to-month,No,Electronic check,56.1,4031.78,1,Yes
2760-QHUAT,Male,0,No,No,41,Yes,No,DSL,No,No,Yes,No,Yes,Yes,Month-to-month,Yes,Bank transfer (automatic),40.71,1663.95,1,No
2761-BDXUA,Female,0,Yes,No,26,Yes,No,No,No internet service,No internet service,No internet service,No internet service,No internet service,No internet service,Two year,Yes,Electronic check,18.0,519.38,1,No
2762-GAICL,Female,0,No,No,30,Yes,No,Fiber optic,No,No,Yes,No,No,No,Two year,Yes,Electronic check,72.9,2197.98,0,No
2763-SOVPJ,Male,0,No,No,60,Yes,No,No,No internet service,No internet service,No internet service,No internet service,No internet service,No internet service,Month-to-month,No,Electronic check,18.0,1028.11,1,No
2764-VFQUV,Male,0,Yes,No,3,Yes,Yes,No,No internet service,No internet service,No internet service,No internet service,No internet service,No internet service,One year,Yes,Bank transfer (automatic),28.19,111.53,2,No
2765-XQUSR,Male,0,No,Yes,5,Yes,No,No,No internet service,No internet service,No internet service,No internet service,No internet service,No internet service,Month-to-month,No,Credit card (automatic),18.0,18.0,2,No
2766-KXGJG,Female,0,No,No,9,No,No phone service,DSL,No,No,Yes,No,No,No,Month-to-month,Yes,Credit card (automatic),54.99,489.42,0,No
2767-ELPYU,Female,0,Yes,No,72,Yes,No,No,No internet service,No internet service,No internet service,No internet service,No internet service,No internet service,Month-to-month,No,Bank transfer (automatic),26.89,2017.57,1,No
2768-RCTOE,Female,1,No,Yes,72,Yes,No,Fiber optic,No,No,No,No,Yes,No,One year,Yes,Electronic check,61.37,4497.2,1,No
2769-MSLWU,Female,0,No,Yes,14,Yes,No,DSL,No,No,Yes,Yes,No,Yes,Two year,No,Bank transfer (automatic),34.14,426.11,1,No
2770-EFGZJ,Female,0,No,No,72,Yes,Yes,DSL,No,No,Yes,Yes,Yes,No,Two year,Yes,Bank transfer (automatic),49.65,3552.31,1,No
2771-PHIDU,Male,0,Yes,Yes,25,Yes,No,DSL,No,Yes,Yes,Yes,Yes,Yes,Month-to-month,Yes,Bank transfer (automatic),30.24,706.89,2,Yes
2772-UHYGO,Male,1,Yes,No,20,Yes,Yes,DSL,Yes,No,Yes,No,No,No,One year,Yes,Electronic check,39.25,838.22,2,No
2773-UCQKI,Female,0,Yes,Yes,57,Yes,No,DSL,Yes,No,No,No,No,No,Two year,Yes,Bank transfer (automatic),26.43,1498.04,4,No
2774-EYJON,Female,0,No,No,25,Yes,No,No,No internet service,No internet service,No internet service,No internet service,No internet service,No internet service,Month-to-month,Yes,Mailed check,18.0,484.17,0,Yes
2775-DUTBL,Male,0,No,No,19,Yes,No,No,No internet service,No internet service,No internet service,No internet service,No internet service,No internet service,Month-to-month,No,Mailed check,28.33,539.17,2,Yes
2776-AXTEF,Female,0,Yes,No,1,Yes,Yes,Fiber optic,No,No,No,No,Yes,No,Month-to-month,No,Bank transfer (automatic),86.26,75.17,2,No
2777-XKHGD,Male,0,Yes,No,1,Yes,No,DSL,No,No,No,Yes,No,No,One year,Yes,Bank transfer (automatic),39.84,18.0,1,No
2778-FPTON,Female,1,Yes,No,31,Yes,Yes,DSL,Yes,No,No,No,Yes,No,Two year,Yes,Electronic check,41.41,1291.64,2,No
2779-WLLPO,Male,0,No,No,2,Yes,No,Fiber optic,Yes,No,No,No,Yes,Yes,Month-to-month,Yes,Electronic check,69.58,158.35,1,No
2780-MKQUO,Female,0,No,No,42,Yes,Yes,Fiber optic,No,No,No,No,No,No,Month-to-month,Yes,Credit card (automatic),59.8,2471.71,1,No
2781-NJLPO,Male,0,No,No,31,Yes,No,No,No internet service,No internet service,No internet service,No internet service,No internet service,No internet service,Month-to-month,Yes,Bank transfer (automatic),24.58,755.42,0,No
2782-JDWIU,Male,0,Yes,No,19,Yes,Yes,No,No internet service,No internet service,No internet service,No internet service,No internet service,No internet service,One year,No,Credit card (automatic),18.0,339.1,2,No
2783-TIUYX,Female,0,Yes,No,39,Yes,No,No,No internet service,No internet service,No internet service,No internet service,No internet service,No internet service,Month-to-month,No,Electronic check,24.49,950.94,2,No
2784-TKKGU,Female,0,Yes,No,72,Yes,Yes,DSL,Yes,No,No,Yes,Yes,No,Month-to-month,No,Credit card (automatic),46.28,3328.04,1,No
2785-JDEEK,Female,0,No,Yes,9,Yes,No,DSL,No,No,Yes,Yes,No,No,Month-to-month,Yes,Mailed check,58.07,483.53,3,No
2786-IPIVD,Female,0,Yes,Yes,26,Yes,No,DSL,No,No,Yes,No,No,Yes,Month-to-month,No,Credit card (automatic),38.59,965.56,2,Yes
2787-BNCRU,Female,0,Yes,No,59,No,No phone service,DSL,Yes,No,Yes,No,No,No,Two year,No,Bank transfer (automatic),41.47,2466.42,3,No
2788-FKURL,Male,0,No,Yes,1,Yes,Yes,No,No internet service,No internet service,No internet service,No internet service,No internet service,No internet service,Month-to-month,No,Electronic check,21.95,18.0,1,No
2789-EITZR,Female,0,No,No,7,Yes,Yes,No,No internet service,No internet service,No internet service,No internet service,No internet service,No internet service,Month-to-month,Yes,Electronic check,18.0,139.28,0,No
2790-SCIDQ,Female,0,No,No,23,Yes,No,DSL,Yes,Yes,Yes,No,No,No,One year,Yes,Bank transfer (automatic),34.7,781.1,0,No
2791-QWWBI,Female,1,No,Yes,25,Yes,No,No,No internet service,No internet service,No internet service,No internet service,No internet service,No internet service,Month-to-month,Yes,Bank transfer (automatic),18.0,377.09,1,No
2792-IEOOC,Female,0,No,No,2,Yes,No,DSL,No,No,No,No,No,Yes,Month-to-month,Yes,Mailed check,35.49,79.01,1,No
2793-SCFDX,Male,1,No,No,16,Yes,No,Fiber optic,No,Yes,No,No,No,No,Month-to-month,No,Credit card (automatic),64.73,1069.59,3,Yes
2794-MMKEA,Female,0,No,No,23,Yes,No,Fiber optic,No,No,Yes,Yes,Yes,Yes,Two year,Yes,Bank transfer (automatic),71.07,1675.24,3,Yes
2795-IQVAC,Female,0,No,No,17,Yes,No,DSL,No,Yes,No,No,No,No,Month-to-month,Yes,Electronic check,42.85,707.85,1,Yes
2796-OZUZW,Female,0,No,No,38,No,No phone service,Fiber optic,No,No,No,No,No,No,One year,Yes,Electronic check,85.61,3264.42,1,Yes
2797-JHLYV,Female,1,Yes,No,47,Yes,Yes,DSL,No,No,Yes,Yes,No,No,Two year,No,Credit card (automatic),53.98,2508.62,2,No
2798-OIXYJ,Male,0,Yes,Yes,19,Yes,No,Fiber optic,No,Yes,No,No,Yes,No,Two year,Yes,Electronic check,74.49,1487.93,0,Yes
2799-TIOWU,Male,0,Yes,No,17,Yes,No,Fiber optic,Yes,Yes,Yes,No,Yes,No,Month-to-month,No,Credit card (automatic),81.64,1377.86,2,Yes
2800-UABZS,Male,0,No,No,39,Yes,No,DSL,Yes,No,No,Yes,No,No,Month-to-month,No,Bank transfer (automatic),58.44,2205.12,1,No
2801-NHFLZ,Male,0,No,Yes,25,Yes,Yes,No,No internet service,No internet service,No internet service,No internet service,No internet service,No internet service,Month-to-month,No,Electronic check,19.12,514.01,2,Yes
2802-ONUAK,Male,1,No,Yes,65,Yes,No,No,No internet service,No internet service,No internet service,No internet service,No internet service,No internet service,Month-to-month,Yes,Credit card (automatic),34.64,2232.08,3,Yes
2803-YCSRT,Female,0,Yes,No,20,Yes,No,DSL,Yes,No,No,No,Yes,No,Month-to-month,Yes,Electronic check,54.22,1180.28,1,No
2804-BYZGH,Male,0,Yes,Yes,27,Yes,Yes,Fiber optic,No,Yes,Yes,Yes,No,No,Month-to-month,Yes,Mailed check,54.04,1466.94,1,Yes
2805-SVOJV,Male,1,No,No,4,No,No phone service,Fiber optic,No,No,Yes,No,Yes,Yes,Month-to-month,Yes,Electronic check,48.53,181.41,0,No
2806-AFMNC,Female,0,Yes,No,57,Yes,No,Fiber optic,No,Yes,No,No,No,Yes,Two year,Yes,Credit card (automatic),52.42,2959.36,0,Yes
2807-KCSJO,Male,0,Yes,No,17,Yes,Yes,Fiber optic,No,No,Yes,Yes,No,Yes,Month-to-month,Yes,Electronic check,65.68,1059.57,1,Yes
2808-KOZXM,Male,0,No,No,40,Yes,No,DSL,Yes,No,Yes,No,Yes,No,Two year,Yes,Bank transfer (automatic),34.56,1430.39,1,No
2809-EDMIY,Male,0,Yes,No,17,Yes,No,No,No internet service,No internet service,No internet service,No internet service,No internet service,No internet service,Month-to-month,Yes,Credit card (automatic),40.56,606.96,2,Yes
2810-QBXEP,Male,0,Yes,Yes,1,Yes,Yes,DSL,No,No,No,Yes,No,Yes,One year,Yes,Electronic check,45.83,73.72,2,Yes
2811-GAZLU,Female,0,Yes,Yes,16,No,No phone service,DSL,No,No,No,No,No,No,Two year,Yes,Bank transfer (automatic),43.12,649.2,0,No
2812-KLSZL,Male,0,Yes,No,5,No,No phone service,Fiber optic,Yes,No,No,No,No,No,Two year,Yes,Electronic check,56.2,245.39,0,No
2813-LNBBY,Male,0,No,No,16,Yes,Yes,Fiber optic,No,No,Yes,Yes,No,Yes,Two year,Yes,Electronic check,70.14,1159.76,1,No
2814-DTWZP,Male,1,Yes,Yes,12,Yes,Yes,No,No internet service,No internet service,No internet service,No internet service,No internet service,No internet service,Month-to-month,Yes,Credit card (automatic),18.0,174.89,2,No
2815-JMBCS,Male,0,Yes,No,7,Yes,Yes,Fiber optic,Yes,No,Yes,Yes,No,No,Month-to-month,No,Electronic check,70.18,477.84,0,No
2816-FSUTS,Male,0,Yes,No,4,Yes,Yes,DSL,Yes,No,Yes,Yes,No,Yes,Two year,Yes,Electronic check,30.41,152.59,3,No
2817-HNJCF,Female,0,No,No,41,Yes,No,No,No internet service,No internet service,No internet service,No internet service,No internet service,No internet service,One year,No,Credit card (automatic),27.41,1186.89,1,No
2818-OWWRN,Male,0,Yes,No,44,Yes,Yes,Fiber optic,No,No,No,Yes,No,Yes,Month-to-month,Yes,Electronic check,73.33,3200.16,2,Yes
2819-SZJOD,Male,0,Yes,Yes,9,Yes,No,No,No internet service,No internet service,No internet service,No internet service,No internet service,No internet service,Month-to-month,Yes,Mailed check,18.0,153.65,3,Yes
2820-WBCGW,Female,0,Yes,Yes,21,Yes,No,DSL,No,No,No,No,No,Yes,One year,Yes,Electronic check,46.51,930.16,1,No
2821-PJSQS,Female,0,Yes,No,19,Yes,No,DSL,No,No,No,No,Yes,No,Two year,Yes,Bank transfer (automatic),46.36,817.34,2,No
2822-EWTMM,Male,0,Yes,Yes,14,Yes,No,Fiber optic,No,No,No,No,Yes,Yes,Month-to-month,Yes,Credit card (automatic),81.11,1135.49,2,Yes
2823-KKPOQ,Female,0,No,No,10,Yes,No,Fiber optic,Yes,No,No,No,No,No,Two year,No,Electronic check,71.43,754.01,3,Yes
2824-VRSDV,Male,0,No,No,6,Yes,No,DSL,No,No,Yes,No,No,No,Month-to-month,No,Credit card (automatic),48.81,257.68,5,No
2825-VWEGB,Male,0,No,No,66,Yes,No,Fiber optic,Yes,No,No,No,Yes,No,One year,Yes,Bank transfer (automatic),85.15,5684.05,2,Yes
2826-ALJHA,Male,0,No,Yes,57,Yes,Yes,DSL,No,Yes,Yes,No,No,Yes,Month-to-month,Yes,Mailed check,31.1,1748.17,1,No
2827-LBJVQ,Male,0,Yes,Yes,17,Yes,Yes,DSL,No,Yes,No,No,No,No,Two year,No,Bank transfer (automatic),51.25,836.14,3,No
2828-ZCGLH,Female,0,No,No,40,Yes,No,Fiber optic,Yes,No,No,No,Yes,No,Month-to-month,Yes,Credit card (automatic),64.81,2660.66,1,No
2829-TLCQI,Female,0,Yes,No,22,Yes,Yes,No,No internet service,No internet service,No internet service,No internet service,No internet service,No internet service,Month-to-month,Yes,Bank transfer (automatic),18.0,414.64,2,Yes
2830-JVFYA,Female,0,No,No,2,Yes,Yes,DSL,Yes,No,No,No,No,Yes,Two year,No,Mailed check,56.42,167.17,0,No
2831-VLEMO,Female,0,Yes,No,55,Yes,No,Fiber optic,No,Yes,Yes,No,No,No,One year,Yes,Electronic check,81.71,4547.81,1,No
2832-VKHEB,Male,0,No,No,7,Yes,No,DSL,No,No,No,No,No,No,Month-to-month,No,Mailed check,35.62,298.06,1,No
2833-LBZPU,Male,0,No,No,39,No,No phone service,DSL,No,No,No,Yes,Yes,No,Month-to-month,Yes,Credit card (automatic),20.41,792.75,2,No
2834-CJSHG,Male,0,Yes,No,23,Yes,No,Fiber optic,No,No,Yes,No,Yes,No,Month-to-month,Yes,Bank transfer (automatic),63.96,1538.51,1,No
2835-ALEPY,Female,0,Yes,No,37,No,No phone service,Fiber optic,No,No,No,No,No,Yes,Month-to-month,Yes,Mailed check,74.55,2819.59,1,No
2836-DQXUB,Male,0,No,No,20,Yes,Yes,DSL,Yes,No,Yes,No,No,No,One year,Yes,Electronic check,45.02,839.52,2,No
2837-LALLL,Male,0,Yes,Yes,38,Yes,Yes,Fiber optic,No,No,Yes,Yes,Yes,Yes,Month-to-month,No,Credit card (automatic),71.0,2737.65,0,Yes
2838-SYQTX,Male,1,No,Yes,1,No,No phone service,Fiber optic,No,No,Yes,No,Yes,No,Month-to-month,Yes,Electronic check,61.64,97.81,3,Yes
2839-XZKMH,Female,0,Yes,No,1,Yes,No,No,No internet service,No internet service,No internet service,No internet service,No internet service,No internet service,Month-to-month,No,Bank transfer (automatic),19.25,18.0,1,No
2840-JHTHI,Female,0,Yes,Yes,72,Yes,No,No,No internet service,No internet service,No internet service,No internet service,No internet service,No internet service,Month-to-month,Yes,Bank transfer (automatic),18.0,1303.08,1,No
2841-GNBYK,Female,0,No,Yes,44,Yes,Yes,DSL,No,Yes,Yes,No,Yes,Yes,Two year,Yes,Electronic check,65.18,2867.81,3,No
2842-HMUOC,Female,1,Yes,No,56,Yes,Yes,Fiber optic,No,Yes,No,Yes,Yes,No,Month-to-month,No,Electronic check,77.51,4295.55,1,No
2843-WNOBS,Male,0,Yes,No,19,Yes,No,Fiber optic,Yes,No,Yes,Yes,No,Yes,Two year,No,Credit card (automatic),70.67,1368.39,0,Yes
2844-LYTDC,Male,0,No,No,19,No,No phone service,No,No internet service,No internet service,No internet service,No internet service,No internet service,No internet service,One year,Yes,Credit card (automatic),18.0,331.69,2,Yes
2845-ECYOS,Male,1,No,No,24,Yes,No,DSL,No,No,No,No,Yes,No,One year,No,Mailed check,36.87,884.74,2,No
2846-BLEVQ,Male,0,No,Yes,8,Yes,Yes,Fiber optic,No,No,Yes,No,No,No,One year,No,Mailed check,61.27,531.4,1,No
2847-NVJCD,Female,0,No,Yes,42,Yes,Yes,No,No internet service,No internet service,No internet service,No internet service,No internet service,No internet service,One year,No,Mailed check,23.96,962.75,2,No
2848-FXYVP,Male,1,Yes,No,56,Yes,No,DSL,Yes,No,No,No,Yes,No,Month-to-month,No,Electronic check,46.14,2612.29,5,Yes
2849-GOUYT,Male,0,Yes,No,72,Yes,Yes,DSL,No,No,No,No,Yes,No,Month-to-month,No,Credit card (automatic),51.61,3759.3,1,Yes
2850-ZKVUA,Female,0,Yes,No,23,Yes,No,Fiber optic,No,No,Yes,No,Yes,Yes,Month-to-month,Yes,Electronic check,60.12,1424.14,3,No
2851-EMUNI,Male,0,No,No,17,Yes,No,No,No internet service,No internet service,No internet service,No internet service,No internet service,No internet service,One year,No,Mailed check,22.56,387.66,1,No
2852-QOUGV,Male,0,Yes,No,56,Yes,No,Fiber optic,Yes,No,Yes,No,No,Yes,One year,Yes,Credit card (automatic),75.86,4226.1,3,No
2853-VLWFU,Female,0,Yes,Yes,44,No,No phone service,Fiber optic,Yes,Yes,No,No,Yes,Yes,Month-to-month,Yes,Bank transfer (automatic),64.75,2911.17,1,No
2854-PZEIN,Female,0,No,No,64,Yes,No,DSL,No,No,No,No,No,No,Month-to-month,No,Electronic check,53.07,3429.82,1,Yes
2855-HNLJT,Male,0,No,No,34,Yes,Yes,Fiber optic,No,No,No,No,No,No,Month-to-month,Yes,Electronic check,60.73,2043.79,0,Yes
2856-TZUMS,Male,0,No,No,68,Yes,Yes,Fiber optic,No,No,No,No,Yes,No,Month-to-month,No,Electronic check,60.23,4103.24,1,Yes
2857-OHWUJ,Male,0,Yes,Yes,2,Yes,No,DSL,No,No,Yes,No,No,No,Two year,No,Mailed check,51.46,168.81,2,Yes
2858-CUCZE,Male,0,No,Yes,36,Yes,No,Fiber optic,No,Yes,No,No,No,Yes,Two year,Yes,Mailed check,66.23,2380.21,2,No
2859-PQFZT,Male,0,Yes,No,2,Yes,No,Fiber optic,No,No,No,Yes,Yes,Yes,Month-to-month,No,Mailed check,83.66,112.67,2,No
2860-TPXBT,Female,0,No,Yes,44,No,No phone service,DSL,No,No,No,No,No,Yes,Two year,Yes,Electronic check,41.67,1849.18,1,No
2861-ORAZS,Male,0,Yes,No,31,Yes,No,Fiber optic,No,No,Yes,No,Yes,No,Month-to-month,Yes,Electronic check,88.69,2723.47,0,Yes
2862-LHFLG,Male,0,Yes,Yes,1,Yes,No,Fiber optic,No,No,No,No,Yes,No,One year,Yes,Bank transfer (automatic),66.03,20.31,1,Yes
2863-RVNHX,Male,1,No,Yes,29,Yes,Yes,Fiber optic,No,Yes,No,No,No,Yes,Month-to-month,Yes,Electronic check,75.22,2077.94,0,No
2864-TVNEI,Male,0,Yes,Yes,5,Yes,No,No,No internet service,No internet service,No internet service,No internet service,No internet service,No internet service,One year,Yes,Bank transfer (automatic),23.28,123.17,1,No
2865-HBPMG,Male,0,No,No,4,Yes,No,DSL,No,No,No,Yes,Yes,No,One year,Yes,Electronic check,44.67,200.71,2,No
2866-PGNNL,Male,0,No,No,5,Yes,Yes,DSL,No,Yes,Yes,No,No,No,Month-to-month,No,Mailed check,46.59,171.72,3,Yes
2867-AALTU,Male,0,No,No,21,No,No phone service,Fiber optic,No,No,No,Yes,Yes,No,Month-to-month,Yes,Electronic check,59.13,1262.44,2,Yes
2868-ODGPC,Male,0,Yes,No,3,Yes,No,DSL,No,Yes,Yes,No,No,Yes,Month-to-month,Yes,Electronic check,54.78,222.9,1,No
2869-GXVFP,Male,0,No,No,4,Yes,No,No,No internet service,No internet service,No internet service,No internet service,No internet service,No internet service,Two year,Yes,Electronic check,18.0,87.74,2,No
2870-XHWVF,Female,0,Yes,No,9,Yes,No,Fiber optic,No,Yes,No,No,No,No,Month-to-month,No,Mailed check,59.08,534.72,1,No
2871-JPKMF,Female,0,Yes,No,1,No,No phone service,DSL,No,No,No,Yes,Yes,No,Two year,No,Mailed check,45.72,67.03,2,No
2872-XAUSL,Male,0,No,No,10,Yes,Yes,Fiber optic,Yes,No,No,Yes,No,Yes,Month-to-month,Yes,Credit card (automatic),50.49,443.85,1,No
2873-XFRMG,Male,0,Yes,No,30,Yes,Yes,DSL,No,No,Yes,No,No,No,One year,Yes,Bank transfer (automatic),54.58,1700.43,2,No
2874-WMUHU,Male,0,Yes,No,29,Yes,No,DSL,No,Yes,Yes,No,Yes,No,Month-to-month,Yes,Electronic check,38.77,1119.01,3,No
2875-QITMB,Male,0,Yes,No,72,Yes,Yes,Fiber optic,No,No,No,Yes,No,Yes,Month-to-month,Yes,Mailed check,65.81,4733.54,1,No
2876-DYBDR,Male,1,No,No,4,Yes,No,Fiber optic,No,No,Yes,No,No,Yes,Two year,Yes,Electronic check,82.29,295.41,3,Yes
2877-ESJRY,Male,0,No,No,64,Yes,Yes,Fiber optic,No,No,No,Yes,No,No,Month-to-month,Yes,Bank transfer (automatic),79.39,5029.21,2,No
2878-UJEQV,Female,0,Yes,No,15,Yes,Yes,Fiber optic,No,No,No,Yes,Yes,Yes,Two year,Yes,Bank transfer (automatic),74.63,1078.99,1,No
2879-MWQIX,Male,0,Yes,No,15,Yes,Yes,No,No internet service,No internet service,No internet service,No internet service,No internet service,No internet service,Month-to-month,Yes,Bank transfer (automatic),24.62,328.91,0,Yes
2880-LNNHW,Female,0,Yes,Yes,13,Yes,No,DSL,Yes,Yes,Yes,Yes,No,No,One year,No,Electronic check,63.79,862.0,2,No
2881-ESNIG,Female,0,Yes,No,4,Yes,Yes,No,No internet service,No internet service,No internet service,No internet service,No internet service,No internet service,Month-to-month,Yes,Mailed check,37.43,190.39,1,No
2882-ZZHNV,Female,1,Yes,No,20,Yes,No,DSL,No,Yes,No,Yes,No,Yes,One year,Yes,Credit card (automatic),23.74,460.6,1,No
2883-NKNUH,Female,1,Yes,No,49,Yes,No,DSL,No,Yes,No,No,Yes,No,Two year,Yes,Electronic check,50.24,2498.1,1,No
2884-CWRCM,Female,0,No,No,66,No,No phone service,Fiber optic,No,No,No,No,Yes,No,Month-to-month,Yes,Electronic check,72.94,4869.31,6,Yes
2885-LOREG,Female,0,No,No,72,Yes,No,No,No internet service,No internet service,No internet service,No internet service,No internet service,No internet service,Two year,Yes,Electronic check,18.0,1368.07,3,No
2886-KZKOJ,Female,0,Yes,No,49,Yes,No,DSL,No,Yes,Yes,No,Yes,No,One year,No,Electronic check,37.71,1788.23,1,No
2887-OMNQM,Female,1,No,Yes,31,Yes,No,Fiber optic,No,No,Yes,Yes,No,Yes,Month-to-month,Yes,Electronic check,89.31,2787.8,4,Yes
2888-JYAAO,Female,0,No,Yes,22,Yes,Yes,Fiber optic,No,No,Yes,Yes,No,Yes,Two year,Yes,Electronic check,68.96,1463.43,4,Yes
2889-PLZXF,Male,0,No,No,66,Yes,No,Fiber optic,No,No,Yes,Yes,No,No,Month-to-month,Yes,Mailed check,73.04,4792.62,2,No
2890-FLYOD,Male,1,Yes,No,43,Yes,Yes,DSL,No,No,No,No,Yes,No,Two year,Yes,Bank transfer (automatic),46.71,1984.92,0,No
2891-XDBXL,Female,0,No,Yes,5,Yes,No,Fiber optic,No,Yes,No,No,Yes,No,Month-to-month,No,Electronic check,65.38,365.78,2,Yes
2892-GTIIH,Female,0,No,Yes,36,Yes,Yes,DSL,No,Yes,No,Yes,Yes,No,One year,Yes,Credit card (automatic),51.73,1891.3,5,No
2893-NAWUW,Female,1,Yes,No,18,Yes,No,DSL,No,Yes,No,Yes,Yes,Yes,One year,No,Electronic check,66.44,1270.25,1,Yes
2894-LYBMD,Male,0,No,No,28,Yes,No,Fiber optic,No,Yes,No,Yes,No,No,Month-to-month,No,Credit card (automatic),70.96,1950.63,1,No
2895-TRSPN,Male,0,Yes,No,72,Yes,No,Fiber optic,No,No,No,No,Yes,Yes,Two year,Yes,Electronic check,71.14,5066.48,1,No
2896-HLIFZ,Female,0,No,Yes,33,Yes,No,No,No internet service,No internet service,No internet service,No internet service,No internet service,No internet service,Month-to-month,No,Electronic check,24.13,765.16,1,Yes
2897-RBWHX,Female,0,Yes,No,72,Yes,No,DSL,No,Yes,Yes,No,No,Yes,Two year,No,Credit card (automatic),39.83,2791.71,1,No
2898-NFJHQ,Female,1,No,Yes,64,Yes,Yes,Fiber optic,No,No,No,Yes,No,No,One year,No,Mailed check,70.51,4569.04,4,No
2899-YLQMS,Female,1,No,No,4,Yes,No,DSL,No,No,Yes,No,Yes,Yes,Month-to-month,Yes,Mailed check,47.13,159.92,1,Yes
2900-LPYEY,Female,0,No,Yes,1,Yes,No,Fiber optic,No,No,No,Yes,No,No,Month-to-month,No,Bank transfer (automatic),62.11,18.0,0,No
2901-PYFKQ,Female,0,Yes,No,15,Yes,No,Fiber optic,Yes,No,No,No,Yes,Yes,Two year,Yes,Bank transfer (automatic),67.74,987.9,2,No
2902-ZWNFY,Male,0,Yes,Yes,64,Yes,Yes,Fiber optic,No,No,No,Yes,No,No,Month-to-month,Yes,Credit card (automatic),77.33,4951.58,2,Yes
2903-WKLMD,Male,0,Yes,No,8,No,No phone service,Fiber optic,No,No,No,No,No,No,One year,No,Credit card (automatic),53.17,479.18,1,No
2904-GBFFR,Male,0,Yes,No,37,Yes,Yes,Fiber optic,No,No,Yes,No,No,No,Month-to-month,Yes,Bank transfer (automatic),74.24,2682.66,1,Yes
2905-THHHH,Female,0,Yes,Yes,20,Yes,No,Fiber optic,No,No,Yes,No,Yes,Yes,Month-to-month,No,Electronic check,43.52,861.22,1,No
2906-ABLOD,Female,0,No,Yes,43,Yes,Yes,Fiber optic,No,No,No,No,No,No,Two year,Yes,Electronic check,63.27,2700.24,2,No
2907-YCNVW,Male,0,Yes,No,5,Yes,No,No,No internet service,No internet service,No internet service,No internet service,No internet service,No internet service,Month-to-month,No,Electronic check,38.15,130.93,1,Yes
2908-HMWSV,Male,1,No,No,8,Yes,No,DSL,No,No,Yes,Yes,No,Yes,One year,Yes,Electronic check,54.8,473.71,4,No
2909-EMZTA,Female,0,No,Yes,8,Yes,No,DSL,Yes,No,No,No,No,Yes,Month-to-month,Yes,Electronic check,42.9,309.09,1,Yes
2910-PWXBG,Male,0,Yes,No,25,Yes,Yes,Fiber optic,No,No,No,No,Yes,Yes,Month-to-month,Yes,Electronic check,58.93,1442.17,2,No
2911-FEDBJ,Male,0,No,No,10,Yes,Yes,Fiber optic,No,No,No,Yes,No,Yes,Two year,Yes,Electronic check,77.49,805.58,0,Yes
2912-VERJW,Male,0,No,Yes,53,Yes,Yes,Fiber optic,Yes,Yes,No,Yes,Yes,No,Month-to-month,Yes,Bank transfer (automatic),54.89,2943.62,0,No
2913-VOIKZ,Male,0,Yes,Yes,13,Yes,No,DSL,No,No,Yes,No,Yes,Yes,One year,Yes,Electronic check,45.01,625.58,1,No
2914-UYYQU,Female,0,No,No,34,Yes,Yes,No,No internet service,No internet service,No internet service,No internet service,No internet service,No internet service,Month-to-month,Yes,Credit card (automatic),23.65,832.23,1,No
2915-IWPFV,Female,0,No,No,72,Yes,No,Fiber optic,No,No,No,Yes,Yes,Yes,Month-to-month,No,Credit card (automatic),65.28,4719.41,1,No
2916-KWQDO,Female,0,No,Yes,29,Yes,No,Fiber optic,Yes,No,No,No,No,No,Month-to-month,No,Bank transfer (automatic),63.6,1804.09,1,No
2917-AVTAI,Female,0,Yes,No,8,No,No phone service,Fiber optic,No,No,No,No,No,No,Two year,Yes,Electronic check,68.95,453.68,1,No
2918-LDVMG,Male,0,No,Yes,56,Yes,No,Fiber optic,No,No,Yes,Yes,No,Yes,Month-to-month,Yes,Credit card (automatic),69.4,3880.39,2,No
2919-HMKIY,Male,0,Yes,No,1,Yes,No,No,No internet service,No internet service,No internet service,No internet service,No internet service,No internet service,One year,No,Bank transfer (automatic),18.0,25.34,1,No
2920-XPJKL,Male,0,No,Yes,9,Yes,No,Fiber optic,No,No,No,No,No,Yes,Month-to-month,Yes,Mailed check,102.37,802.58,0,Yes
2921-NSLRU,Female,0,No,No,15,Yes,No,DSL,No,Yes,Yes,No,No,Yes,Two year,Yes,Mailed check,50.01,694.96,2,No
2922-QCASD,Female,0,No,No,6,Yes,Yes,No,No internet service,No internet service,No internet service,No internet service,No internet service,No internet service,Two year,No,Electronic check,33.12,184.46,1,No
2923-WPLUU,Female,0,Yes,No,29,Yes,No,Fiber optic,No,Yes,No,Yes,No,No,One year,Yes,Credit card (automatic),70.77,2023.56,2,No
2924-MQHMT,Female,0,Yes,No,26,Yes,No,DSL,Yes,No,No,Yes,Yes,Yes,Two year,No,Mailed check,66.29,1728.2,1,No
2925-ZEROL,Male,0,Yes,No,16,Yes,No,Fiber optic,Yes,No,No,Yes,Yes,No,One year,No,Electronic check,73.42,1212.52,0,No
2926-QYOBF,Female,0,No,No,11,Yes,Yes,DSL,Yes,No,No,No,No,No,Two year,No,Electronic check,49.36,505.69,4,No
2927-QPQYT,Male,0,Yes,No,18,Yes,Yes,Fiber optic,No,Yes,No,No,Yes,No,Two year,No,Electronic check,91.29,1659.26,0,No
2928-IEWAF,Male,0,Yes,No,11,Yes,No,No,No internet service,No internet service,No internet service,No internet service,No internet service,No internet service,Two year,No,Credit card (automatic),18.49,195.83,1,No
2929-XNQYS,Male,0,Yes,Yes,8,No,No phone service,Fiber optic,No,Yes,No,Yes,No,No,Month-to-month,Yes,Mailed check,62.91,484.36,2,Yes
2930-AAMNF,Female,0,No,No,13,Yes,No,Fiber optic,No,No,No,Yes,No,Yes,Two year,No,Credit card (automatic),83.8,1144.27,3,No
2931-FANCW,Female,0,Yes,Yes,29,Yes,Yes,No,No internet service,No internet service,No internet service,No internet service,No internet service,No internet service,Month-to-month,No,Electronic check,24.14,723.54,1,Yes
2932-JSSSW,Male,0,No,No,33,Yes,No,No,No internet service,No internet service,No internet service,No internet service,No internet service,No internet service,Month-to-month,Yes,Credit card (automatic),32.74,1059.46,1,No
2933-DTSJY,Male,0,No,No,11,Yes,No,Fiber optic,No,No,No,No,No,Yes,Month-to-month,No,Credit card (automatic),54.43,626.22,2,Yes
2934-BDXFG,Female,0,No,Yes,72,No,No phone service,Fiber optic,No,No,No,Yes,Yes,Yes,One year,No,Bank transfer (automatic),59.73,4336.54,0,No
2935-PGRTZ,Female,0,Yes,Yes,9,Yes,No,No,No internet service,No internet service,No internet service,No internet service,No internet service,No internet service,Month-to-month,Yes,Bank transfer (automatic),18.28,179.7,2,No
2936-ZVSIT,Female,0,Yes,No,39,Yes,Yes,DSL,No,No,Yes,Yes,No,No,Month-to-month,No,Electronic check,54.85,2209.92,4,Yes
2937-JMRPV,Female,0,Yes,No,2,Yes,No,DSL,No,No,Yes,No,No,Yes,One year,No,Electronic check,32.05,56.67,2,No
2938-QVMLJ,Male,0,Yes,No,34,Yes,No,Fiber optic,Yes,Yes,Yes,No,No,Yes,Month-to-month,Yes,Electronic check,79.46,2693.31,2,No
2939-AHUVR,Male,0,No,No,19,Yes,No,DSL,Yes,Yes,Yes,Yes,No,No,Month-to-month,Yes,Credit card (automatic),35.25,582.43,0,No
2940-BPLIC,Male,1,Yes,Yes,26,Yes,Yes,DSL,No,No,Yes,No,Yes,No,One year,Yes,Mailed check,58.76,1524.37,3,No
2941-VZUDZ,Male,1,Yes,No,6,Yes,No,Fiber optic,No,No,Yes,No,Yes,No,One year,Yes,Bank transfer (automatic),72.04,376.81,2,No
2942-BHJPW,Male,0,No,No,18,Yes,No,DSL,No,No,No,No,Yes,Yes,Two year,No,Electronic check,52.18,859.68,0,No
2943-KRVNH,Male,0,Yes,No,46,Yes,No,Fiber optic,Yes,No,Yes,No,No,No,Two year,Yes,Electronic check,74.02,3427.91,1,No
2944-WOQUR,Female,0,Yes,No,46,Yes,Yes,Fiber optic,Yes,No,No,No,No,Yes,Month-to-month,No,Mailed check,75.03,3426.81,1,No
2945-FWNWC,Male,0,Yes,No,8,Yes,No,DSL,No,Yes,No,No,No,No,Month-to-month,Yes,Electronic check,27.19,183.32,2,No
2946-GOUXP,Female,0,No,Yes,13,Yes,Yes,Fiber optic,No,No,Yes,No,No,No,One year,No,Bank transfer (automatic),84.58,1019.13,3,No
2947-PHGFB,Female,0,No,Yes,1,Yes,Yes,Fiber optic,No,Yes,No,No,No,Yes,Month-to-month,Yes,Bank transfer (automatic),64.16,18.0,2,Yes
2948-VMLOI,Male,1,No,No,3,Yes,Yes,No,No internet service,No internet service,No internet service,No internet service,No internet service,No internet service,Two year,Yes,Bank transfer (automatic),26.74,173.01,0,No
2949-BQEKV,Female,0,Yes,No,4,Yes,No,Fiber optic,No,Yes,No,No,No,No,Month-to-month,Yes,Mailed check,72.3,415.46,1,Yes
2950-SXGBP,Male,0,Yes,No,11,Yes,Yes,DSL,No,No,No,No,No,No,One year,Yes,Credit card (automatic),41.14,438.76,2,Yes
2951-LWOAY,Male,0,No,No,45,Yes,No,DSL,No,No,Yes,No,No,No,One year,Yes,Electronic check,50.58,2254.91,1,No
2952-MWFMR,Female,0,No,No,22,Yes,No,No,No internet service,No internet service,No internet service,No internet service,No internet service,No internet service,Two year,Yes,Bank transfer (automatic),18.0,424.4,4,No
2953-CAOZM,Female,0,No,Yes,50,No,No phone service,Fiber optic,No,No,Yes,Yes,Yes,No,Two year,No,Electronic check,61.16,3057.79,0,No
2954-EYMVE,Female,0,No,No,44,Yes,No,No,No internet service,No internet service,No internet service,No internet service,No internet service,No internet service,Two year,Yes,Bank transfer (automatic),18.0,761.92,0,No
2955-SUXRU,Female,0,Yes,Yes,28,Yes,No,No,No internet service,No internet service,No internet service,No internet service,No internet service,No internet service,Two year,No,Credit card (automatic),20.31,540.69,1,No
2956-VJXHO,Female,1,No,Yes,22,Yes,No,DSL,No,No,No,No,No,Yes,Month-to-month,No,Electronic check,51.38,1134.63,0,Yes
2957-UYTYW,Female,1,No,Yes,72,Yes,Yes,No,No internet service,No internet service,No internet service,No internet service,No internet service,No internet service,Month-to-month,Yes,Credit card (automatic),18.0,1303.73,1,No
2958-VDBXF,Female,0,No,No,26,Yes,Yes,DSL,Yes,Yes,No,No,Yes,No,Month-to-month,No,Electronic check,37.71,983.86,4,Yes
2959-CGJWF,Female,0,No,Yes,21,Yes,No,Fiber optic,No,No,No,No,Yes,No,Two year,Yes,Credit card (automatic),81.48,1675.57,0,No
2960-PBXQM,Female,0,Yes,No,65,Yes,No,Fiber optic,Yes,No,Yes,No,Yes,Yes,One year,No,Electronic check,87.51,5653.92,1,No
2961-AFEYM,Male,1,No,No,2,Yes,No,DSL,No,No,Yes,No,No,Yes,One year,Yes,Electronic check,40.13,18.0,0,No
2962-WRLGO,Male,0,No,Yes,34,Yes,No,DSL,No,Yes,No,No,No,Yes,Month-to-month,Yes,Bank transfer (automatic),37.75,1429.74,2,Yes
2963-CPAPX,Female,0,Yes,No,3,Yes,No,Fiber optic,No,No,Yes,No,No,No,Month-to-month,Yes,Credit card (automatic),69.23,272.3,1,No
2964-LSHWL,Female,0,Yes,No,54,Yes,No,Fiber optic,No,No,No,No,Yes,No,Month-to-month,Yes,Electronic check,73.53,4025.31,2,No
2965-OBQGM,Female,0,No,No,50,Yes,Yes,DSL,No,Yes,Yes,Yes,No,No,One year,No,Credit card (automatic),38.45,1928.93,3,No
2966-AFMKJ,Male,0,Yes,Yes,22,Yes,No,Fiber optic,Yes,No,Yes,No,Yes,Yes,Month-to-month,Yes,Electronic check,73.94,1596.36,0,No
2967-PZXWT,Male,0,No,Yes,34,Yes,No,Fiber optic,No,No,Yes,Yes,Yes,No,One year,Yes,Credit card (automatic),81.07,2713.75,1,No
2968-QQDEW,Female,0,Yes,No,47,Yes,Yes,Fiber optic,No,No,No,Yes,Yes,No,Month-to-month,Yes,Credit card (automatic),68.64,3309.75,3,No
2969-NTJNA,Female,0,No,Yes,21,Yes,Yes,Fiber optic,No,No,No,No,No,Yes,Month-to-month,Yes,Bank transfer (automatic),53.16,1111.26,0,Yes
2970-KZWRP,Female,0,Yes,Yes,72,Yes,Yes,No,No internet service,No internet service,No internet service,No internet service,No internet service,No internet service,Month-to-month,Yes,Credit card (automatic),23.37,1730.97,1,No
2971-RHJZJ,Female,0,Yes,No,18,Yes,No,No,No internet service,No internet service,No internet service,No internet service,No internet service,No internet service,Two year,Yes,Electronic check,18.0,310.87,1,No
2972-EJRUX,Male,0,No,Yes,71,Yes,No,No,No internet service,No internet service,No internet service,No internet service,No internet service,No internet service,One year,Yes,Credit card (automatic),22.71,1621.36,2,No
2973-FCHIE,Male,0,No,No,27,Yes,Yes,DSL,No,Yes,Yes,No,No,No,One year,Yes,Mailed check,47.59,1283.72,2,No
2974-BBGQJ,Female,0,Yes,No,17,Yes,No,Fiber optic,No,No,Yes,Yes,No,Yes,One year,Yes,Electronic check,61.91,1087.38,0,No
2975-LBJTA,Female,0,Yes,No,1,Yes,No,Fiber optic,No,Yes,No,No,No,No,Month-to-month,Yes,Electronic check,65.4,18.0,1,Yes
2976-DMLKJ,Male,0,No,No,11,Yes,No,No,No internet service,No internet service,No internet service,No internet service,No internet service,No internet service,Month-to-month,Yes,Bank transfer (automatic),18.0,197.32,3,No
2977-OEYQE,Male,0,No,No,64,Yes,No,Fiber optic,No,No,No,No,No,No,Two year,Yes,Electronic check,82.09,5245.03,3,Yes
2978-BIFRN,Female,0,No,No,17,Yes,Yes,Fiber optic,No,Yes,No,Yes,No,Yes,Two year,No,Electronic check,63.78,1119.87,2,No
2979-SNHQC,Female,1,No,No,17,Yes,No,Fiber optic,No,No,Yes,No,No,Yes,Month-to-month,Yes,Mailed check,72.27,1256.55,2,Yes
2980-JQKHA,Male,0,Yes,Yes,21,Yes,Yes,DSL,No,No,Yes,No,No,Yes,Month-to-month,Yes,Electronic check,25.96,573.61,4,No
2981-MUDGN,Male,0,No,No,10,Yes,No,Fiber optic,Yes,Yes,Yes,No,Yes,Yes,Month-to-month,Yes,Credit card (automatic),68.97,725.93,1,No
2982-EXKQE,Male,1,No,No,21,No,No phone service,DSL,No,Yes,Yes,Yes,Yes,Yes,Month-to-month,Yes,Electronic check,54.87,1182.09,1,Yes
2983-TCEZO,Female,0,No,No,15,Yes,Yes,DSL,Yes,No,Yes,Yes,No,Yes,One year,Yes,Mailed check,60.8,887.37,1,No
2984-SPHMP,Male,0,No,No,72,Yes,No,DSL,No,No,Yes,No,No,No,Month-to-month,No,Mailed check,52.41,3836.47,1,No
2985-CAIIV,Female,0,No,No,26,Yes,Yes,DSL,No,Yes,No,No,Yes,Yes,Two year,Yes,Mailed check,44.2,1216.03,2,No
2986-ZQXBI,Male,1,No,Yes,57,No,No phone service,DSL,Yes,No,No,No,Yes,Yes,Month-to-month,No,Electronic check,41.91,2392.05,2,No
2987-XSMEI,Male,0,No,Yes,37,Yes,No,Fiber optic,Yes,Yes,Yes,Yes,Yes,No,Month-to-month,No,Credit card (automatic),70.29,2593.6,5,No
2988-MAYOD,Male,0,No,Yes,7,Yes,No,No,No internet service,No internet service,No internet service,No internet service,No internet service,No internet service,Two year,No,Bank transfer (automatic),18.0,163.56,1,No
2989-DTJYF,Female,0,No,Yes,64,Yes,Yes,Fiber optic,Yes,Yes,No,No,Yes,Yes,One year,No,Bank transfer (automatic),70.4,4453.21,2,No
2990-XLTPC,Female,1,No,No,2,Yes,Yes,DSL,No,No,No,Yes,No,No,Month-to-month,Yes,Credit card (automatic),44.94,61.08,3,Yes
2991-NAJOG,Male,0,No,No,19,Yes,Yes,DSL,No,Yes,Yes,Yes,No,Yes,Month-to-month,Yes,Credit card (automatic),42.56,772.53,4,No
2992-DNXPN,Female,0,Yes,No,8,No,No phone service,Fiber optic,Yes,No,Yes,Yes,Yes,No,Month-to-month,Yes,Bank transfer (automatic),79.14,579.12,2,Yes
2993-CQUNR,Male,0,Yes,No,24,Yes,No,No,No internet service,No internet service,No internet service,No internet service,No internet service,No internet service,Two year,Yes,Bank transfer (automatic),18.0,452.87,5,Yes
2994-CVSCL,Female,0,No,No,11,Yes,Yes,DSL,No,No,No,No,No,Yes,Month-to-month,Yes,Electronic check,51.8,626.8,3,No
2995-VEJIA,Male,0,No,No,41,Yes,No,Fiber optic,No,No,Yes,No,Yes,No,Two year,Yes,Electronic check,82.24,3328.95,3,Yes
2996-MCSKP,Male,0,Yes,No,72,No,No phone service,Fiber optic,Yes,No,No,No,No,No,Month-to-month,No,Bank transfer (automatic),67.59,4838.85,3,No
2997-FXCSF,Female,0,Yes,No,39,Yes,No,No,No internet service,No internet service,No internet service,No internet service,No internet service,No internet service,Two year,No,Electronic check,23.59,923.49,4,No
2998-HVMLJ,Male,0,Yes,Yes,14,Yes,No,Fiber optic,No,No,No,No,Yes,Yes,Two year,Yes,Mailed check,76.13,1069.28,3,No
2999-CDAMX,Female,0,Yes,No,29,Yes,No,No,No internet service,No internet service,No internet service,No internet service,No internet service,No internet service,Month-to-month,Yes,Electronic check,34.58,1034.58,4,No
3000-DVKSK,Male,0,Yes,No,70,Yes,Yes,DSL,Yes,Yes,No,No,No,No,Month-to-month,No,Electronic check,35.16,2461.48,1,No
3001-LKFLI,Female,0,No,No,10,Yes,Yes,DSL,Yes,No,No,Yes,No,Yes,Two year,No,Mailed check,43.29,391.29,3,No
3002-YJCCT,Male,1,No,No,4,Yes,No,Fiber optic,No,No,No,Yes,Yes,No,One year,Yes,Electronic check,74.05,422.1,1,No
3003-WPCJX,Male,0,No,Yes,4,No,No phone service,Fiber optic,No,Yes,No,No,Yes,No,Two year,No,Credit card (automatic),71.21,264.8,1,Yes
3004-KHFTK,Female,0,Yes,Yes,21,Yes,Yes,No,No internet service,No internet service,No internet service,No internet service,No internet service,No internet service,One year,Yes,Electronic check,32.05,654.54,2,No
3005-ULPRM,Male,0,No,Yes,42,Yes,No,Fiber optic,No,No,No,No,No,Yes,Month-to-month,Yes,Bank transfer (automatic),57.14,2409.78,3,No
3006-VCOVU,Female,0,No,No,34,Yes,Yes,DSL,Yes,No,No,Yes,No,No,Two year,Yes,Mailed check,48.83,1653.52,1,No
3007-NRNEU,Male,0,Yes,No,19,Yes,No,Fiber optic,No,No,No,No,Yes,No,Two year,Yes,Electronic check,72.92,1399.61,3,No
3008-NYHWO,Male,0,Yes,Yes,41,Yes,No,Fiber optic,Yes,Yes,Yes,Yes,No,No,One year,Yes,Mailed check,65.33,2669.33,2,No
3009-OSZTF,Male,0,No,Yes,32,No,No phone service,No,No internet service,No internet service,No internet service,No internet service,No internet service,No internet service,One year,Yes,Mailed check,34.55,1110.57,3,No
3010-SYHFT,Male,0,No,No,31,Yes,No,No,No internet service,No internet service,No internet service,No internet service,No internet service,No internet service,Month-to-month,Yes,Electronic check,20.09,704.21,2,No
3011-WOCJO,Female,0,No,No,7,Yes,No,DSL,Yes,Yes,No,No,Yes,No,Two year,Yes,Credit card (automatic),44.49,248.17,2,No
3012-XPQSK,Female,0,Yes,No,11,Yes,No,Fiber optic,Yes,Yes,No,No,No,Yes,Month-to-month,Yes,Mailed check,48.58,510.13,2,Yes
3013-PEEZN,Female,0,No,Yes,13,Yes,Yes,DSL,No,No,Yes,No,Yes,Yes,One year,No,Mailed check,59.58,784.11,0,No
3014-RZHEG,Male,0,Yes,No,52,No,No phone service,DSL,No,Yes,No,No,No,No,Month-to-month,No,Electronic check,40.85,2127.12,0,No
3015-PWNEX,Female,1,No,No,47,No,No phone service,DSL,Yes,No,Yes,Yes,No,No,One year,Yes,Electronic check,46.21,2154.79,0,No
3016-IDDPX,Female,0,No,No,9,Yes,Yes,Fiber optic,No,No,No,Yes,Yes,Yes,Month-to-month,Yes,Electronic check,67.3,637.45,0,Yes
3017-QODFP,Male,0,Yes,No,1,No,No phone service,No,No internet service,No internet service,No internet service,No internet service,No internet service,No internet service,Month-to-month,Yes,Credit card (automatic),25.65,18.0,3,No
3018-DFEPY,Female,1,Yes,No,46,Yes,Yes,DSL,No,No,No,No,Yes,Yes,Month-to-month,No,Credit card (automatic),42.8,1984.17,3,No
3019-PJIDN,Male,0,Yes,No,16,Yes,No,No,No internet service,No internet service,No internet service,No internet service,No internet service,No internet service,Month-to-month,No,Electronic check,18.0,274.93,1,Yes
3020-DLXJD,Male,0,Yes,Yes,7,Yes,Yes,DSL,No,No,No,No,No,No,Month-to-month,No,Mailed check,58.72,420.67,0,Yes
3021-RMMNR,Female,0,Yes,No,3,Yes,Yes,Fiber optic,No,No,No,No,No,Yes,Month-to-month,No,Electronic check,74.81,300.52,1,No
3022-AUPOV,Female,0,No,No,1,Yes,No,Fiber optic,No,Yes,No,No,No,No,One year,No,Bank transfer (automatic),74.69,74.26,1,No
3023-YEFFC,Female,0,No,No,17,Yes,No,Fiber optic,No,Yes,No,Yes,No,No,Month-to-month,Yes,Electronic check,61.12,1050.05,1,Yes
3024-PLDAD,Female,0,No,Yes,13,Yes,No,DSL,No,Yes,No,No,No,No,Month-to-month,Yes,Credit card (automatic),49.68,681.76,0,No
3025-AUHXE,Male,0,No,No,38,Yes,No,No,No internet service,No internet service,No internet service,No internet service,No internet service,No internet service,Two year,No,Electronic check,18.0,656.08,0,No
3026-ZBLVQ,Female,0,No,No,72,No,No phone service,Fiber optic,No,No,No,No,No,Yes,Month-to-month,Yes,Electronic check,78.02,5699.82,2,Yes
3027-GKDEF,Male,0,No,Yes,7,Yes,No,No,No internet service,No internet service,No internet service,No internet service,No internet service,No internet service,Month-to-month,No,Credit card (automatic),24.22,230.38,2,No
3028-KAYJT,Female,0,Yes,No,8,Yes,Yes,No,No internet service,No internet service,No internet service,No internet service,No internet service,No internet service,Month-to-month,No,Electronic check,18.0,112.67,0,No
3029-XUKXQ,Male,0,No,No,13,No,No phone service,No,No internet service,No internet service,No internet service,No internet service,No internet service,No internet service,Month-to-month,Yes,Credit card (automatic),21.96,296.95,3,Yes
3030-HMTRV,Female,0,Yes,Yes,20,No,No phone service,Fiber optic,No,No,No,Yes,No,No,Two year,No,Electronic check,74.35,1427.36,0,No
3031-PBERC,Female,0,Yes,No,38,Yes,Yes,No,No internet service,No internet service,No internet service,No internet service,No internet service,No internet service,Month-to-month,Yes,Bank transfer (automatic),29.74,1214.57,4,Yes
3032-VQPFS,Male,0,No,No,13,Yes,Yes,No,No internet service,No internet service,No internet service,No internet service,No internet service,No internet service,One year,Yes,Electronic check,18.01,234.57,1,No
3033-GRNFH,Female,0,No,No,3,No,No phone service,DSL,No,Yes,No,No,No,Yes,Month-to-month,No,Electronic check,54.95,185.17,3,Yes
3034-OOOPA,Female,0,No,No,41,Yes,No,No,No internet service,No internet service,No internet service,No internet service,No internet service,No internet service,Month-to-month,Yes,Credit card (automatic),37.18,1573.32,4,No
3035-KYEEU,Female,0,Yes,No,50,Yes,Yes,Fiber optic,No,No,No,Yes,No,No,One year,Yes,Bank transfer (automatic),79.26,3957.51,2,No
3036-FBFNK,Female,1,Yes,No,9,Yes,No,Fiber optic,No,No,No,Yes,No,Yes,One year,Yes,Electronic check,65.82,628.37,1,No
3037-DXYIX,Male,1,No,Yes,4,Yes,Yes,DSL,No,Yes,Yes,No,No,Yes,Month-to-month,No,Credit card (automatic),54.94,201.24,0,Yes
3038-CZPKD,Male,0,Yes,No,24,Yes,No,DSL,No,No,No,No,No,Yes,Month-to-month,No,Mailed check,56.79,1383.33,1,No
3039-AYUVP,Female,0,Yes,No,7,Yes,Yes,Fiber optic,No,Yes,No,No,No,Yes,Two year,No,Credit card (automatic),79.98,564.65,0,No
3040-SPKZH,Male,0,Yes,No,14,Yes,No,DSL,No,No,Yes,No,No,No,Month-to-month,Yes,Credit card (automatic),34.08,441.8,3,Yes
3041-WAZUZ,Female,1,No,No,48,Yes,Yes,DSL,No,No,Yes,No,No,No,One year,No,Mailed check,26.06,1263.36,0,No
3042-ILVHZ,Male,1,Yes,No,7,Yes,Yes,DSL,No,No,No,Yes,Yes,Yes,One year,No,Mailed check,26.51,236.3,0,No
3043-QJGSY,Male,0,No,Yes,52,Yes,Yes,No,No internet service,No internet service,No internet service,No internet service,No internet service,No internet service,Month-to-month,Yes,Mailed check,18.0,951.85,1,Yes
3044-FUXXS,Male,0,No,No,35,Yes,No,Fiber optic,No,Yes,No,No,No,No,Month-to-month,No,Bank transfer (automatic),63.99,2047.05,2,No
3045-ROBNU,Female,1,No,No,7,No,No phone service,Fiber optic,No,No,Yes,No,No,No,Month-to-month,No,Electronic check,70.52,482.39,0,No
3046-JPGHJ,Male,0,No,No,23,Yes,No,No,No internet service,No internet service,No internet service,No internet service,No internet service,No internet service,Two year,Yes,Electronic check,18.0,355.58,1,Yes
3047-OHMLH,Male,0,No,No,30,Yes,No,DSL,No,No,No,No,No,Yes,Two year,No,Electronic check,48.44,1518.18,2,No
3048-OZLKS,Female,0,No,Yes,7,Yes,Yes,DSL,Yes,No,No,No,Yes,No,Month-to-month,Yes,Mailed check,44.52,377.59,1,No
3049-NRMDQ,Male,0,No,No,5,Yes,No,DSL,Yes,No,No,No,Yes,Yes,Month-to-month,Yes,Bank transfer (automatic),48.56,284.73,3,No
3050-SIWGA,Female,1,Yes,No,24,Yes,No,No,No internet service,No internet service,No internet service,No internet service,No internet service,No internet service,Month-to-month,Yes,Electronic check,31.87,789.33,2,Yes
3051-GZGTG,Male,1,Yes,No,37,Yes,No,Fiber optic,No,Yes,No,No,Yes,Yes,Two year,Yes,Electronic check,73.89,2717.67,1,Yes
3052-HPCMJ,Female,0,No,Yes,20,Yes,No,Fiber optic,Yes,No,No,No,No,No,Month-to-month,No,Mailed check,66.43,1300.58,1,Yes
3053-RGUUE,Male,0,No,No,2,No,No phone service,Fiber optic,No,No,No,No,No,Yes,Month-to-month,No,Electronic check,59.48,111.39,2,No
3054-WYXVG,Female,0,No,No,72,Yes,Yes,DSL,No,Yes,No,No,Yes,Yes,One year,Yes,Mailed check,43.76,3151.73,3,No
3055-YVQDX,Male,0,No,No,37,No,No phone service,Fiber optic,No,Yes,No,No,No,Yes,Two year,No,Electronic check,50.56,1734.67,1,No
3056-WPSJC,Male,0,No,No,31,Yes,No,DSL,Yes,No,No,No,No,No,Month-to-month,No,Electronic check,50.21,1651.6,3,No
3057-CQJQV,Female,0,Yes,No,33,Yes,No,Fiber optic,No,No,No,No,No,No,Month-to-month,Yes,Electronic check,82.1,2711.81,2,No
3058-QUDUW,Male,0,Yes,Yes,16,Yes,No,DSL,No,No,Yes,No,No,No,Two year,Yes,Electronic check,42.86,708.73,0,Yes
3059-FLYVY,Male,0,No,No,72,Yes,Yes,DSL,No,No,No,No,Yes,No,Month-to-month,No,Bank transfer (automatic),42.23,3046.66,0,No
3060-TQQJG,Female,0,Yes,No,4,No,No phone service,Fiber optic,No,No,Yes,Yes,No,No,One year,No,Bank transfer (automatic),66.65,294.09,0,No
3061-PMCBP,Female,1,Yes,No,43,Yes,Yes,DSL,Yes,No,No,No,No,No,Month-to-month,No,Bank transfer (automatic),40.64,1706.12,2,No
3062-FFMGE,Male,0,No,Yes,17,Yes,No,No,No internet service,No internet service,No internet service,No internet service,No internet service,No internet service,One year,Yes,Credit card (automatic),21.9,386.82,1,No
3063-XGBQM,Female,0,Yes,No,68,Yes,Yes,DSL,No,Yes,No,Yes,No,No,Month-to-month,Yes,Mailed check,56.86,3924.12,3,No
3064-YUUPZ,Male,0,Yes,No,40,No,No phone service,Fiber optic,Yes,No,No,No,No,Yes,Month-to-month,No,Electronic check,88.31,3519.12,2,Yes
3065-TBERG,Female,0,No,Yes,26,Yes,No,DSL,No,Yes,No,No,Yes,Yes,One year,Yes,Credit card (automatic),58.16,1525.83,4,No
3066-KYYKV,Female,0,No,Yes,72,Yes,No,DSL,No,Yes,No,No,Yes,Yes,Two year,Yes,Bank transfer (automatic),45.93,3321.19,1,No
3067-QPMVE,Female,0,Yes,No,72,Yes,Yes,Fiber optic,No,No,No,No,No,No,Two year,No,Credit card (automatic),81.17,5808.65,1,No
3068-TPVVP,Female,1,No,No,1,Yes,Yes,Fiber optic,Yes,Yes,No,No,No,Yes,Month-to-month,No,Electronic check,68.55,178.52,1,No
3069-PNFBN,Male,0,No,No,6,Yes,Yes,DSL,No,Yes,No,No,No,No,Two year,No,Credit card (automatic),40.78,197.05,0,No
3070-PWTMO,Female,0,Yes,No,36,Yes,No,Fiber optic,Yes,No,No,No,No,No,Month-to-month,No,Credit card (automatic),79.82,2941.57,1,No
3071-LIZRU,Male,0,Yes,No,72,Yes,Yes,DSL,Yes,Yes,No,No,No,Yes,Month-to-month,Yes,Credit card (automatic),55.47,4044.87,2,No
3072-NTYDH,Male,0,Yes,No,18,Yes,Yes,DSL,No,No,Yes,No,No,Yes,One year,Yes,Credit card (automatic),45.81,789.87,5,No
3073-HVVPX,Male,0,No,Yes,1,Yes,No,Fiber optic,No,No,No,No,Yes,Yes,Month-to-month,No,Credit card (automatic),67.35,21.18,0,No
3074-JYUQA,Male,0,No,Yes,32,Yes,Yes,Fiber optic,No,No,No,No,Yes,Yes,Month-to-month,No,Credit card (automatic),61.45,1941.53,0,No
3075-RJZUD,Male,0,No,No,6,Yes,No,DSL,No,No,No,No,Yes,Yes,Two year,No,Electronic check,36.8,221.63,1,Yes
3076-ADDZD,Female,0,No,No,25,No,No phone service,Fiber optic,Yes,No,No,No,Yes,No,Month-to-month,Yes,Mailed check,65.62,1662.73,1,No
3077-QISMD,Female,0,Yes,No,15,Yes,No,Fiber optic,Yes,No,No,Yes,No,No,Month-to-month,Yes,Credit card (automatic),70.64,1039.06,1,No
3078-EMWPV,Male,1,Yes,No,26,Yes,Yes,Fiber optic,No,No,No,No,Yes,No,Two year,No,Mailed check,60.6,1488.32,2,No
3079-EHPAW,Male,0,Yes,No,72,Yes,No,DSL,No,No,No,No,No,Yes,Month-to-month,Yes,Credit card (automatic),37.24,2656.26,3,No
3080-FKPEP,Female,0,Yes,Yes,21,Yes,No,No,No internet service,No internet service,No internet service,No internet service,No internet service,No internet service,Month-to-month,No,Bank transfer (automatic),18.0,337.93,3,No
3081-GSAIR,Male,0,No,No,1,Yes,No,DSL,No,No,No,Yes,Yes,No,Two year,No,Credit card (automatic),43.91,18.0,1,No
3082-MZOCX,Female,0,No,No,27,Yes,Yes,Fiber optic,No,Yes,No,No,No,No,Two year,Yes,Bank transfer (automatic),60.2,1612.9,1,No
3083-JIMPC,Male,0,Yes,No,12,Yes,No,Fiber optic,Yes,Yes,Yes,No,Yes,Yes,One year,No,Mailed check,64.65,736.19,2,No
3084-VWOQN,Female,0,Yes,No,48,Yes,Yes,Fiber optic,No,No,No,No,No,Yes,One year,Yes,Electronic check,75.27,3634.17,1,Yes
3085-GTPUH,Female,0,Yes,No,20,Yes,No,No,No internet service,No internet service,No internet service,No internet service,No internet service,No internet service,Two year,No,Bank transfer (automatic),18.0,380.31,3,No
3086-DTXOE,Male,0,No,No,43,Yes,Yes,Fiber optic,No,No,No,No,Yes,Yes,One year,No,Electronic check,69.84,3039.89,1,No
3087-MFEQG,Female,0,No,No,72,Yes,No,Fiber optic,Yes,No,No,No,Yes,Yes,Two year,Yes,Electronic check,71.33,5200.7,0,No
3088-FBKGV,Male,0,No,No,14,Yes,Yes,DSL,Yes,Yes,Yes,No,No,Yes,Month-to-month,No,Electronic check,46.67,659.17,0,No
3089-UHERV,Female,0,Yes,No,72,Yes,No,DSL,Yes,No,No,Yes,Yes,No,Month-to-month,Yes,Electronic check,42.56,3071.28,2,No
3090-PNLQE,Female,0,Yes,No,5,Yes,No,No,No internet service,No internet service,No internet service,No internet service,No internet service,No internet service,Month-to-month,Yes,Electronic check,18.0,73.53,4,No
3091-NFOGN,Male,0,Yes,Yes,33,Yes,No,DSL,Yes,No,No,No,No,Yes,Month-to-month,Yes,Credit card (automatic),53.34,1730.66,4,No
3092-RAFCE,Female,0,No,No,1,No,No phone service,DSL,No,No,No,No,No,No,Two year,Yes,Bank transfer (automatic),24.35,18.0,3,No
3093-LKMPR,Female,0,No,No,7,Yes,Yes,DSL,No,No,Yes,No,Yes,No,Month-to-month,Yes,Bank transfer (automatic),38.19,300.75,0,No
3094-QQKTJ,Male,0,No,Yes,32,Yes,No,DSL,No,No,Yes,No,Yes,No,One year,Yes,Credit card (automatic),53.99,1607.51,0,No
3095-PBQVT,Female,0,No,No,1,Yes,Yes,DSL,Yes,No,No,No,No,Yes,Month-to-month,No,Bank transfer (automatic),32.89,18.0,1,Yes
3096-JMLOG,Male,0,No,No,3,Yes,Yes,No,No internet service,No internet service,No internet service,No internet service,No internet service,No internet service,Month-to-month,Yes,Electronic check,18.0,88.68,2,No
3097-VUZML,Male,0,Yes,No,11,Yes,No,No,No internet service,No internet service,No internet service,No internet service,No internet service,No internet service,Month-to-month,Yes,Credit card (automatic),43.4,397.18,1,No
3098-LBEYY,Female,0,Yes,No,27,Yes,No,Fiber optic,No,No,Yes,No,Yes,Yes,Two year,Yes,Electronic check,78.2,2137.78,0,Yes
3099-BWZTM,Male,0,No,Yes,1,Yes,No,No,No internet service,No internet service,No internet service,No internet service,No internet service,No internet service,Month-to-month,No,Electronic check,25.4,18.0,4,Yes
3100-CKPAS,Female,0,Yes,No,21,Yes,No,DSL,No,No,Yes,No,Yes,No,Month-to-month,No,Electronic check,44.54,928.57,2,No
3101-KINIG,Female,0,Yes,Yes,31,No,No phone service,No,No internet service,No internet service,No internet service,No internet service,No internet service,No internet service,One year,Yes,Credit card (automatic),26.67,800.23,2,No
3102-PCSDG,Male,0,No,No,16,Yes,Yes,DSL,No,Yes,No,No,No,No,Month-to-month,No,Mailed check,57.74,971.37,3,No
3103-WLREW,Female,0,No,No,2,Yes,No,DSL,No,No,No,No,No,No,Month-to-month,Yes,Mailed check,53.12,152.09,3,No
3104-WVZJL,Female,0,No,No,30,Yes,Yes,DSL,No,No,No,Yes,No,No,Month-to-month,Yes,Electronic check,58.09,1720.97,1,Yes
3105-HSOAC,Female,1,Yes,No,29,Yes,No,Fiber optic,No,No,No,Yes,Yes,No,Month-to-month,Yes,Credit card (automatic),70.37,1978.32,3,No
3106-RRBEA,Male,0,Yes,No,22,Yes,No,DSL,No,No,No,No,No,No,Month-to-month,Yes,Bank transfer (automatic),41.26,894.64,4,No
3107-JTJER,Male,0,No,No,37,Yes,No,Fiber optic,No,No,No,Yes,No,No,One year,Yes,Electronic check,58.03,2112.91,2,Yes
3108-UZOTH,Female,0,No,Yes,7,Yes,No,Fiber optic,Yes,No,Yes,Yes,No,Yes,Month-to-month,No,Mailed check,74.67,504.44,2,No
3109-QLULZ,Male,1,No,Yes,36,No,No phone service,Fiber optic,No,Yes,No,No,Yes,No,Month-to-month,Yes,Mailed check,74.97,2650.7,2,Yes
3110-AZZDH,Female,0,No,Yes,5,Yes,No,Fiber optic,Yes,No,No,No,No,No,Month-to-month,Yes,Electronic check,65.12,352.36,0,No
3111-AORAK,Female,0,No,No,15,Yes,Yes,No,No internet service,No internet service,No internet service,No internet service,No internet service,No internet service,Month-to-month,Yes,Electronic check,19.55,267.87,2,Yes
3112-WBALP,Male,0,Yes,No,2,No,No phone service,No,No internet service,No internet service,No internet service,No internet service,No internet service,No internet service,Month-to-month,Yes,Credit card (automatic),18.0,32.92,1,Yes
3113-VVJRO,Male,1,Yes,No,54,Yes,No,Fiber optic,No,No,Yes,No,Yes,No,Two year,Yes,Mailed check,58.28,3081.93,3,No
3114-QJCZU,Male,1,Yes,No,24,Yes,Yes,No,No internet service,No internet service,No internet service,No internet service,No internet service,No internet service,Month-to-month,No,Mailed check,18.0,482.53,1,Yes
3115-PFCIK,Female,0,No,No,72,Yes,No,Fiber optic,No,No,Yes,No,No,Yes,Month-to-month,Yes,Electronic check,67.16,4863.81,0,No
3116-UMRZV,Male,0,Yes,No,72,Yes,No,Fiber optic,No,No,Yes,No,Yes,Yes,Month-to-month,No,Electronic check,61.73,4399.81,2,Yes
3117-XVDVX,Female,0,No,No,72,Yes,Yes,DSL,Yes,No,No,No,Yes,No,One year,Yes,Bank transfer (automatic),27.94,2106.95,1,No
3118-HMJBH,Female,0,No,Yes,3,Yes,No,DSL,No,Yes,Yes,Yes,No,No,Month-to-month,Yes,Credit card (automatic),49.93,133.11,3,No
3119-FPRQF,Female,0,Yes,No,29,Yes,Yes,DSL,No,No,No,No,Yes,No,Month-to-month,Yes,Credit card (automatic),61.55,1723.77,1,No
3120-MWNZU,Male,1,No,Yes,16,Yes,No,Fiber optic,No,No,No,No,No,Yes,Two year,Yes,Electronic check,81.6,1296.55,1,No
3121-JXKML,Male,0,No,No,24,No,No phone service,Fiber optic,No,No,No,No,Yes,Yes,One year,Yes,Bank transfer (automatic),72.1,1777.21,3,No
3122-IDGXV,Male,0,No,No,11,Yes,No,Fiber optic,No,No,Yes,Yes,Yes,Yes,One year,Yes,Electronic check,67.89,757.48,1,No
3123-BGIEO,Female,0,No,No,1,Yes,Yes,DSL,No,No,Yes,No,No,No,Two year,Yes,Electronic check,53.43,32.37,0,No
3124-RDSTZ,Female,0,Yes,No,39,Yes,No,Fiber optic,No,No,No,No,Yes,No,Month-to-month,Yes,Mailed check,73.42,2930.32,1,No
3125-GZHQM,Male,0,Yes,No,72,Yes,No,Fiber optic,No,Yes,No,No,No,Yes,Two year,Yes,Bank transfer (automatic),73.66,5341.44,0,No
3126-XUWKA,Male,0,Yes,No,24,Yes,No,Fiber optic,No,No,No,No,No,Yes,One year,Yes,Credit card (automatic),53.07,1324.92,0,Yes
3127-BQEFZ,Male,0,No,No,12,Yes,No,Fiber optic,Yes,No,No,Yes,Yes,No,Month-to-month,No,Credit card (automatic),80.49,931.68,3,No
3128-YXGUO,Male,0,No,Yes,72,No,No phone service,Fiber optic,No,No,No,Yes,No,No,Month-to-month,No,Electronic check,65.82,4760.16,1,No
3129-SPYME,Male,0,No,No,14,Yes,No,DSL,Yes,No,No,No,Yes,No,One year,Yes,Mailed check,46.5,691.02,1,No
3130-CCSNP,Male,0,Yes,No,72,Yes,No,DSL,No,No,No,Yes,No,Yes,Month-to-month,No,Bank transfer (automatic),37.3,2602.16,1,No
3131-VQDMH,Male,1,No,No,61,Yes,Yes,DSL,No,Yes,No,No,Yes,Yes,Month-to-month,Yes,Bank transfer (automatic),51.62,3099.68,2,Yes
3132-SEBOB,Male,0,No,Yes,24,Yes,Yes,DSL,No,No,No,Yes,No,No,Two year,No,Mailed check,40.15,937.71,0,No
3133-KMWJC,Male,0,No,Yes,36,Yes,No,DSL,Yes,No,No,No,No,No,Month-to-month,Yes,Electronic check,73.82,2663.99,1,No
3134-ECFMJ,Female,0,Yes,No,38,No,No phone service,DSL,No,No,Yes,Yes,No,No,Month-to-month,Yes,Credit card (automatic),39.36,1514.55,0,No
3135-SHRCX,Male,0,No,Yes,32,Yes,No,DSL,No,No,No,No,No,Yes,One year,No,Credit card (automatic),39.0,1289.57,2,No
3136-XQHJB,Male,0,Yes,No,5,Yes,Yes,Fiber optic,Yes,No,No,No,No,No,Month-to-month,Yes,Credit card (automatic),78.59,304.53,5,Yes
3137-LWFBU,Female,0,Yes,No,37,Yes,No,DSL,No,No,No,No,No,No,Two year,Yes,Credit card (automatic),50.45,1935.4,1,No
3138-WXCQG,Female,1,Yes,No,1,Yes,No,Fiber optic,Yes,No,Yes,No,No,No,One year,Yes,Bank transfer (automatic),88.23,99.99,1,No
3139-UEWAH,Female,0,Yes,Yes,39,Yes,No,Fiber optic,No,Yes,No,No,No,Yes,One year,Yes,Mailed check,72.05,2770.22,3,No
3140-LNPJO,Female,0,No,No,25,Yes,No,Fiber optic,No,No,No,No,No,Yes,One year,No,Electronic check,90.89,2306.38,2,No
3141-UXZOJ,Female,0,Yes,No,9,Yes,No,Fiber optic,No,No,No,Yes,No,No,Two year,No,Electronic check,74.51,558.26,3,Yes
3142-UGZCB,Female,0,No,No,52,No,No phone service,Fiber optic,No,No,No,No,No,No,Month-to-month,No,Bank transfer (automatic),72.18,3747.84,2,Yes
3143-FUIJD,Female,0,Yes,No,16,Yes,Yes,DSL,No,Yes,No,No,No,No,Two year,Yes,Bank transfer (automatic),38.67,644.34,1,No
3144-CIXVQ,Male,0,Yes,No,21,Yes,No,DSL,No,No,No,No,No,No,Month-to-month,No,Bank transfer (automatic),49.13,1007.99,1,Yes
3145-NJMLA,Male,0,Yes,No,1,Yes,No,Fiber optic,No,Yes,Yes,No,Yes,No,One year,No,Bank transfer (automatic),50.53,74.66,2,Yes
3146-VSSFM,Male,0,Yes,No,16,Yes,Yes,Fiber optic,No,Yes,No,No,No,Yes,One year,No,Bank transfer (automatic),71.47,1183.59,4,No
3147-SMZVU,Female,0,Yes,Yes,5,Yes,No,Fiber optic,No,No,No,No,No,Yes,One year,Yes,Electronic check,59.04,219.31,2,No
3148-DXBOL,Male,0,No,Yes,10,Yes,No,No,No internet service,No internet service,No internet service,No internet service,No internet service,No internet service,Month-to-month,Yes,Electronic check,18.0,161.13,1,No
3149-GTRWM,Female,0,No,No,9,No,No phone service,Fiber optic,No,Yes,Yes,No,Yes,No,One year,Yes,Electronic check,75.94,745.99,2,No
3150-QDYNT,Male,0,Yes,Yes,1,Yes,No,DSL,No,No,No,No,No,No,One year,Yes,Mailed check,42.56,18.0,1,No
3151-MCZZR,Female,0,Yes,No,19,Yes,No,Fiber optic,No,Yes,No,Yes,No,Yes,Two year,No,Electronic check,62.03,1129.68,0,No
3152-NOCAZ,Male,0,Yes,No,23,No,No phone service,No,No internet service,No internet service,No internet service,No internet service,No internet service,No internet service,Two year,Yes,Electronic check,41.07,1003.93,0,No
3153-XQCNC,Male,0,No,No,27,Yes,Yes,Fiber optic,No,No,Yes,No,Yes,Yes,Month-to-month,No,Credit card (automatic),63.11,1735.03,1,Yes
3154-MORNU,Male,1,No,No,19,No,No phone service,No,No internet service,No internet service,No internet service,No internet service,No internet service,No internet service,One year,Yes,Electronic check,18.78,395.47,2,No
3155-ZCSHD,Male,0,No,No,65,Yes,Yes,DSL,Yes,Yes,No,Yes,No,No,Month-to-month,Yes,Mailed check,31.88,2146.31,3,No
3156-DSKAH,Male,0,Yes,Yes,1,Yes,Yes,DSL,No,Yes,No,No,Yes,Yes,Month-to-month,Yes,Electronic check,43.4,18.0,1,Yes
3157-OAGUT,Male,0,Yes,No,30,Yes,Yes,DSL,No,Yes,No,No,No,Yes,Month-to-month,No,Mailed check,52.91,1577.43,0,No
3158-TXKNV,Male,0,Yes,Yes,64,No,No phone service,Fiber optic,Yes,No,Yes,No,No,Yes,Month-to-month,No,Electronic check,73.38,4656.65,2,No
3159-PNLQN,Female,0,No,No,1,Yes,No,Fiber optic,No,Yes,No,No,Yes,Yes,Month-to-month,Yes,Electronic check,66.76,20.98,2,Yes
3160-JXNRV,Female,0,Yes,Yes,21,Yes,No,Fiber optic,Yes,No,Yes,No,No,No,Month-to-month,Yes,Electronic check,88.85,1924.81,2,Yes
3161-IQFHZ,Male,0,No,No,28,Yes,Yes,DSL,No,Yes,No,Yes,Yes,No,Month-to-month,Yes,Mailed check,33.91,940.73,2,Yes
3162-MREFU,Male,0,No,Yes,6,Yes,Yes,Fiber optic,No,No,No,Yes,Yes,No,Month-to-month,No,Credit card (automatic),72.88,469.13,0,Yes
3163-SDGDY,Male,0,No,No,9,Yes,Yes,No,No internet service,No internet service,No internet service,No internet service,No internet service,No internet service,Two year,Yes,Credit card (automatic),28.98,291.1,1,No
3164-KLNMJ,Male,0,Yes,No,49,Yes,Yes,DSL,Yes,Yes,No,Yes,No,Yes,Month-to-month,Yes,Electronic check,49.31,2375.0,3,No
3165-RPEHN,Female,0,No,Yes,26,Yes,Yes,DSL,No,No,No,No,No,Yes,Month-to-month,No,Credit card (automatic),54.82,1432.21,2,No
3166-EZXHY,Female,0,Yes,No,12,Yes,Yes,DSL,No,Yes,Yes,No,Yes,No,One year,No,Electronic check,43.16,432.91,0,No
3167-ZFPDL,Male,0,No,No,46,Yes,No,DSL,No,No,No,No,Yes,Yes,Month-to-month,No,Credit card (automatic),58.35,2692.38,3,No
3168-KCLEF,Male,0,Yes,No,43,Yes,No,Fiber optic,No,No,No,No,Yes,Yes,Month-to-month,Yes,Mailed check,70.34,3015.08,2,No
3169-SRPWK,Male,0,Yes,No,13,Yes,Yes,Fiber optic,No,Yes,No,No,No,No,Two year,No,Electronic check,73.83,874.81,1,No
3170-EICHF,Male,0,Yes,No,21,Yes,Yes,No,No internet service,No internet service,No internet service,No internet service,No internet service,No internet service,Month-to-month,Yes,Electronic check,18.0,376.64,1,Yes
3171-DLLYU,Female,0,No,Yes,34,Yes,No,DSL,Yes,Yes,No,No,Yes,No,Month-to-month,No,Electronic check,50.89,1849.93,0,No
3172-PJVNM,Female,0,Yes,Yes,13,Yes,No,DSL,No,No,Yes,No,Yes,No,One year,Yes,Electronic check,35.68,505.84,1,Yes
3173-IGLER,Female,0,Yes,No,31,Yes,Yes,Fiber optic,Yes,No,No,No,No,Yes,Month-to-month,Yes,Bank transfer (automatic),45.9,1396.95,2,Yes
3174-DBCZL,Female,1,Yes,No,9,Yes,No,DSL,No,No,Yes,No,No,No,Two year,Yes,Bank transfer (automatic),50.15,425.26,3,No
3175-CDFLS,Male,0,Yes,No,11,Yes,Yes,DSL,No,No,No,No,No,No,Month-to-month,No,Credit card (automatic),51.13,562.05,4,No
3176-JAQPI,Female,0,No,No,11,Yes,No,DSL,Yes,Yes,No,No,No,No,Month-to-month,No,Mailed check,58.78,676.94,1,No
3177-YUIWI,Male,0,Yes,No,72,No,No phone service,Fiber optic,No,No,Yes,No,No,No,One year,No,Bank transfer (automatic),71.92,5136.97,1,No
3178-LWIOB,Female,0,No,No,57,Yes,No,Fiber optic,Yes,Yes,Yes,No,No,No,Two year,Yes,Electronic check,75.46,4278.18,1,No
3179-KKHWF,Female,0,No,Yes,26,Yes,Yes,Fiber optic,No,No,Yes,No,No,Yes,Month-to-month,No,Mailed check,80.64,2085.14,1,No
3180-UTGCH,Male,0,No,Yes,26,Yes,No,DSL,No,Yes,No,No,No,No,Month-to-month,Yes,Electronic check,38.63,926.65,2,No
3181-RQKBY,Female,0,Yes,No,1,Yes,Yes,No,No internet service,No internet service,No internet service,No internet service,No internet service,No internet service,Month-to-month,Yes,Mailed check,18.0,36.05,4,Yes
3182-UXSGR,Male,0,Yes,Yes,33,Yes,Yes,DSL,No,No,No,No,Yes,Yes,Month-to-month,Yes,Credit card (automatic),42.92,1432.72,4,No
3183-HNGUD,Male,0,No,No,12,Yes,No,Fiber optic,No,Yes,Yes,No,No,No,One year,Yes,Bank transfer (automatic),59.79,688.72,0,No
3184-QELIZ,Male,0,No,No,30,Yes,No,Fiber optic,No,No,Yes,Yes,No,No,Month-to-month,Yes,Electronic check,81.39,2414.26,0,Yes
3185-TMYRT,Male,0,Yes,No,58,No,No phone service,DSL,Yes,No,No,Yes,No,Yes,One year,No,Credit card (automatic),38.58,2190.92,3,No
3186-IDUHA,Male,0,No,Yes,1,Yes,No,Fiber optic,No,No,No,No,Yes,No,Two year,Yes,Electronic check,68.05,81.7,1,Yes
3187-QYITM,Female,0,No,No,29,Yes,No,No,No internet service,No internet service,No internet service,No internet service,No internet service,No internet service,One year,No,Mailed check,33.82,938.42,1,No
3188-BMITF,Female,0,Yes,No,26,Yes,No,DSL,Yes,No,No,No,Yes,No,Two year,No,Mailed check,55.7,1473.57,3,No
3189-AYECD,Male,0,No,No,7,Yes,Yes,Fiber optic,Yes,Yes,No,Yes,Yes,No,Month-to-month,Yes,Bank transfer (automatic),70.28,540.19,0,No
3190-ANIXD,Male,1,No,No,33,Yes,Yes,DSL,No,No,Yes,No,Yes,Yes,One year,Yes,Credit card (automatic),52.58,1751.1,2,No
3191-RNYDY,Male,0,Yes,Yes,25,Yes,Yes,DSL,No,No,No,No,No,No,One year,Yes,Electronic check,45.53,1120.07,2,No
3192-JCWGJ,Male,0,Yes,No,46,Yes,No,DSL,No,Yes,No,Yes,Yes,Yes,Month-to-month,Yes,Electronic check,43.25,1975.15,1,Yes
3193-MDRKY,Female,1,Yes,No,3,Yes,No,Fiber optic,No,No,No,No,Yes,No,One year,Yes,Electronic check,82.35,208.42,5,No
3194-DXNRH,Male,0,Yes,No,18,Yes,No,DSL,No,No,No,No,No,No,Month-to-month,Yes,Bank transfer (automatic),50.12,914.74,3,Yes
3195-JEWGL,Female,1,No,Yes,72,Yes,No,DSL,Yes,No,No,No,No,No,One year,Yes,Bank transfer (automatic),47.32,3378.14,2,No
3196-YCZDJ,Female,0,No,No,37,Yes,No,DSL,No,Yes,No,No,No,Yes,One year,No,Electronic check,42.6,1643.79,1,No
3197-DOJUV,Male,0,No,No,36,Yes,No,DSL,Yes,Yes,No,No,Yes,No,Month-to-month,No,Mailed check,35.33,1204.76,2,No
3198-POSTS,Female,0,No,No,12,Yes,No,DSL,No,No,Yes,No,No,No,Month-to-month,Yes,Mailed check,44.41,510.48,2,No
3199-RZLYP,Male,0,Yes,Yes,3,Yes,No,Fiber optic,Yes,No,No,No,No,No,Two year,Yes,Mailed check,80.68,210.99,0,No
3200-APBXO,Male,1,Yes,No,72,Yes,Yes,No,No internet service,No internet service,No internet service,No internet service,No internet service,No internet service,Month-to-month,Yes,Credit card (automatic),28.3,2048.28,2,No
3201-GAEJV,Female,0,No,Yes,3,Yes,No,Fiber optic,Yes,No,No,No,No,Yes,One year,No,Credit card (automatic),66.72,163.26,3,No
3202-UDNMA,Male,0,No,No,72,Yes,Yes,Fiber optic,No,Yes,No,Yes,No,No,One year,No,Electronic check,76.4,5532.0,1,No
3203-PWIVP,Male,0,No,No,4,Yes,Yes,No,No internet service,No internet service,No internet service,No internet service,No internet service,No internet service,Two year,No,Bank transfer (automatic),18.0,83.02,1,Yes
3204-SOZNT,Female,0,No,No,5,Yes,Yes,Fiber optic,No,No,Yes,No,No,No,Month-to-month,Yes,Credit card (automatic),70.44,371.05,1,Yes
3205-JULAU,Female,0,Yes,Yes,11,Yes,No,DSL,No,Yes,Yes,No,Yes,No,Month-to-month,Yes,Electronic check,56.96,541.69,2,Yes
3206-QIWSY,Female,0,No,No,22,Yes,No,No,No internet service,No internet service,No internet service,No internet service,No internet service,No internet service,One year,No,Mailed check,27.7,575.47,1,Yes
3207-RGIVZ,Male,0,No,No,50,Yes,No,No,No internet service,No internet service,No internet service,No internet service,No internet service,No internet service,One year,No,Electronic check,42.45,2163.04,0,No
3208-ULGNO,Female,0,Yes,No,72,Yes,Yes,DSL,No,Yes,No,No,Yes,Yes,One year,Yes,Mailed check,46.4,3286.89,2,No
3209-OFUNB,Female,0,Yes,No,14,Yes,No,Fiber optic,No,No,No,No,Yes,No,Month-to-month,Yes,Electronic check,86.0,1159.33,1,Yes
3210-HMWFE,Female,0,No,No,1,Yes,No,Fiber optic,No,No,No,No,Yes,No,Month-to-month,Yes,Mailed check,62.06,93.1,3,No
3211-EYAIF,Female,0,Yes,No,30,Yes,Yes,Fiber optic,Yes,No,Yes,Yes,Yes,Yes,One year,No,Credit card (automatic),81.83,2400.32,2,No
3212-TZGIE,Male,1,Yes,No,39,Yes,Yes,No,No internet service,No internet service,No internet service,No internet service,No internet service,No internet service,Month-to-month,Yes,Credit card (automatic),18.0,623.89,0,No
3213-NEHGM,Female,0,No,No,16,Yes,No,Fiber optic,No,No,No,No,Yes,No,Month-to-month,Yes,Mailed check,72.73,1128.97,2,No
3214-MHKZR,Female,0,No,Yes,6,Yes,No,Fiber optic,Yes,No,No,Yes,No,Yes,Month-to-month,Yes,Bank transfer (automatic),79.12,573.07,1,No
3215-YSFVB,Male,0,No,Yes,11,Yes,No,No,No internet service,No internet service,No internet service,No internet service,No internet service,No internet service,Two year,Yes,Bank transfer (automatic),18.0,134.32,1,Yes
3216-MWYZK,Female,1,No,No,34,Yes,No,DSL,No,No,Yes,No,Yes,Yes,Month-to-month,Yes,Electronic check,38.11,1227.46,2,No
3217-AXBQH,Female,0,No,Yes,21,Yes,No,Fiber optic,Yes,No,Yes,No,No,Yes,Two year,No,Mailed check,67.41,1495.45,2,No
3218-BFVEP,Male,0,No,No,43,Yes,No,Fiber optic,No,Yes,No,Yes,No,Yes,Month-to-month,Yes,Mailed check,75.13,3248.88,2,No
3219-HSPMZ,Male,1,Yes,No,7,Yes,No,No,No internet service,No internet service,No internet service,No internet service,No internet service,No internet service,One year,Yes,Mailed check,18.0,143.3,2,Yes
3220-TGPWP,Male,0,No,Yes,59,Yes,No,No,No internet service,No internet service,No internet service,No internet service,No internet service,No internet service,Month-to-month,Yes,Mailed check,18.0,977.21,1,No
3221-LNXRR,Male,0,Yes,Yes,5,No,No phone service,Fiber optic,No,Yes,Yes,No,No,Yes,Month-to-month,Yes,Bank transfer (automatic),74.49,295.77,3,Yes
3222-PTPMZ,Male,0,Yes,Yes,12,Yes,No,Fiber optic,No,No,No,No,Yes,Yes,Month-to-month,No,Mailed check,50.31,612.04,0,No
3223-IZIMD,Female,0,No,Yes,28,Yes,No,Fiber optic,No,No,No,No,No,No,Two year,No,Credit card (automatic),87.32,2375.94,1,No
3224-IONSL,Female,0,Yes,No,42,Yes,Yes,Fiber optic,No,Yes,Yes,Yes,Yes,No,One year,No,Credit card (automatic),59.56,2542.55,2,No
3225-UZYFC,Female,0,No,No,9,Yes,No,Fiber optic,No,No,No,No,No,No,Two year,No,Credit card (automatic),65.64,534.38,2,No
3226-ZYVTP,Female,0,Yes,No,72,Yes,No,DSL,Yes,Yes,Yes,Yes,Yes,Yes,One year,Yes,Electronic check,38.42,2802.03,4,No
3227-TXWQP,Male,0,No,Yes,39,Yes,No,Fiber optic,Yes,No,No,Yes,Yes,Yes,One year,No,Bank transfer (automatic),69.76,2701.52,4,Yes
3228-FHSYZ,Male,1,Yes,No,7,Yes,No,Fiber optic,No,No,No,Yes,Yes,Yes,Month-to-month,Yes,Electronic check,61.39,401.37,1,No
3229-BNVLQ,Male,0,Yes,Yes,41,Yes,Yes,DSL,No,Yes,Yes,No,Yes,No,Month-to-month,No,Electronic check,26.23,1001.02,1,Yes
3230-ORPMU,Female,0,Yes,No,38,Yes,No,Fiber optic,No,No,No,No,Yes,No,Month-to-month,No,Mailed check,67.82,2690.44,1,Yes
3231-QHAYZ,Male,1,Yes,Yes,44,Yes,No,No,No internet service,No internet service,No internet service,No internet service,No internet service,No internet service,Month-to-month,Yes,Credit card (automatic),18.0,750.43,5,Yes
3232-CPBOA,Male,0,No,No,72,No,No phone service,No,No internet service,No internet service,No internet service,No internet service,No internet service,No internet service,Month-to-month,Yes,Electronic check,23.82,1757.37,4,No
3233-IPDLA,Female,0,No,Yes,39,Yes,Yes,Fiber optic,No,No,Yes,No,No,No,Month-to-month,Yes,Mailed check,56.89,2159.46,2,No
3234-AGRWW,Male,0,No,No,13,Yes,No,Fiber optic,No,Yes,Yes,No,No,Yes,One year,Yes,Bank transfer (automatic),55.75,799.14,0,No
3235-OZYMP,Male,0,Yes,Yes,50,No,No phone service,Fiber optic,No,No,No,No,Yes,No,Two year,Yes,Credit card (automatic),62.79,3181.61,1,No
3236-GPMNQ,Female,0,Yes,Yes,38,Yes,Yes,DSL,No,No,Yes,No,No,Yes,Two year,Yes,Electronic check,50.91,1931.59,2,No
3237-LXXTM,Female,0,Yes,No,27,Yes,Yes,DSL,No,No,No,No,No,No,One year,No,Bank transfer (automatic),43.34,1137.25,1,No
3238-XTOXU,Male,0,Yes,No,13,Yes,No,Fiber optic,Yes,No,No,Yes,No,No,Month-to-month,No,Electronic check,90.78,1218.86,1,Yes
3239-DVBRB,Female,0,No,No,72,Yes,No,DSL,Yes,No,No,No,No,Yes,Month-to-month,Yes,Bank transfer (automatic),62.14,4439.83,0,No
3240-YOZSO,Male,0,Yes,No,23,Yes,Yes,Fiber optic,No,No,Yes,No,No,Yes,Two year,Yes,Electronic check,81.8,1899.93,1,No
3241-ZTJXT,Female,0,No,No,31,Yes,Yes,Fiber optic,Yes,No,Yes,Yes,Yes,Yes,Month-to-month,Yes,Bank transfer (automatic),70.82,2215.51,3,No
3242-KZJWE,Female,0,Yes,No,17,Yes,Yes,No,No internet service,No internet service,No internet service,No internet service,No internet service,No internet service,One year,Yes,Bank transfer (automatic),18.66,367.07,1,No
3243-ITSMR,Female,0,No,No,48,Yes,No,Fiber optic,No,Yes,No,No,Yes,No,Two year,Yes,Credit card (automatic),89.68,4303.92,0,No
3244-QFJBX,Female,0,No,No,13,Yes,Yes,No,No internet service,No internet service,No internet service,No internet service,No internet service,No internet service,Month-to-month,Yes,Mailed check,18.0,162.71,1,No
3245-FUMRG,Male,1,Yes,Yes,53,Yes,Yes,Fiber optic,No,No,Yes,No,Yes,No,One year,No,Electronic check,73.3,3769.68,0,No
3246-BNERK,Male,1,No,No,3,Yes,Yes,No,No internet service,No internet service,No internet service,No internet service,No internet service,No internet service,Two year,Yes,Credit card (automatic),18.33,18.0,1,No
3247-JKBOG,Male,0,No,No,39,No,No phone service,No,No internet service,No internet service,No internet service,No internet service,No internet service,No internet service,Month-to-month,Yes,Bank transfer (automatic),18.0,765.47,3,No
3248-IEGTB,Female,1,No,No,20,Yes,No,DSL,No,No,Yes,No,No,Yes,Month-to-month,Yes,Credit card (automatic),46.73,975.24,6,Yes
3249-CBUVW,Male,1,No,No,38,Yes,No,No,No internet service,No internet service,No internet service,No internet service,No internet service,No internet service,Two year,Yes,Mailed check,18.61,751.2,2,No
3250-SDXTG,Female,0,No,No,24,Yes,No,Fiber optic,Yes,No,No,Yes,No,No,Two year,Yes,Bank transfer (automatic),80.26,1864.17,2,No
3251-VGQSV,Male,0,No,No,4,Yes,No,Fiber optic,No,No,Yes,Yes,No,No,Month-to-month,Yes,Credit card (automatic),57.32,250.86,2,Yes
3252-PCONO,Female,1,Yes,Yes,20,Yes,No,No,No internet service,No internet service,No internet service,No internet service,No internet service,No internet service,Month-to-month,No,Electronic check,18.0,310.41,1,No
3253-NGYCQ,Female,0,Yes,Yes,72,Yes,Yes,DSL,No,No,No,Yes,No,No,One year,No,Bank transfer (automatic),40.27,2892.43,3,No
3254-JOFQQ,Female,0,Yes,Yes,44,Yes,No,No,No internet service,No internet service,No internet service,No internet service,No internet service,No internet service,Month-to-month,No,Mailed check,26.39,1100.81,1,No
3255-NXYRY,Male,0,Yes,No,11,Yes,No,No,No internet service,No internet service,No internet service,No internet service,No internet service,No internet service,Month-to-month,Yes,Mailed check,19.98,234.63,3,No
3256-EHGWD,Male,0,No,Yes,72,Yes,No,No,No internet service,No internet service,No internet service,No internet service,No internet service,No internet service,Two year,No,Electronic check,18.0,1257.13,0,No
3257-REPNS,Male,0,Yes,No,48,Yes,Yes,No,No internet service,No internet service,No internet service,No internet service,No internet service,No internet service,One year,No,Bank transfer (automatic),18.0,902.79,2,No
3258-NIFQS,Male,0,No,Yes,14,Yes,Yes,DSL,Yes,Yes,Yes,No,No,No,One year,Yes,Electronic check,59.69,862.84,2,No
3259-LDPYK,Female,0,Yes,Yes,29,Yes,No,Fiber optic,Yes,No,Yes,Yes,No,No,One year,No,Electronic check,78.21,2253.93,2,No
3260-VDQHN,Female,0,Yes,Yes,17,Yes,No,Fiber optic,No,Yes,No,No,Yes,No,One year,Yes,Electronic check,54.93,851.02,2,No
3261-BKKXV,Female,1,No,Yes,3,Yes,No,DSL,No,No,No,No,No,Yes,Two year,Yes,Electronic check,47.31,124.3,0,No
3262-XFUUN,Female,0,Yes,No,52,Yes,No,No,No internet service,No internet service,No internet service,No internet service,No internet service,No internet service,One year,No,Electronic check,20.52,1069.96,0,No
3263-JZHGH,Male,0,No,No,6,Yes,Yes,DSL,No,Yes,No,No,Yes,No,Month-to-month,Yes,Mailed check,54.26,311.11,3,No
3264-HWBPI,Male,0,No,No,19,Yes,Yes,Fiber optic,Yes,No,Yes,Yes,No,No,Month-to-month,Yes,Electronic check,69.65,1330.21,0,Yes
3265-MWLVY,Female,0,No,No,38,Yes,No,DSL,No,No,No,No,No,No,Month-to-month,Yes,Electronic check,51.69,1992.86,3,No
3266-QBMAZ,Male,1,No,No,72,Yes,No,DSL,Yes,Yes,No,No,No,Yes,Month-to-month,No,Credit card (automatic),41.51,2949.54,3,No
3267-SKEAT,Female,0,No,No,2,Yes,No,Fiber optic,No,No,No,Yes,No,No,Two year,Yes,Mailed check,60.49,147.41,2,No
3268-MHFQL,Female,0,No,No,15,Yes,Yes,Fiber optic,Yes,No,Yes,Yes,No,No,Month-to-month,Yes,Mailed check,56.29,885.83,3,No
3269-ACNZH,Female,0,Yes,No,30,Yes,Yes,DSL,No,No,No,No,No,Yes,Month-to-month,Yes,Credit card (automatic),46.94,1430.61,3,Yes
3270-KNHCG,Male,0,No,Yes,48,Yes,Yes,DSL,No,No,No,No,No,No,Two year,Yes,Bank transfer (automatic),36.05,1789.96,1,No
3271-SDYPM,Female,0,No,No,72,Yes,Yes,Fiber optic,No,No,No,No,No,No,Month-to-month,Yes,Mailed check,67.86,4846.7,2,No
3272-TSEWE,Male,0,No,Yes,1,Yes,Yes,No,No internet service,No internet service,No internet service,No internet service,No internet service,No internet service,Month-to-month,Yes,Electronic check,29.54,18.0,2,No
3273-TXDBZ,Female,0,Yes,No,31,No,No phone service,DSL,No,No,No,No,Yes,No,Month-to-month,No,Bank transfer (automatic),43.94,1413.38,3,No
3274-MPVBS,Male,0,No,No,1,Yes,Yes,Fiber optic,No,Yes,No,Yes,No,Yes,Month-to-month,No,Electronic check,58.59,61.36,1,Yes
3275-QEYRW,Male,1,No,No,49,Yes,Yes,Fiber optic,No,No,Yes,No,No,No,Month-to-month,Yes,Electronic check,62.46,3061.35,1,No
3276-URHOM,Female,0,Yes,No,5,Yes,Yes,No,No internet service,No internet service,No internet service,No internet service,No internet service,No internet service,Month-to-month,No,Bank transfer (automatic),27.45,207.9,0,Yes
3277-MPVTM,Female,0,No,Yes,72,Yes,No,DSL,No,No,No,No,Yes,No,Month-to-month,No,Bank transfer (automatic),37.92,2665.9,4,No
3278-TBCOW,Male,0,No,No,5,Yes,No,DSL,No,No,Yes,No,No,No,Month-to-month,Yes,Credit card (automatic),47.62,192.35,2,No
3279-SMEZV,Male,0,No,No,46,Yes,Yes,DSL,No,No,No,Yes,No,Yes,Two year,No,Bank transfer (automatic),58.05,2739.31,1,No
3280-FNDVS,Male,0,Yes,Yes,10,Yes,No,No,No internet service,No internet service,No internet service,No internet service,No internet service,No internet service,Month-to-month,Yes,Bank transfer (automatic),18.0,152.44,0,No
3281-WGDBG,Female,1,Yes,No,26,Yes,No,No,No internet service,No internet service,No internet service,No internet service,No internet service,No internet service,Month-to-month,No,Mailed check,29.89,732.61,1,No
3282-COABJ,Female,0,No,No,30,No,No phone service,No,No internet service,No internet service,No internet service,No internet service,No internet service,No internet service,Two year,No,Electronic check,30.45,928.46,2,No
3283-PYOXO,Male,0,No,Yes,7,Yes,No,Fiber optic,No,No,No,No,No,Yes,Two year,Yes,Mailed check,78.13,585.06,1,Yes
3284-NVNFN,Male,0,Yes,Yes,11,No,No phone service,DSL,No,No,No,No,No,No,Two year,Yes,Electronic check,42.55,449.75,1,No
3285-QRTSQ,Male,0,Yes,No,3,Yes,Yes,DSL,No,No,No,No,Yes,Yes,One year,Yes,Credit card (automatic),47.52,146.02,2,No
3286-PHGTL,Female,0,Yes,No,1,Yes,Yes,No,No internet service,No internet service,No internet service,No internet service,No internet service,No internet service,Month-to-month,Yes,Mailed check,19.06,31.97,0,Yes
3287-INTAJ,Female,0,No,Yes,8,Yes,Yes,Fiber optic,Yes,No,Yes,Yes,No,Yes,One year,Yes,Credit card (automatic),69.86,584.33,2,Yes
3288-QQQDQ,Male,0,No,No,23,Yes,No,Fiber optic,No,No,Yes,No,No,Yes,One year,Yes,Credit card (automatic),61.42,1435.9,1,No
3289-RTWBH,Male,0,No,No,40,Yes,Yes,Fiber optic,Yes,No,Yes,No,No,No,One year,No,Electronic check,53.79,2168.9,2,No
3290-MWYVT,Female,0,No,No,50,Yes,No,DSL,No,No,Yes,Yes,No,Yes,Month-to-month,Yes,Bank transfer (automatic),32.77,1587.64,0,No
3291-VOTWI,Female,0,No,No,2,Yes,No,No,No internet service,No internet service,No internet service,No internet service,No internet service,No internet service,Two year,No,Credit card (automatic),35.61,61.73,2,No
3292-CCBAN,Male,0,No,Yes,10,Yes,No,Fiber optic,No,No,No,Yes,No,No,One year,Yes,Mailed check,91.71,862.29,3,No
3293-QMSWO,Male,0,Yes,No,47,Yes,No,Fiber optic,No,No,No,Yes,No,No,One year,Yes,Electronic check,96.63,4591.15,1,No
3294-YNBGQ,Male,0,No,Yes,20,Yes,No,Fiber optic,No,No,No,Yes,No,No,Month-to-month,Yes,Mailed check,68.04,1340.27,2,Yes
3295-RFUHB,Female,0,Yes,No,6,Yes,Yes,No,No internet service,No internet service,No internet service,No internet service,No internet service,No internet service,Month-to-month,Yes,Electronic check,18.0,113.39,0,No
3296-APGVX,Male,0,No,No,15,Yes,Yes,DSL,No,No,No,No,Yes,Yes,Month-to-month,Yes,Credit card (automatic),49.15,731.86,4,Yes
3297-KOMXB,Male,0,Yes,No,10,Yes,Yes,DSL,No,No,No,No,No,Yes,One year,No,Bank transfer (automatic),38.68,360.1,0,No
3298-NXFIG,Male,0,Yes,No,1,No,No phone service,DSL,No,Yes,No,No,Yes,No,Month-to-month,No,Electronic check,62.32,53.57,1,Yes
3299-RXIWD,Female,0,Yes,No,46,Yes,Yes,DSL,No,No,No,No,Yes,No,Two year,No,Credit card (automatic),46.03,2058.17,2,No
3300-IDLDY,Female,0,No,Yes,11,Yes,No,Fiber optic,Yes,No,Yes,Yes,Yes,No,Month-to-month,No,Mailed check,75.41,801.81,3,Yes
3301-XTNXX,Female,0,Yes,No,72,Yes,No,Fiber optic,Yes,No,No,Yes,Yes,Yes,Two year,Yes,Credit card (automatic),54.79,3937.61,2,No
3302-GZMVH,Male,1,Yes,Yes,70,Yes,Yes,No,No internet service,No internet service,No internet service,No internet service,No internet service,No internet service,Month-to-month,No,Credit card (automatic),28.95,2052.07,2,No
3303-WELMT,Female,0,No,No,40,Yes,Yes,Fiber optic,No,No,Yes,Yes,Yes,No,Month-to-month,No,Bank transfer (automatic),58.03,2276.88,1,Yes
3304-NRXYT,Female,1,No,No,12,Yes,Yes,Fiber optic,Yes,No,Yes,No,No,No,Month-to-month,Yes,Electronic check,80.2,1038.32,1,Yes
3305-DURGO,Female,0,Yes,No,10,Yes,Yes,No,No internet service,No internet service,No internet service,No internet service,No internet service,No internet service,Month-to-month,Yes,Bank transfer (automatic),18.0,104.27,2,No
3306-UFPTX,Female,0,Yes,No,20,Yes,Yes,No,No internet service,No internet service,No internet service,No internet service,No internet service,No internet service,Month-to-month,Yes,Bank transfer (automatic),18.0,415.71,5,Yes
3307-HUPVP,Female,0,Yes,Yes,14,Yes,Yes,Fiber optic,Yes,No,Yes,No,No,Yes,Month-to-month,Yes,Credit card (automatic),74.58,990.49,0,Yes
3308-CQIYC,Male,0,No,Yes,72,Yes,Yes,DSL,No,No,No,No,No,No,Month-to-month,Yes,Electronic check,43.97,3096.19,0,Yes
3309-TGRLS,Male,0,No,No,4,Yes,Yes,DSL,No,No,Yes,No,No,No,Month-to-month,No,Bank transfer (automatic),29.61,87.14,0,No
3310-PVXQT,Male,1,Yes,No,41,Yes,Yes,DSL,Yes,No,No,No,No,Yes,Month-to-month,Yes,Credit card (automatic),36.79,1539.03,2,No
3311-OABHV,Male,0,No,Yes,30,Yes,Yes,No,No internet service,No internet service,No internet service,No internet service,No internet service,No internet service,Month-to-month,No,Electronic check,24.86,656.07,1,No
3312-YBSII,Male,0,Yes,Yes,52,Yes,Yes,Fiber optic,No,No,Yes,No,No,No,One year,No,Bank transfer (automatic),63.4,3268.12,2,No
3313-MFOSU,Female,1,Yes,Yes,25,Yes,Yes,Fiber optic,Yes,Yes,Yes,No,No,No,Month-to-month,Yes,Credit card (automatic),66.24,1666.83,2,No
3314-ORGZK,Female,0,No,No,31,Yes,Yes,No,No internet service,No internet service,No internet service,No internet service,No internet service,No internet service,Month-to-month,No,Mailed check,18.56,555.47,1,No
3315-HFHBS,Male,0,Yes,No,72,Yes,No,Fiber optic,Yes,No,No,Yes,No,Yes,Month-to-month,No,Electronic check,61.53,4414.02,2,No
3316-PGJLQ,Female,1,No,No,3,Yes,No,DSL,No,No,Yes,No,Yes,Yes,One year,No,Bank transfer (automatic),37.7,137.36,1,No
3317-GVHGD,Male,0,No,No,3,Yes,Yes,DSL,No,No,No,No,Yes,No,Two year,No,Electronic check,35.34,149.82,2,No
3318-CSODY,Male,0,Yes,No,16,Yes,Yes,No,No internet service,No internet service,No internet service,No internet service,No internet service,No internet service,Two year,Yes,Mailed check,34.7,540.94,1,Yes
3319-IMRUP,Female,0,No,Yes,20,Yes,Yes,Fiber optic,Yes,No,No,No,Yes,Yes,Month-to-month,Yes,Electronic check,80.67,1630.51,0,No
3320-ADRHT,Male,0,No,No,7,No,No phone service,Fiber optic,No,No,Yes,No,No,No,One year,Yes,Mailed check,69.2,515.03,2,No
3321-PUKTU,Female,0,No,No,2,Yes,Yes,DSL,No,Yes,No,No,Yes,Yes,Month-to-month,No,Credit card (automatic),42.63,24.96,2,No
3322-UUSWS,Male,0,Yes,Yes,1,Yes,No,DSL,Yes,Yes,Yes,Yes,No,Yes,Month-to-month,Yes,Credit card (automatic),53.71,48.42,2,Yes
3323-RSKCH,Female,0,Yes,No,46,No,No phone service,DSL,No,No,No,Yes,No,No,One year,No,Electronic check,41.74,1835.86,0,No
3324-TSJPE,Female,1,Yes,No,21,Yes,No,Fiber optic,No,No,No,Yes,Yes,No,Month-to-month,Yes,Bank transfer (automatic),49.9,1117.96,1,No
3325-TIHKP,Female,0,No,No,59,Yes,No,Fiber optic,Yes,Yes,No,Yes,No,No,Two year,Yes,Electronic check,63.65,3802.4,3,No
3326-GOXUT,Female,0,Yes,No,14,No,No phone service,No,No internet service,No internet service,No internet service,No internet service,No internet service,No internet service,Month-to-month,No,Bank transfer (automatic),23.51,303.26,4,Yes
3327-WQFOH,Female,0,Yes,No,38,Yes,No,No,No internet service,No internet service,No internet service,No internet service,No internet service,No internet service,Month-to-month,No,Bank transfer (automatic),18.0,698.15,0,No
3328-GBMWF,Female,0,No,No,21,Yes,Yes,Fiber optic,No,No,No,No,No,Yes,Two year,Yes,Mailed check,72.79,1395.82,1,No
3329-ETARO,Male,0,Yes,No,30,Yes,No,No,No internet service,No internet service,No internet service,No internet service,No internet service,No internet service,Month-to-month,Yes,Mailed check,23.99,803.42,3,No
3330-WJCEX,Male,0,Yes,No,14,Yes,Yes,No,No internet service,No internet service,No internet service,No internet service,No internet service,No internet service,Month-to-month,No,Mailed check,37.94,496.7,0,No
3331-MHVUB,Female,0,No,Yes,2,Yes,No,Fiber optic,No,No,No,Yes,No,No,One year,No,Electronic check,69.53,170.86,3,Yes
3332-IQRMA,Female,0,No,No,72,Yes,No,Fiber optic,No,No,No,No,Yes,Yes,Two year,Yes,Mailed check,84.55,6030.47,2,No
3333-LTTUE,Male,1,Yes,Yes,57,Yes,Yes,Fiber optic,No,No,Yes,No,No,No,Month-to-month,Yes,Credit card (automatic),75.86,4403.75,1,No
3334-HOCFM,Male,0,Yes,No,11,Yes,No,DSL,No,No,No,No,No,No,Month-to-month,Yes,Electronic check,41.12,457.56,1,No
3335-LSRXA,Male,0,Yes,No,72,Yes,Yes,No,No internet service,No internet service,No internet service,No internet service,No internet service,No internet service,Month-to-month,Yes,Mailed check,38.18,2636.11,1,No
3336-YGLJL,Male,1,Yes,Yes,11,Yes,Yes,No,No internet service,No internet service,No internet service,No internet service,No internet service,No internet service,Month-to-month,No,Electronic check,41.3,472.56,0,No
3337-KDSFY,Male,0,No,No,18,Yes,No,DSL,Yes,Yes,No,No,No,No,One year,No,Bank transfer (automatic),41.23,744.13,1,No
3338-ITJEM,Female,0,No,No,45,Yes,Yes,DSL,No,No,No,Yes,Yes,No,Month-to-month,No,Electronic check,43.6,1911.04,3,No
3339-IBRUA,Male,0,No,No,11,Yes,No,Fiber optic,No,No,No,No,Yes,Yes,One year,Yes,Credit card (automatic),80.95,922.46,0,No
3340-XULJB,Male,0,No,No,12,Yes,Yes,Fiber optic,Yes,Yes,No,No,Yes,No,One year,No,Mailed check,80.17,946.94,0,No
3341-IBWXV,Male,0,No,No,16,Yes,Yes,DSL,No,No,Yes,Yes,No,No,Two year,No,Bank transfer (automatic),41.41,700.64,2,No
3342-NKWKQ,Female,0,No,No,20,Yes,No,No,No internet service,No internet service,No internet service,No internet service,No internet service,No internet service,One year,No,Bank transfer (automatic),24.76,463.12,0,No
3343-DMGPA,Male,0,No,Yes,4,Yes,No,DSL,No,Yes,No,Yes,No,No,Two year,No,Electronic check,42.6,155.09,0,No
3344-MAKFT,Male,0,No,Yes,1,Yes,Yes,Fiber optic,No,No,Yes,No,No,Yes,One year,Yes,Mailed check,48.52,47.42,2,No
3345-CLEIZ,Female,0,No,Yes,72,Yes,Yes,No,No internet service,No internet service,No internet service,No internet service,No internet service,No internet service,Month-to-month,Yes,Credit card (automatic),26.25,1908.9,2,Yes
3346-ZLJSE,Female,0,Yes,Yes,13,Yes,No,Fiber optic,Yes,No,No,No,No,Yes,Two year,Yes,Mailed check,80.23,1032.45,3,No
3347-ZEIZT,Male,0,Yes,Yes,3,Yes,No,Fiber optic,No,Yes,Yes,Yes,Yes,No,Month-to-month,No,Mailed check,47.53,181.23,1,No
3348-QJUAV,Female,0,No,No,45,Yes,No,No,No internet service,No internet service,No internet service,No internet service,No internet service,No internet service,Month-to-month,No,Bank transfer (automatic),30.89,1305.31,1,No
3349-PZZOW,Male,0,Yes,No,11,Yes,No,No,No internet service,No internet service,No internet service,No internet service,No internet service,No internet service,One year,Yes,Bank transfer (automatic),18.0,288.55,2,No
3350-QZTYM,Male,1,No,No,6,No,No phone service,DSL,Yes,No,No,Yes,No,No,Month-to-month,Yes,Electronic check,41.44,294.27,2,Yes
3351-AYHEF,Female,0,No,No,72,No,No phone service,DSL,Yes,Yes,No,Yes,Yes,No,Month-to-month,No,Bank transfer (automatic),37.13,2715.35,3,No
3352-WTNVW,Male,0,No,No,72,Yes,Yes,Fiber optic,Yes,No,No,No,No,No,Month-to-month,No,Credit card (automatic),80.3,5787.81,1,No
3353-KFKML,Female,0,No,No,3,No,No phone service,No,No internet service,No internet service,No internet service,No internet service,No internet service,No internet service,Month-to-month,No,Electronic check,20.39,24.31,1,No
3354-VBUCW,Female,0,Yes,No,72,Yes,No,No,No internet service,No internet service,No internet service,No internet service,No internet service,No internet service,Two year,No,Bank transfer (automatic),18.0,1337.17,2,No
3355-DQVFG,Female,0,Yes,No,70,Yes,No,DSL,No,No,Yes,Yes,No,No,One year,Yes,Electronic check,40.98,2897.53,1,No
3356-OKXCF,Female,0,No,No,32,Yes,No,Fiber optic,No,Yes,No,No,Yes,No,One year,No,Electronic check,77.35,2453.35,1,Yes
3357-ZBNIR,Male,0,Yes,Yes,24,Yes,No,Fiber optic,No,Yes,No,Yes,No,No,Month-to-month,No,Electronic check,78.47,1875.47,1,No
3358-SLMZL,Male,0,No,No,7,Yes,No,DSL,No,Yes,No,No,No,No,Month-to-month,Yes,Bank transfer (automatic),43.23,293.35,2,Yes
3359-LRIQU,Male,1,Yes,No,4,Yes,Yes,Fiber optic,No,Yes,No,No,Yes,No,One year,No,Bank transfer (automatic),68.11,227.2,2,No
3360-PQUXH,Female,0,Yes,No,29,Yes,Yes,Fiber optic,No,No,No,No,Yes,No,Month-to-month,Yes,Electronic check,81.55,2393.73,3,Yes
3361-KXBHL,Male,0,Yes,No,55,Yes,Yes,DSL,No,Yes,No,No,No,No,Month-to-month,Yes,Electronic check,45.25,2472.14,2,Yes
3362-UAWMV,Female,0,No,No,37,Yes,No,Fiber optic,No,No,Yes,No,No,Yes,Month-to-month,Yes,Credit card (automatic),78.44,2921.96,1,Yes
3363-UQNNP,Male,0,Yes,No,6,Yes,No,No,No internet service,No internet service,No internet service,No internet service,No internet service,No internet service,One year,Yes,Bank transfer (automatic),18.0,117.22,4,No
3364-QFZGZ,Female,0,Yes,No,10,Yes,No,No,No internet service,No internet service,No internet service,No internet service,No internet service,No internet service,One year,No,Mailed check,18.0,92.14,0,No
3365-ZAYOT,Male,0,Yes,No,25,Yes,Yes,No,No internet service,No internet service,No internet service,No internet service,No internet service,No internet service,Month-to-month,No,Electronic check,19.43,542.76,0,Yes
3366-URZMX,Male,0,Yes,No,31,Yes,No,No,No internet service,No internet service,No internet service,No internet service,No internet service,No internet service,Two year,No,Credit card (automatic),42.11,1410.1,0,No
3367-BSOLO,Female,0,Yes,No,2,Yes,Yes,DSL,No,No,Yes,No,Yes,No,One year,Yes,Mailed check,40.14,41.26,1,No
3368-YRNFL,Male,0,Yes,Yes,30,Yes,No,No,No internet service,No internet service,No internet service,No internet service,No internet service,No internet service,Month-to-month,Yes,Credit card (automatic),18.0,537.1,2,Yes
3369-TWFZI,Female,0,No,No,42,Yes,Yes,DSL,No,Yes,Yes,Yes,No,No,Month-to-month,No,Electronic check,52.07,2260.69,0,No
3370-YZDQB,Female,0,Yes,Yes,6,Yes,Yes,No,No internet service,No internet service,No internet service,No internet service,No internet service,No internet service,Two year,Yes,Credit card (automatic),27.25,188.85,2,No
3371-PXNZH,Male,0,Yes,No,9,Yes,Yes,Fiber optic,No,Yes,No,No,Yes,No,Month-to-month,Yes,Mailed check,71.54,553.19,0,Yes
3372-NBPDA,Male,1,No,No,9,Yes,No,DSL,No,No,No,No,No,No,Month-to-month,Yes,Credit card (automatic),53.11,464.32,0,Yes
3373-WTNHY,Male,0,Yes,No,72,Yes,No,Fiber optic,No,No,Yes,No,No,Yes,One year,Yes,Electronic check,72.03,5166.25,1,No
3374-YCEFV,Female,0,No,No,16,Yes,Yes,Fiber optic,Yes,Yes,No,No,No,No,One year,Yes,Credit card (automatic),87.06,1350.99,2,No
3375-ZHFFD,Female,0,Yes,No,24,Yes,No,Fiber optic,No,No,No,Yes,No,No,One year,Yes,Electronic check,84.37,2014.44,1,Yes
3376-GXSGC,Female,0,Yes,No,41,Yes,No,Fiber optic,No,Yes,Yes,Yes,No,Yes,Month-to-month,No,Electronic check,79.65,3299.2,1,No
3377-HAANF,Female,0,Yes,No,14,Yes,No,No,No internet service,No internet service,No internet service,No internet service,No internet service,No internet service,Month-to-month,Yes,Mailed check,28.42,352.8,0,Yes
3378-JYNDF,Female,0,No,No,3,Yes,No,Fiber optic,Yes,No,No,No,No,No,Month-to-month,No,Bank transfer (automatic),92.02,328.11,2,No
3379-PUAFI,Female,0,No,No,33,Yes,Yes,Fiber optic,No,No,Yes,No,Yes,No,Month-to-month,No,Mailed check,71.22,2402.2,1,No
3380-OLCKO,Female,0,Yes,No,35,Yes,No,No,No internet service,No internet service,No internet service,No internet service,No internet service,No internet service,Two year,Yes,Bank transfer (automatic),18.0,612.86,2,No
3381-CNBDZ,Female,1,No,No,9,No,No phone service,DSL,No,No,No,No,No,No,Two year,No,Credit card (automatic),49.83,402.76,1,No
3382-SLBQC,Female,0,No,No,1,Yes,Yes,Fiber optic,No,No,Yes,No,No,Yes,Month-to-month,No,Credit card (automatic),76.38,141.53,1,Yes
3383-JPVIK,Male,0,Yes,No,35,Yes,No,No,No internet service,No internet service,No internet service,No internet service,No internet service,No internet service,Month-to-month,Yes,Credit card (automatic),18.0,531.18,1,No
3384-UOCPU,Female,0,No,No,38,Yes,Yes,Fiber optic,Yes,Yes,No,No,Yes,Yes,Month-to-month,No,Credit card (automatic),76.81,2970.11,0,Yes
3385-UULWE,Female,0,No,No,1,Yes,No,Fiber optic,No,No,Yes,Yes,No,Yes,Month-to-month,No,Electronic check,57.13,92.26,0,Yes
3386-GIURU,Male,0,Yes,No,37,Yes,No,DSL,Yes,No,Yes,No,No,No,One year,No,Bank transfer (automatic),46.38,1772.72,1,No
3387-HLTBJ,Male,0,Yes,Yes,72,No,No phone service,DSL,No,No,No,No,No,No,Month-to-month,Yes,Bank transfer (automatic),71.0,4982.67,0,No
3388-SIYXH,Female,0,No,Yes,6,Yes,No,DSL,No,Yes,Yes,No,No,No,Month-to-month,No,Electronic check,53.56,325.18,1,No
3389-XXXAF,Male,0,No,No,23,Yes,No,DSL,No,No,Yes,No,Yes,Yes,Two year,Yes,Mailed check,52.87,1171.24,2,Yes
3390-LYXSQ,Male,0,Yes,No,38,Yes,No,Fiber optic,No,No,No,No,No,No,One year,Yes,Bank transfer (automatic),59.13,2254.07,0,No
3391-BKRWV,Female,0,No,No,8,Yes,Yes,DSL,No,Yes,No,Yes,No,No,Month-to-month,No,Electronic check,30.04,254.65,1,Yes
3392-KRHOI,Female,0,Yes,No,44,Yes,No,DSL,No,No,Yes,No,Yes,No,Month-to-month,No,Bank transfer (automatic),38.46,1787.73,2,No
3393-OGTMM,Male,0,No,No,64,Yes,Yes,No,No internet service,No internet service,No internet service,No internet service,No internet service,No internet service,One year,No,Electronic check,31.18,1937.48,1,No
3394-ATDXD,Female,0,No,No,53,Yes,Yes,DSL,No,No,Yes,No,Yes,No,Month-to-month,Yes,Bank transfer (automatic),56.98,2985.06,1,Yes
3395-DMBZW,Male,0,No,No,9,Yes,No,Fiber optic,No,Yes,Yes,No,No,Yes,Month-to-month,Yes,Electronic check,82.84,688.02,1,No
3396-ODFCG,Female,0,No,No,52,Yes,No,DSL,Yes,No,Yes,Yes,Yes,Yes,One year,Yes,Bank transfer (automatic),64.95,3403.45,1,No
3397-FCDJU,Female,0,Yes,No,17,No,No phone service,Fiber optic,Yes,No,No,No,No,Yes,Two year,No,Bank transfer (automatic),80.89,1461.59,3,No
3398-IFTKG,Male,0,Yes,No,9,Yes,Yes,DSL,No,Yes,No,No,Yes,Yes,Month-to-month,Yes,Bank transfer (automatic),39.47,358.55,0,Yes
3399-RDEDD,Male,0,No,Yes,5,Yes,No,DSL,No,No,Yes,No,Yes,No,Month-to-month,Yes,Electronic check,40.66,184.9,1,Yes
3400-MPYNK,Male,0,Yes,Yes,72,Yes,No,No,No internet service,No internet service,No internet service,No internet service,No internet service,No internet service,Two year,No,Bank transfer (automatic),18.49,1399.78,0,No
3401-BVNXX,Male,1,Yes,No,17,Yes,No,Fiber optic,No,No,No,No,No,Yes,Month-to-month,No,Mailed check,48.96,868.87,4,Yes
3402-GZKDG,Male,0,No,No,64,Yes,No,Fiber optic,Yes,No,Yes,No,No,No,Month-to-month,Yes,Mailed check,57.08,3532.67,1,Yes
3403-PZFFB,Female,0,Yes,No,5,Yes,Yes,DSL,Yes,Yes,No,Yes,No,Yes,One year,No,Bank transfer (automatic),46.32,274.3,1,No
3404-XHGYX,Female,0,No,No,46,Yes,Yes,Fiber optic,No,No,Yes,No,No,Yes,Month-to-month,No,Mailed check,64.19,2933.39,2,Yes
3405-NIOYV,Male,0,Yes,Yes,3,Yes,Yes,Fiber optic,Yes,Yes,Yes,No,Yes,No,Month-to-month,No,Credit card (automatic),72.89,158.56,3,No
3406-RLWSM,Male,0,No,No,1,Yes,Yes,DSL,No,Yes,No,Yes,No,No,Month-to-month,Yes,Electronic check,44.16,115.68,0,Yes
3407-GYJJB,Male,0,Yes,No,72,Yes,Yes,Fiber optic,Yes,No,No,Yes,Yes,Yes,Month-to-month,Yes,Bank transfer (automatic),79.21,5655.33,3,No
3408-NMVFI,Female,0,Yes,No,2,No,No phone service,DSL,No,No,No,Yes,Yes,Yes,One year,Yes,Electronic check,57.48,64.82,2,No
3409-MIMEN,Female,0,No,Yes,19,Yes,Yes,Fiber optic,No,No,No,Yes,No,Yes,One year,No,Credit card (automatic),69.06,1247.06,1,No
3410-EIHGH,Male,0,No,No,67,Yes,No,No,No internet service,No internet service,No internet service,No internet service,No internet service,No internet service,Month-to-month,No,Mailed check,18.0,1150.99,3,No
3411-VCWXO,Female,1,No,No,54,Yes,No,DSL,No,Yes,Yes,No,Yes,No,Month-to-month,Yes,Bank transfer (automatic),51.12,2720.99,0,No
3412-HAGSB,Female,0,No,No,20,Yes,No,Fiber optic,No,Yes,No,No,No,No,Month-to-month,Yes,Electronic check,85.76,1722.02,4,Yes
3413-NRONX,Male,0,Yes,No,30,Yes,Yes,Fiber optic,Yes,Yes,Yes,No,Yes,Yes,Month-to-month,Yes,Credit card (automatic),62.95,1848.67,0,Yes
3414-YSSVZ,Male,0,No,Yes,31,Yes,No,DSL,No,No,No,No,Yes,No,One year,No,Credit card (automatic),40.33,1237.5,3,No
3415-QVSPT,Female,1,Yes,No,3,Yes,No,No,No internet service,No internet service,No internet service,No internet service,No internet service,No internet service,One year,No,Mailed check,18.0,27.46,4,No
3416-YSASG,Female,0,Yes,No,10,Yes,No,DSL,Yes,Yes,Yes,No,No,No,One year,No,Credit card (automatic),36.37,367.56,1,No
3417-WKEQK,Female,0,Yes,No,11,Yes,No,Fiber optic,No,Yes,No,No,Yes,No,Month-to-month,No,Bank transfer (automatic),52.38,619.37,1,Yes
3418-XZHJL,Female,0,Yes,No,15,No,No phone service,Fiber optic,No,No,No,No,No,Yes,Two year,Yes,Electronic check,70.99,1039.4,1,Yes
3419-JMZRJ,Female,0,Yes,No,10,Yes,Yes,DSL,Yes,No,No,Yes,Yes,Yes,One year,Yes,Credit card (automatic),57.59,578.44,2,No
3420-STQTP,Male,0,Yes,No,9,No,No phone service,Fiber optic,No,Yes,Yes,No,Yes,Yes,Month-to-month,No,Bank transfer (automatic),83.67,729.92,1,Yes
3421-ECOZB,Female,0,No,No,14,Yes,No,Fiber optic,No,No,No,No,No,Yes,Month-to-month,No,Credit card (automatic),64.49,955.12,2,No
3422-MVHWQ,Male,0,Yes,No,15,Yes,No,No,No internet service,No internet service,No internet service,No internet service,No internet service,No internet service,Two year,No,Mailed check,26.04,328.75,2,Yes
3423-DSVYI,Male,0,No,No,21,Yes,No,Fiber optic,No,No,Yes,Yes,No,No,Month-to-month,No,Mailed check,57.21,1306.36,0,No
3424-WOIXU,Female,0,No,No,6,Yes,No,Fiber optic,No,No,Yes,Yes,Yes,No,One year,Yes,Electronic check,73.32,383.86,1,No
3425-INWUP,Male,0,No,No,49,Yes,No,Fiber optic,No,Yes,Yes,No,No,No,Month-to-month,No,Electronic check,41.24,2102.95,2,Yes
3426-XWYZQ,Female,0,Yes,Yes,63,Yes,Yes,Fiber optic,Yes,No,No,No,No,No,Month-to-month,Yes,Electronic check,73.39,4592.14,2,No
3427-MIOGA,Male,0,No,No,9,Yes,No,No,No internet service,No internet service,No internet service,No internet service,No internet service,No internet service,Two year,No,Bank transfer (automatic),18.0,135.18,1,No
3428-AEXIL,Female,0,No,No,4,Yes,No,Fiber optic,No,Yes,Yes,No,Yes,Yes,Month-to-month,Yes,Mailed check,61.88,200.41,2,Yes
3429-FMZHO,Male,0,No,No,41,Yes,Yes,DSL,No,No,No,No,Yes,Yes,One year,Yes,Bank transfer (automatic),61.83,2496.98,2,No
3430-FFDKU,Female,0,Yes,No,72,Yes,No,Fiber optic,No,No,No,No,Yes,Yes,Month-to-month,No,Bank transfer (automatic),64.65,4601.92,1,No
3431-RCCLU,Female,0,Yes,No,1,Yes,No,Fiber optic,No,No,No,No,Yes,No,Month-to-month,Yes,Mailed check,68.38,87.79,1,No
3432-UFUFH,Male,0,Yes,No,1,Yes,Yes,DSL,No,No,No,No,Yes,Yes,Two year,No,Bank transfer (automatic),31.34,18.0,0,No
3433-ORTPF,Male,0,Yes,No,6,Yes,Yes,DSL,No,Yes,No,No,No,No,Month-to-month,Yes,Mailed check,39.73,128.97,0,No
3434-UQISR,Male,1,No,No,36,Yes,No,Fiber optic,Yes,No,No,No,No,No,Month-to-month,No,Bank transfer (automatic),65.1,2289.77,4,No
3435-YWEFL,Female,0,No,Yes,72,Yes,Yes,No,No internet service,No internet service,No internet service,No internet service,No internet service,No internet service,One year,Yes,Electronic check,28.23,2046.78,3,No
3436-KPTQT,Male,0,Yes,No,44,Yes,Yes,DSL,No,Yes,Yes,Yes,Yes,Yes,One year,Yes,Bank transfer (automatic),63.2,2832.47,3,No
3437-IAZCU,Male,0,Yes,Yes,27,Yes,No,Fiber optic,No,No,No,No,No,No,Month-to-month,Yes,Electronic check,80.09,2260.46,1,Yes
3438-WIVSM,Female,0,Yes,No,38,Yes,No,Fiber optic,No,No,Yes,Yes,No,No,One year,Yes,Credit card (automatic),85.46,3272.0,1,No
3439-WNTSW,Female,0,Yes,No,8,Yes,Yes,DSL,No,No,Yes,Yes,No,No,Two year,No,Mailed check,59.34,550.53,3,No
3440-GDLWN,Male,0,No,Yes,37,Yes,No,No,No internet service,No internet service,No internet service,No internet service,No internet service,No internet service,Two year,No,Electronic check,18.0,727.24,1,No
3441-BARTH,Male,0,No,Yes,12,Yes,No,Fiber optic,No,No,No,No,No,Yes,Month-to-month,No,Mailed check,84.33,941.16,2,Yes
3442-CZFVM,Female,0,Yes,Yes,8,Yes,Yes,Fiber optic,Yes,No,No,Yes,No,Yes,Month-to-month,Yes,Credit card (automatic),69.82,600.96,2,Yes
3443-IITIO,Female,0,Yes,Yes,8,Yes,Yes,DSL,No,No,Yes,Yes,No,Yes,Month-to-month,Yes,Bank transfer (automatic),32.79,266.95,1,No
3444-MVPBZ,Female,0,No,No,35,Yes,No,DSL,No,Yes,No,Yes,No,Yes,Month-to-month,Yes,Electronic check,42.22,1571.34,0,Yes
3445-NFBHD,Male,0,Yes,No,46,Yes,Yes,DSL,Yes,No,No,No,No,Yes,Month-to-month,Yes,Electronic check,39.83,1798.21,1,No
3446-UXNKX,Male,0,No,Yes,27,Yes,No,Fiber optic,No,No,No,Yes,Yes,No,Month-to-month,No,Mailed check,79.5,2203.26,3,Yes
3447-NLPFT,Female,0,No,Yes,2,Yes,No,No,No internet service,No internet service,No internet service,No internet service,No internet service,No internet service,Two year,Yes,Electronic check,18.0,118.74,2,No
3448-ALGHI,Female,0,No,No,1,Yes,No,Fiber optic,Yes,No,No,No,No,No,Month-to-month,Yes,Bank transfer (automatic),75.02,83.57,1,Yes
3449-BQTME,Female,0,Yes,Yes,7,Yes,No,Fiber optic,No,Yes,No,Yes,Yes,Yes,Month-to-month,Yes,Credit card (automatic),73.7,581.16,0,No
3450-JLQUF,Male,0,Yes,No,10,Yes,No,No,No internet service,No internet service,No internet service,No internet service,No internet service,No internet service,Month-to-month,Yes,Credit card (automatic),20.16,153.49,1,No
3451-COGFD,Male,1,No,Yes,16,Yes,No,No,No internet service,No internet service,No internet service,No internet service,No internet service,No internet service,One year,Yes,Credit card (automatic),21.15,353.16,2,No
3452-SECZY,Male,0,Yes,No,2,Yes,Yes,Fiber optic,Yes,No,No,No,Yes,No,Month-to-month,No,Electronic check,69.92,218.66,4,No
3453-IFMVT,Male,0,Yes,No,41,No,No phone service,DSL,No,No,Yes,No,No,No,Month-to-month,Yes,Credit card (automatic),33.29,1421.11,1,No
3454-DBZDH,Female,0,No,Yes,39,Yes,Yes,DSL,No,Yes,No,Yes,Yes,Yes,Month-to-month,Yes,Electronic check,40.43,1572.2,2,No
3455-MJRIA,Female,0,No,Yes,13,Yes,No,DSL,No,Yes,No,Yes,Yes,No,Month-to-month,No,Bank transfer (automatic),52.91,595.46,1,Yes
3456-MROBK,Male,0,Yes,No,26,Yes,No,Fiber optic,Yes,Yes,No,Yes,Yes,Yes,One year,Yes,Credit card (automatic),58.46,1441.28,0,No
3457-NVONP,Female,0,Yes,No,3,No,No phone service,Fiber optic,No,No,No,No,No,Yes,One year,Yes,Bank transfer (automatic),72.56,148.36,3,No
3458-WOSIE,Female,0,No,No,17,Yes,Yes,No,No internet service,No internet service,No internet service,No internet service,No internet service,No internet service,Month-to-month,No,Credit card (automatic),23.25,390.42,1,No
3459-EKTYX,Male,0,Yes,Yes,62,Yes,Yes,Fiber optic,No,Yes,No,No,No,No,Month-to-month,Yes,Mailed check,59.03,3642.99,4,Yes
3460-DTRYC,Female,0,Yes,No,34,Yes,Yes,Fiber optic,Yes,No,Yes,Yes,No,Yes,Month-to-month,No,Electronic check,80.53,2711.89,3,No
3461-DNGZH,Male,0,No,No,3,Yes,No,Fiber optic,No,Yes,Yes,No,No,No,Month-to-month,Yes,Electronic check,76.79,221.66,2,No
3462-XPTOG,Male,0,Yes,No,60,Yes,No,DSL,Yes,No,No,No,No,Yes,Two year,Yes,Electronic check,36.41,2147.3,1,No
3463-ZQVVV,Male,0,Yes,Yes,36,Yes,Yes,DSL,Yes,Yes,Yes,No,No,Yes,Month-to-month,Yes,Credit card (automatic),36.99,1325.44,1,No
3464-LRXNO,Female,0,Yes,No,19,Yes,No,Fiber optic,Yes,No,No,No,Yes,No,Month-to-month,Yes,Mailed check,72.74,1304.48,2,No
3465-OEPEB,Male,0,No,No,37,Yes,Yes,DSL,No,No,Yes,Yes,No,No,Two year,No,Mailed check,24.75,942.42,3,No
3466-TYIVI,Female,0,No,No,6,No,No phone service,Fiber optic,Yes,No,No,No,No,Yes,Month-to-month,No,Electronic check,65.01,526.95,2,Yes
3467-DOKAR,Female,1,No,No,25,Yes,Yes,DSL,No,No,Yes,No,No,No,One year,No,Electronic check,42.11,1088.8,2,No
3468-AHYPZ,Male,0,No,Yes,30,Yes,No,Fiber optic,Yes,No,Yes,No,No,No,Two year,No,Credit card (automatic),68.87,2188.45,2,No
3469-VRVIL,Male,0,No,Yes,72,Yes,No,DSL,No,No,No,Yes,No,Yes,Two year,Yes,Bank transfer (automatic),54.36,3991.63,2,No
3470-SYREB,Male,0,No,Yes,2,Yes,Yes,DSL,No,No,Yes,No,Yes,No,Two year,Yes,Electronic check,42.33,38.89,1,Yes
3471-GJOYG,Male,0,Yes,Yes,15,Yes,Yes,No,No internet service,No internet service,No internet service,No internet service,No internet service,No internet service,Two year,Yes,Credit card (automatic),24.8,337.04,0,No
3472-EOTTO,Male,0,Yes,Yes,72,Yes,No,Fiber optic,No,No,No,No,Yes,No,One year,No,Electronic check,69.28,4944.99,1,Yes
3473-JXZZN,Female,1,No,Yes,7,Yes,No,Fiber optic,Yes,No,No,No,Yes,No,Month-to-month,No,Electronic check,68.11,585.2,1,No
3474-ZZJQU,Female,1,Yes,Yes,53,Yes,Yes,Fiber optic,Yes,Yes,Yes,No,Yes,No,Month-to-month,Yes,Electronic check,68.56,3687.25,1,No
3475-NBPMI,Female,0,Yes,Yes,1,Yes,No,Fiber optic,No,No,No,No,No,No,Month-to-month,Yes,Bank transfer (automatic),60.78,67.82,2,No
3476-GPJXV,Male,0,Yes,No,1,Yes,No,Fiber optic,No,Yes,Yes,No,Yes,No,Two year,No,Bank transfer (automatic),63.25,40.19,2,No
3477-IVWGP,Male,0,No,Yes,12,Yes,No,No,No internet service,No internet service,No internet service,No internet service,No internet service,No internet service,Month-to-month,Yes,Credit card (automatic),21.0,128.73,2,No
3478-IXQTG,Female,0,No,Yes,46,Yes,No,DSL,No,Yes,Yes,No,No,No,Month-to-month,Yes,Credit card (automatic),44.98,2078.31,3,No
3479-KHGST,Male,0,No,No,3,Yes,Yes,No,No internet service,No internet service,No internet service,No internet service,No internet service,No internet service,One year,Yes,Mailed check,24.24,86.2,2,No
3480-LGHGF,Female,0,Yes,Yes,15,No,No phone service,No,No internet service,No internet service,No internet service,No internet service,No internet service,No internet service,Month-to-month,Yes,Bank transfer (automatic),18.0,242.18,2,No
3481-YIMGH,Female,0,No,Yes,4,Yes,Yes,DSL,Yes,Yes,Yes,No,Yes,Yes,One year,Yes,Credit card (automatic),53.3,176.9,2,No
3482-VQQPV,Female,1,Yes,Yes,8,Yes,No,Fiber optic,No,No,No,No,No,No,One year,No,Electronic check,64.77,543.54,1,Yes
3483-BHQMR,Male,0,No,No,22,Yes,No,Fiber optic,No,Yes,Yes,No,No,No,Month-to-month,No,Electronic check,94.69,2063.2,2,Yes
3484-XVJBB,Male,0,Yes,No,12,Yes,No,No,No internet service,No internet service,No internet service,No internet service,No internet service,No internet service,Month-to-month,No,Credit card (automatic),18.0,192.75,0,Yes
3485-NPGUU,Female,0,Yes,Yes,7,Yes,Yes,DSL,Yes,No,Yes,No,No,No,Month-to-month,Yes,Credit card (automatic),49.8,351.56,1,Yes
3486-XLWNY,Male,0,No,No,16,No,No phone service,Fiber optic,No,Yes,Yes,Yes,Yes,Yes,Month-to-month,Yes,Bank transfer (automatic),66.72,1092.6,2,Yes
3487-DZDRC,Male,0,Yes,No,38,No,No phone service,No,No internet service,No internet service,No internet service,No internet service,No internet service,No internet service,Month-to-month,Yes,Electronic check,18.0,703.53,2,Yes
3488-AQGPE,Male,0,Yes,No,4,Yes,Yes,DSL,No,Yes,Yes,No,No,No,Month-to-month,No,Electronic check,30.68,122.99,3,Yes
3489-SGNBC,Female,0,No,No,20,Yes,Yes,DSL,No,No,No,No,Yes,No,One year,Yes,Bank transfer (automatic),37.16,779.1,0,No
3490-QPHRO,Female,0,Yes,No,10,Yes,Yes,No,No internet service,No internet service,No internet service,No internet service,No internet service,No internet service,Two year,No,Mailed check,18.0,121.45,3,No
3491-GIFRR,Female,0,No,Yes,15,Yes,No,No,No internet service,No internet service,No internet service,No internet service,No internet service,No internet service,Month-to-month,No,Mailed check,18.0,272.43,0,No
3492-YZXNN,Female,0,Yes,No,55,Yes,Yes,Fiber optic,No,No,No,Yes,No,Yes,Month-to-month,Yes,Electronic check,71.0,3992.22,1,No
3493-NYDDO,Female,0,Yes,No,72,Yes,Yes,Fiber optic,No,Yes,No,No,No,Yes,Month-to-month,No,Mailed check,66.3,4674.5,3,Yes
3494-ORNZA,Male,0,No,No,8,Yes,Yes,No,No internet service,No internet service,No internet service,No internet service,No internet service,No internet service,Two year,Yes,Electronic check,18.0,154.46,2,Yes
3495-JTJJX,Female,0,No,No,31,Yes,No,No,No internet service,No internet service,No internet service,No internet service,No internet service,No internet service,Month-to-month,No,Electronic check,29.77,900.23,2,Yes
3496-BHAAD,Male,0,Yes,Yes,36,Yes,No,Fiber optic,No,No,Yes,No,No,Yes,Month-to-month,Yes,Mailed check,86.26,3099.38,5,No
3497-GIPEB,Female,1,No,Yes,59,Yes,Yes,Fiber optic,No,No,No,No,Yes,Yes,Month-to-month,Yes,Mailed check,83.49,4967.16,1,No
3498-WKRYY,Male,0,No,No,72,Yes,No,Fiber optic,Yes,Yes,Yes,Yes,No,No,One year,Yes,Credit card (automatic),67.08,4824.07,2,No
3499-SMXKT,Male,0,No,No,20,Yes,No,DSL,Yes,No,Yes,Yes,Yes,No,One year,No,Credit card (automatic),41.01,858.42,0,No
3500-SQEMT,Female,0,Yes,No,72,Yes,Yes,DSL,No,Yes,Yes,Yes,No,No,Two year,Yes,Electronic check,42.26,3008.36,2,No
3501-AJHXH,Male,0,Yes,No,72,Yes,No,No,No internet service,No internet service,No internet service,No internet service,No internet service,No internet service,Two year,Yes,Electronic check,18.0,1275.61,4,No
3502-SFLGP,Male,0,Yes,Yes,22,Yes,No,DSL,No,No,No,No,No,No,Month-to-month,Yes,Bank transfer (automatic),40.14,874.37,1,No
3503-IUYVJ,Male,0,Yes,No,24,Yes,No,DSL,No,No,Yes,No,No,Yes,Two year,Yes,Bank transfer (automatic),65.33,1602.91,2,No
3504-JJTPA,Male,0,Yes,No,35,Yes,No,Fiber optic,No,Yes,No,No,No,Yes,Two year,No,Electronic check,79.6,2690.53,0,No
3505-QZUNS,Male,0,Yes,No,14,Yes,No,DSL,Yes,Yes,Yes,No,No,No,Month-to-month,No,Electronic check,41.67,573.0,2,No
3506-UUQNH,Male,0,No,No,34,Yes,Yes,DSL,No,Yes,Yes,Yes,Yes,No,Month-to-month,Yes,Mailed check,44.86,1551.25,2,No
3507-UUIHM,Female,0,No,No,23,Yes,No,Fiber optic,No,Yes,No,No,Yes,No,Month-to-month,Yes,Mailed check,76.63,1836.1,4,Yes
3508-QSGQA,Male,0,Yes,Yes,1,Yes,No,Fiber optic,No,No,No,No,Yes,No,Two year,Yes,Bank transfer (automatic),60.55,18.0,0,No
3509-EYFZB,Female,0,No,Yes,61,No,No phone service,DSL,Yes,No,No,No,No,No,Two year,No,Bank transfer (automatic),55.58,3326.11,2,Yes
3510-YPVEE,Male,1,No,Yes,72,Yes,Yes,Fiber optic,No,No,Yes,No,No,No,Two year,Yes,Mailed check,69.33,4979.57,2,No
3511-LCPFO,Male,0,Yes,No,1,Yes,No,Fiber optic,Yes,No,Yes,Yes,No,No,Month-to-month,Yes,Bank transfer (automatic),66.81, ,3,No
3512-OPTML,Male,0,Yes,No,49,Yes,No,DSL,No,Yes,No,No,No,No,One year,No,Electronic check,20.54,1008.22,0,No
3513-JNBCI,Male,0,Yes,Yes,15,Yes,No,No,No internet service,No internet service,No internet service,No internet service,No internet service,No internet service,One year,Yes,Bank transfer (automatic),18.0,241.8,0,No
3514-KKYVJ,Male,0,No,No,28,Yes,Yes,DSL,No,No,No,No,No,Yes,Month-to-month,Yes,Bank transfer (automatic),51.97,1376.27,2,Yes
3515-ZNITU,Male,1,Yes,Yes,22,Yes,Yes,Fiber optic,No,No,No,No,No,Yes,Two year,Yes,Electronic check,65.63,1432.18,2,No
3516-JVIEH,Male,0,Yes,Yes,25,Yes,No,Fiber optic,Yes,Yes,No,Yes,No,No,Two year,Yes,Mailed check,84.74,2155.19,2,No
3517-KAUJA,Male,0,Yes,No,21,Yes,No,DSL,No,Yes,No,No,No,Yes,Month-to-month,Yes,Mailed check,45.45,984.04,2,No
3518-ZVGNE,Female,0,No,No,61,Yes,Yes,DSL,No,No,No,No,No,Yes,Month-to-month,No,Electronic check,32.37,1894.89,4,No
3519-QVZUF,Female,0,No,No,36,Yes,No,No,No internet service,No internet service,No internet service,No internet service,No internet service,No internet service,One year,No,Electronic check,18.0,575.9,2,No
3520-PKJOG,Female,0,Yes,No,17,Yes,Yes,Fiber optic,Yes,No,No,Yes,No,No,Month-to-month,Yes,Credit card (automatic),61.22,1034.15,2,No
3521-WBLSL,Female,0,Yes,No,37,Yes,Yes,Fiber optic,No,No,Yes,No,No,Yes,Month-to-month,Yes,Electronic check,82.47,3067.2,2,Yes
3522-PFCBT,Male,0,No,No,72,Yes,Yes,Fiber optic,No,No,No,No,No,No,Month-to-month,No,Mailed check,74.08,5377.08,3,Yes
3523-EKZYC,Male,1,No,No,2,Yes,Yes,DSL,Yes,Yes,No,No,No,No,Two year,No,Electronic check,68.97,177.6,1,No
3524-CVEVW,Male,0,No,No,15,Yes,No,Fiber optic,No,No,No,No,No,No,Month-to-month,Yes,Credit card (automatic),65.84,918.91,1,No
3525-KCMUH,Female,0,No,No,65,Yes,Yes,Fiber optic,No,Yes,No,No,No,Yes,One year,Yes,Electronic check,71.22,4708.67,3,No
3526-TJBDR,Female,0,Yes,No,42,Yes,No,Fiber optic,Yes,No,No,No,No,Yes,One year,No,Bank transfer (automatic),56.86,2385.91,1,No
3527-SDTZI,Female,0,Yes,No,72,Yes,No,Fiber optic,Yes,No,No,No,No,Yes,Month-to-month,Yes,Electronic check,79.37,5711.81,3,No
3528-PZFYD,Male,0,No,Yes,1,Yes,Yes,Fiber optic,No,No,No,No,No,No,Month-to-month,Yes,Mailed check,85.39,179.03,1,Yes
3529-IMIFU,Male,1,Yes,Yes,63,Yes,No,DSL,Yes,No,No,No,Yes,No,Two year,No,Mailed check,26.94,1787.0,2,No
3530-SNUOC,Female,0,Yes,No,50,Yes,No,Fiber optic,No,No,No,Yes,No,Yes,Month-to-month,Yes,Mailed check,60.51,2987.06,1,Yes
3531-EURNP,Male,1,Yes,No,54,Yes,Yes,No,No internet service,No internet service,No internet service,No internet service,No internet service,No internet service,Two year,No,Mailed check,18.0,943.93,0,No
3532-NIOGN,Male,0,Yes,No,29,Yes,No,Fiber optic,Yes,Yes,No,No,No,Yes,Two year,No,Bank transfer (automatic),74.65,2290.07,0,No
3533-FUOTH,Male,0,Yes,No,1,Yes,No,Fiber optic,Yes,Yes,No,No,Yes,Yes,Month-to-month,Yes,Mailed check,63.46,78.1,2,Yes
3534-BHAZQ,Female,0,No,No,24,Yes,No,DSL,No,No,No,No,No,No,Month-to-month,Yes,Electronic check,23.08,533.82,2,No
3535-SEVTP,Male,0,Yes,No,16,Yes,No,Fiber optic,No,No,No,No,Yes,No,Month-to-month,Yes,Electronic check,76.6,1195.62,1,Yes
3536-GGRRB,Female,1,Yes,No,23,Yes,Yes,No,No internet service,No internet service,No internet service,No internet service,No internet service,No internet service,Month-to-month,No,Electronic check,18.0,467.46,4,Yes
3537-ONRIN,Female,0,Yes,Yes,43,No,No phone service,Fiber optic,Yes,Yes,No,No,No,Yes,Two year,No,Electronic check,69.8,2984.98,1,No
3538-EKHEK,Male,0,No,No,28,Yes,No,Fiber optic,No,No,Yes,No,No,Yes,Month-to-month,Yes,Mailed check,80.12,2146.49,1,No
3539-EQVDO,Male,0,No,No,11,No,No phone service,No,No internet service,No internet service,No internet service,No internet service,No internet service,No internet service,Two year,Yes,Electronic check,36.1,457.16,1,No
3540-SVBXQ,Male,0,Yes,No,29,Yes,Yes,DSL,No,Yes,No,Yes,No,Yes,One year,Yes,Credit card (automatic),48.94,1386.73,2,No
3541-LYXQJ,Female,0,Yes,Yes,2,Yes,No,Fiber optic,No,Yes,No,No,Yes,No,Month-to-month,No,Mailed check,69.41,121.79,3,No
3542-YRSRM,Female,0,No,Yes,1,Yes,No,Fiber optic,No,No,No,No,No,No,Month-to-month,No,Bank transfer (automatic),73.05,23.71,2,No
3543-NXPRZ,Male,1,Yes,No,16,Yes,No,Fiber optic,Yes,No,No,Yes,Yes,No,Month-to-month,No,Electronic check,57.81,843.31,0,Yes
3544-RPQGL,Male,0,No,Yes,45,Yes,No,DSL,No,No,Yes,Yes,No,No,Two year,No,Electronic check,35.48,1580.49,1,No
3545-BJEUC,Female,0,No,No,55,Yes,Yes,Fiber optic,No,No,No,No,No,No,Month-to-month,No,Credit card (automatic),71.42,3942.07,2,No
3546-SMLCF,Female,0,Yes,No,25,Yes,No,DSL,No,No,No,No,No,Yes,Month-to-month,No,Mailed check,38.7,990.9,0,Yes
3547-NDMSR,Female,1,No,Yes,64,No,No phone service,No,No internet service,No internet service,No internet service,No internet service,No internet service,No internet service,One year,No,Electronic check,19.64,1239.85,1,No
3548-CTFPT,Female,0,Yes,No,4,No,No phone service,No,No internet service,No internet service,No internet service,No internet service,No internet service,No internet service,One year,No,Electronic check,18.0,115.01,1,No
3549-XCLSS,Female,0,Yes,No,72,Yes,No,DSL,No,No,Yes,No,No,No,Month-to-month,Yes,Electronic check,44.52,3297.36,2,Yes
3550-XDABM,Male,0,Yes,No,72,Yes,No,Fiber optic,No,No,Yes,No,No,No,Month-to-month,No,Mailed check,68.69,4934.07,1,No
3551-ZMBSV,Female,0,No,No,29,Yes,No,No,No internet service,No internet service,No internet service,No internet service,No internet service,No internet service,Month-to-month,Yes,Electronic check,18.0,487.93,1,Yes
3552-XPLAI,Female,0,Yes,No,1,Yes,No,DSL,Yes,No,No,No,No,No,Month-to-month,No,Credit card (automatic),45.42,79.37,1,Yes
3553-QJRSG,Male,0,Yes,No,19,No,No phone service,DSL,Yes,Yes,Yes,No,Yes,No,Month-to-month,No,Electronic check,61.81,1129.12,0,Yes
3554-YSXOI,Female,0,Yes,No,6,Yes,Yes,Fiber optic,No,No,No,No,No,No,Month-to-month,Yes,Credit card (automatic),47.12,397.39,0,No
3555-JWTTD,Female,0,No,No,31,Yes,No,Fiber optic,Yes,No,No,Yes,Yes,No,One year,Yes,Credit card (automatic),75.87,2411.51,1,No
3556-FDEIL,Male,0,Yes,Yes,6,Yes,No,Fiber optic,No,Yes,No,No,No,No,One year,Yes,Bank transfer (automatic),81.94,533.91,2,No
3557-WHUEK,Female,0,Yes,No,21,Yes,No,No,No internet service,No internet service,No internet service,No internet service,No internet service,No internet service,Month-to-month,Yes,Electronic check,23.89,476.28,0,No
3558-WKMNH,Male,0,No,No,7,Yes,No,No,No internet service,No internet service,No internet service,No internet service,No internet service,No internet service,Two year,No,Credit card (automatic),18.0,123.69,1,No
3559-YRSLL,Female,0,No,No,6,Yes,No,No,No internet service,No internet service,No internet service,No internet service,No internet service,No internet service,Month-to-month,Yes,Bank transfer (automatic),23.12,108.13,1,Yes
3560-RJGRL,Female,0,No,No,9,Yes,Yes,DSL,No,No,Yes,No,No,Yes,One year,Yes,Mailed check,44.94,437.77,2,No
3561-NOPBR,Male,0,Yes,No,1,Yes,Yes,DSL,No,Yes,Yes,Yes,No,Yes,Two year,Yes,Credit card (automatic),33.23,18.0,5,No
3562-LPMTQ,Female,0,No,Yes,40,No,No phone service,No,No internet service,No internet service,No internet service,No internet service,No internet service,No internet service,Month-to-month,Yes,Electronic check,18.0,804.44,2,Yes
3563-RCWJA,Female,0,Yes,No,11,Yes,Yes,Fiber optic,No,No,Yes,Yes,Yes,No,Two year,Yes,Mailed check,73.78,774.93,0,Yes
3564-FCSDT,Male,0,Yes,Yes,38,Yes,No,Fiber optic,No,No,No,No,No,Yes,One year,No,Bank transfer (automatic),84.59,3129.76,0,No
3565-WCHHG,Female,0,No,No,33,Yes,Yes,Fiber optic,No,No,No,No,Yes,Yes,Two year,Yes,Credit card (automatic),52.06,1778.88,1,No
3566-BUFPJ,Female,1,No,No,2,Yes,Yes,No,No internet service,No internet service,No internet service,No internet service,No internet service,No internet service,One year,Yes,Credit card (automatic),26.35,102.38,1,Yes
3567-DMJUN,Female,1,No,No,11,Yes,No,DSL,Yes,Yes,Yes,No,No,No,Month-to-month,No,Electronic check,35.44,394.5,2,Yes
3568-IKWRK,Female,0,No,No,26,Yes,Yes,No,No internet service,No internet service,No internet service,No internet service,No internet service,No internet service,Month-to-month,Yes,Bank transfer (automatic),18.0,459.61,1,No
3569-QBCKR,Female,0,No,No,72,No,No phone service,Fiber optic,No,No,No,No,No,No,Month-to-month,Yes,Credit card (automatic),61.21,4425.94,1,No
3570-CZOKK,Male,0,Yes,No,16,Yes,Yes,No,No internet service,No internet service,No internet service,No internet service,No internet service,No internet service,Month-to-month,Yes,Electronic check,22.14,391.17,0,Yes
3571-YTYKS,Female,0,No,No,22,Yes,No,Fiber optic,No,No,Yes,No,Yes,Yes,Month-to-month,Yes,Electronic check,65.0,1482.78,2,Yes
3572-AEJJN,Female,0,Yes,No,44,Yes,Yes,Fiber optic,No,Yes,Yes,No,Yes,No,Month-to-month,No,Bank transfer (automatic),66.35,2902.64,1,Yes
3573-BDBRM,Male,0,No,No,52,Yes,Yes,Fiber optic,No,No,No,Yes,Yes,No,Month-to-month,Yes,Mailed check,67.29,3611.26,1,No
3574-SETBK,Male,0,Yes,No,72,Yes,No,Fiber optic,No,No,No,Yes,Yes,No,Two year,Yes,Electronic check,80.78,5785.89,0,No
3575-ZRFWJ,Male,0,Yes,No,22,Yes,Yes,Fiber optic,No,Yes,No,No,Yes,No,Month-to-month,Yes,Mailed check,60.77,1280.25,1,No
3576-VWQVK,Male,0,No,Yes,6,No,No phone service,Fiber optic,Yes,No,Yes,No,No,No,Month-to-month,Yes,Credit card (automatic),83.63,525.44,1,No
3577-SQXDZ,Female,0,Yes,Yes,46,Yes,Yes,DSL,No,No,No,No,No,No,Month-to-month,Yes,Electronic check,63.38,2871.15,1,Yes
3578-XZNTD,Female,0,No,No,4,Yes,Yes,No,No internet service,No internet service,No internet service,No internet service,No internet service,No internet service,One year,Yes,Electronic check,19.09,121.04,0,No
3579-NZDFI,Female,0,No,No,17,Yes,No,No,No internet service,No internet service,No internet service,No internet service,No internet service,No internet service,Month-to-month,No,Credit card (automatic),21.0,431.99,1,Yes
3580-ULZHX,Female,0,Yes,No,31,Yes,Yes,DSL,No,No,Yes,No,No,No,Month-to-month,No,Mailed check,59.4,1888.78,2,No
3581-DZYYE,Female,0,No,No,37,Yes,Yes,No,No internet service,No internet service,No internet service,No internet service,No internet service,No internet service,Month-to-month,Yes,Bank transfer (automatic),23.5,895.82,1,No
3582-FESHI,Female,0,No,No,42,Yes,No,Fiber optic,No,No,Yes,No,Yes,Yes,One year,Yes,Bank transfer (automatic),77.18,3175.43,1,No
3583-ODYIG,Female,0,No,Yes,6,Yes,No,Fiber optic,Yes,Yes,No,No,No,Yes,Month-to-month,No,Electronic check,82.0,537.59,1,Yes
3584-HOSOE,Male,0,No,No,72,Yes,No,Fiber optic,Yes,No,Yes,No,No,No,One year,Yes,Electronic check,69.22,4927.69,1,No
3585-SGFSY,Female,0,Yes,No,6,Yes,Yes,Fiber optic,Yes,No,No,No,Yes,Yes,Month-to-month,No,Bank transfer (automatic),75.07,439.11,2,No
3586-QJSKO,Male,1,Yes,Yes,3,No,No phone service,Fiber optic,No,No,Yes,No,Yes,No,Two year,No,Bank transfer (automatic),61.77,107.08,1,No
3587-JKWCC,Male,0,Yes,No,34,Yes,Yes,Fiber optic,No,No,No,No,No,No,Month-to-month,Yes,Electronic check,73.44,2458.34,3,No
3588-RYKTZ,Male,0,Yes,No,72,Yes,No,Fiber optic,No,No,No,No,Yes,No,Month-to-month,Yes,Mailed check,61.6,4451.19,1,Yes
3589-VRYOG,Female,0,No,No,26,Yes,No,DSL,No,No,No,No,Yes,Yes,One year,No,Credit card (automatic),41.83,1093.99,0,No
3590-JUWTJ,Female,0,Yes,No,28,No,No phone service,Fiber optic,No,No,No,No,No,No,Month-to-month,Yes,Mailed check,79.85,2251.31,2,No
3591-MOWRW,Male,0,No,No,24,Yes,Yes,Fiber optic,No,No,No,Yes,No,Yes,Month-to-month,Yes,Electronic check,71.75,1625.2,0,No
3592-DTQCU,Female,0,No,No,1,Yes,Yes,No,No internet service,No internet service,No internet service,No internet service,No internet service,No internet service,One year,No,Mailed check,33.79,63.01,1,No
3593-UBDAO,Female,0,Yes,No,36,Yes,No,DSL,No,No,No,Yes,No,No,Month-to-month,Yes,Electronic check,35.0,1353.2,0,Yes
3594-YAFGS,Male,0,Yes,No,14,Yes,No,DSL,No,No,Yes,No,No,Yes,Month-to-month,Yes,Mailed check,48.63,635.86,1,Yes
3595-LAGSM,Male,0,No,Yes,72,Yes,Yes,Fiber optic,No,No,Yes,No,No,Yes,Month-to-month,Yes,Bank transfer (automatic),53.98,3872.57,2,Yes
3596-ZLLVM,Female,0,No,No,6,Yes,No,DSL,No,Yes,Yes,Yes,No,No,One year,No,Electronic check,31.2,115.52,0,Yes
3597-NVLTL,Male,0,No,No,11,Yes,Yes,Fiber optic,Yes,No,Yes,No,Yes,Yes,Month-to-month,Yes,Mailed check,77.7,877.4,2,No
3598-FJTXI,Male,0,Yes,No,22,Yes,No,DSL,Yes,No,No,Yes,No,No,One year,Yes,Electronic check,40.57,994.61,2,No
3599-BGIYL,Male,0,Yes,No,20,Yes,No,Fiber optic,No,No,No,No,No,No,Month-to-month,Yes,Mailed check,72.73,1439.07,4,No
3600-EAVOH,Female,0,No,No,16,Yes,No,Fiber optic,Yes,No,No,Yes,No,Yes,Month-to-month,No,Electronic check,81.75,1336.63,2,No
3601-ARMAE,Female,0,Yes,Yes,12,Yes,Yes,Fiber optic,No,No,No,Yes,No,No,Month-to-month,No,Electronic check,75.13,913.77,0,Yes
3602-RPZJD,Male,0,No,No,5,No,No phone service,DSL,No,No,No,No,Yes,No,Month-to-month,Yes,Electronic check,56.4,308.92,0,No
3603-AWHEB,Male,0,Yes,No,55,No,No phone service,No,No internet service,No internet service,No internet service,No internet service,No internet service,No internet service,Two year,No,Mailed check,27.55,1469.08,0,No
3604-XQGQF,Female,0,No,No,19,Yes,No,No,No internet service,No internet service,No internet service,No internet service,No internet service,No internet service,One year,Yes,Mailed check,33.94,624.22,0,No
3605-VOEOR,Female,0,Yes,No,27,Yes,Yes,DSL,No,No,No,Yes,No,Yes,One year,Yes,Bank transfer (automatic),41.73,1077.34,2,No
3606-RYUUW,Female,0,No,No,25,Yes,Yes,No,No internet service,No internet service,No internet service,No internet service,No internet service,No internet service,Month-to-month,No,Bank transfer (automatic),30.57,727.19,2,Yes
3607-FBQUD,Female,0,No,Yes,27,Yes,Yes,Fiber optic,No,No,No,No,No,No,Two year,Yes,Electronic check,61.17,1652.51,1,No
3608-LSBZB,Female,0,No,Yes,39,No,No phone service,Fiber optic,No,No,No,Yes,No,No,One year,Yes,Credit card (automatic),72.08,2855.44,2,No
3609-NOTBD,Female,0,Yes,No,31,Yes,No,DSL,No,No,No,No,No,No,Month-to-month,No,Bank transfer (automatic),39.26,1192.53,0,No
3610-SIGML,Male,0,Yes,Yes,10,Yes,No,Fiber optic,No,Yes,Yes,Yes,No,Yes,One year,No,Electronic check,69.25,702.37,1,No
3611-CMONX,Male,0,Yes,No,25,Yes,Yes,DSL,No,No,Yes,No,No,No,Month-to-month,Yes,Mailed check,52.99,1357.66,2,No
3612-IMWVD,Male,1,No,No,8,Yes,No,Fiber optic,No,No,Yes,Yes,No,No,One year,No,Mailed check,70.92,567.55,1,Yes
3613-UHCBS,Female,0,No,No,28,Yes,No,No,No internet service,No internet service,No internet service,No internet service,No internet service,No internet service,Month-to-month,No,Bank transfer (automatic),18.15,565.65,2,No
3614-WHQMG,Male,0,No,No,18,Yes,No,Fiber optic,No,No,Yes,Yes,No,Yes,Month-to-month,Yes,Electronic check,66.95,1209.47,1,No
3615-ILNNO,Male,0,Yes,No,1,No,No phone service,No,No internet service,No internet service,No internet service,No internet service,No internet service,No internet service,Two year,Yes,Electronic check,28.52,18.0,3,No
3616-COSXT,Male,0,No,Yes,42,Yes,No,Fiber optic,Yes,Yes,No,No,Yes,No,Two year,Yes,Electronic check,55.23,2367.15,2,No
3617-NHESD,Male,0,Yes,No,10,Yes,Yes,DSL,No,No,No,No,Yes,No,Two year,Yes,Credit card (automatic),33.86,295.22,4,No
3618-NPTXF,Male,0,Yes,No,72,No,No phone service,DSL,Yes,No,No,Yes,No,No,Month-to-month,Yes,Bank transfer (automatic),41.81,3064.42,1,No
3619-WYFCO,Male,0,No,No,10,Yes,No,DSL,No,No,No,No,No,Yes,One year,No,Electronic check,38.52,439.18,3,No
3620-CKCJR,Male,0,Yes,Yes,72,Yes,No,Fiber optic,No,No,Yes,Yes,Yes,Yes,Month-to-month,Yes,Credit card (automatic),51.99,3707.21,2,Yes
3621-APPJA,Female,1,No,No,19,Yes,No,Fiber optic,Yes,No,No,Yes,No,No,Month-to-month,Yes,Electronic check,53.34,1101.9,2,No
3622-DCELY,Male,0,No,No,1,Yes,No,Fiber optic,No,Yes,No,No,No,Yes,Month-to-month,Yes,Bank transfer (automatic),72.66,163.36,1,Yes
3623-LMXLY,Male,0,No,Yes,2,Yes,No,Fiber optic,No,Yes,Yes,No,No,Yes,One year,No,Credit card (automatic),55.91,29.38,0,No
3624-PMEXD,Female,0,No,No,2,Yes,No,DSL,No,Yes,No,No,No,No,Month-to-month,No,Bank transfer (automatic),22.72,21.56,1,No
3625-UOLSU,Male,0,Yes,No,1,Yes,Yes,DSL,No,Yes,Yes,No,Yes,Yes,Two year,No,Electronic check,52.64,45.25,1,No
3626-SUKUF,Female,0,No,No,9,Yes,No,Fiber optic,No,No,Yes,No,No,Yes,One year,Yes,Mailed check,58.32,518.09,1,Yes
3627-IALZN,Male,0,Yes,No,12,Yes,No,Fiber optic,No,No,No,No,No,No,Two year,No,Mailed check,79.76,1025.34,3,No
3628-FAVBX,Female,0,Yes,No,3,Yes,Yes,No,No internet service,No internet service,No internet service,No internet service,No internet service,No internet service,Two year,Yes,Bank transfer (automatic),21.22,18.0,1,No
3629-KCJFF,Male,0,No,No,18,Yes,Yes,Fiber optic,Yes,No,No,No,No,No,One year,No,Electronic check,72.41,1294.5,2,No
3630-TUBZZ,Male,0,No,No,14,Yes,No,Fiber optic,No,No,No,No,No,No,Two year,No,Bank transfer (automatic),80.17,1203.66,0,No
3631-XJWZF,Male,1,Yes,No,32,Yes,Yes,No,No internet service,No internet service,No internet service,No internet service,No internet service,No internet service,Month-to-month,No,Electronic check,18.41,582.44,1,Yes
3632-WQNEW,Male,0,Yes,Yes,6,Yes,No,DSL,No,No,Yes,No,Yes,No,Two year,Yes,Bank transfer (automatic),49.44,342.64,2,No
3633-QBILS,Male,0,No,Yes,72,Yes,Yes,No,No internet service,No internet service,No internet service,No internet service,No internet service,No internet service,Two year,Yes,Electronic check,18.0,1223.71,0,Yes
3634-VGIUP,Female,0,Yes,Yes,23,No,No phone service,DSL,No,No,Yes,No,Yes,Yes,Month-to-month,No,Credit card (automatic),48.99,1215.49,1,Yes
3635-TKLOR,Male,0,No,Yes,31,Yes,Yes,No,No internet service,No internet service,No internet service,No internet service,No internet service,No internet service,Month-to-month,Yes,Credit card (automatic),18.0,632.97,1,No
3636-SPOEK,Female,0,Yes,No,1,No,No phone service,DSL,No,No,No,No,Yes,No,Month-to-month,Yes,Mailed check,51.36,52.67,2,Yes
3637-ORMDQ,Male,0,Yes,Yes,26,Yes,No,Fiber optic,No,Yes,Yes,No,Yes,Yes,Month-to-month,Yes,Bank transfer (automatic),53.26,1366.32,1,No
3638-DPWON,Male,0,No,No,14,Yes,No,No,No internet service,No internet service,No internet service,No internet service,No internet service,No internet service,One year,Yes,Credit card (automatic),38.9,562.89,1,No
3639-LCJHF,Male,1,No,No,72,Yes,Yes,DSL,No,No,Yes,No,Yes,No,Month-to-month,Yes,Bank transfer (automatic),29.07,2077.71,1,No
3640-VNQUS,Female,0,No,No,69,Yes,Yes,DSL,Yes,Yes,No,Yes,No,No,Month-to-month,No,Credit card (automatic),37.93,2659.21,1,No
3641-POZOA,Female,0,No,No,32,Yes,Yes,DSL,No,No,No,No,No,No,Month-to-month,Yes,Electronic check,53.91,1702.6,1,No
3642-XWWLJ,Female,0,Yes,No,46,Yes,No,DSL,No,Yes,Yes,No,No,No,Two year,No,Electronic check,57.58,2590.62,0,No
3643-NJJTK,Female,0,No,No,33,Yes,No,Fiber optic,No,No,No,Yes,No,Yes,Month-to-month,Yes,Electronic check,79.42,2659.15,1,Yes
3644-VPION,Female,0,Yes,No,1,Yes,No,No,No internet service,No internet service,No internet service,No internet service,No internet service,No internet service,One year,No,Bank transfer (automatic),27.76,18.0,2,No
3645-SIDUG,Male,0,No,No,38,Yes,No,DSL,No,No,Yes,No,Yes,Yes,Month-to-month,No,Mailed check,49.61,1890.04,0,No
3646-VZHXH,Male,0,Yes,No,6,Yes,No,DSL,No,No,Yes,No,No,No,Month-to-month,No,Credit card (automatic),41.88,323.3,0,No
3647-SOPZV,Female,1,Yes,No,36,Yes,No,DSL,No,No,Yes,No,Yes,No,Month-to-month,Yes,Electronic check,48.78,1696.26,1,Yes
3648-WIZZL,Female,0,Yes,No,1,Yes,No,DSL,No,No,No,No,No,No,Two year,No,Mailed check,41.65,18.0,2,No
3649-PDEHA,Male,0,No,No,11,Yes,Yes,No,No internet service,No internet service,No internet service,No internet service,No internet service,No internet service,Two year,No,Electronic check,20.55,220.16,3,Yes
3650-FODUK,Male,1,Yes,Yes,23,Yes,No,DSL,No,No,No,No,No,Yes,Month-to-month,Yes,Bank transfer (automatic),43.38,998.18,3,No
3651-ERXOR,Female,0,No,No,12,No,No phone service,Fiber optic,Yes,Yes,No,No,Yes,Yes,Month-to-month,Yes,Electronic check,61.77,774.68,2,Yes
3652-TMEAV,Female,0,Yes,No,37,Yes,Yes,DSL,No,Yes,No,No,Yes,Yes,Month-to-month,Yes,Electronic check,43.96,1715.05,1,No
3653-RNEFX,Male,0,Yes,No,23,No,No phone service,DSL,Yes,Yes,No,No,No,No,Month-to-month,Yes,Electronic check,41.87,891.95,3,Yes
3654-YPVUL,Female,0,Yes,No,72,Yes,Yes,DSL,No,No,Yes,Yes,Yes,Yes,Month-to-month,Yes,Mailed check,56.14,4044.23,1,Yes
3655-TRBWU,Male,0,Yes,No,14,Yes,Yes,DSL,No,No,No,No,Yes,No,Month-to-month,No,Bank transfer (automatic),49.93,618.49,2,No
3656-WMQQP,Female,1,No,No,40,Yes,Yes,DSL,No,No,No,No,No,No,Month-to-month,Yes,Bank transfer (automatic),38.72,1577.07,0,Yes
3657-URHCQ,Female,0,No,Yes,57,Yes,No,No,No internet service,No internet service,No internet service,No internet service,No internet service,No internet service,Month-to-month,No,Credit card (automatic),18.0,996.28,5,No
3658-RZZWF,Male,1,No,No,9,Yes,Yes,Fiber optic,No,No,No,No,No,Yes,Month-to-month,Yes,Mailed check,69.67,648.78,4,Yes
3659-HWZMH,Male,0,Yes,Yes,44,Yes,Yes,Fiber optic,Yes,No,No,No,No,Yes,Month-to-month,No,Bank transfer (automatic),73.28,3248.89,3,Yes
3660-SFWOJ,Female,0,No,Yes,15,Yes,No,Fiber optic,Yes,No,Yes,Yes,No,Yes,Two year,Yes,Bank transfer (automatic),61.0,939.2,1,No
3661-QAGMC,Male,0,Yes,No,4,Yes,Yes,DSL,No,Yes,No,No,Yes,Yes,Month-to-month,Yes,Bank transfer (automatic),39.54,153.84,0,Yes
3662-SOEKV,Female,0,No,Yes,1,Yes,No,DSL,Yes,Yes,Yes,No,Yes,Yes,Month-to-month,No,Credit card (automatic),38.74,18.0,0,No
3663-RCFCE,Female,0,Yes,No,43,Yes,Yes,DSL,No,No,No,Yes,No,No,Month-to-month,No,Credit card (automatic),60.86,2554.18,1,No
3664-ISMFK,Male,0,No,No,6,Yes,No,DSL,No,No,No,No,No,No,Month-to-month,No,Bank transfer (automatic),54.74,352.43,0,Yes
3665-UUNFF,Male,0,No,No,1,Yes,Yes,No,No internet service,No internet service,No internet service,No internet service,No internet service,No internet service,Two year,Yes,Bank transfer (automatic),18.0,68.95,1,No
3666-QKOIU,Male,1,Yes,No,22,Yes,Yes,DSL,No,Yes,No,No,No,Yes,Month-to-month,Yes,Credit card (automatic),50.98,1037.61,2,No
3667-QXGGU,Female,0,Yes,Yes,13,Yes,No,Fiber optic,No,Yes,No,No,No,No,One year,Yes,Electronic check,78.92,922.68,5,No
3668-AYYHE,Male,0,No,No,37,Yes,No,Fiber optic,No,No,No,No,Yes,Yes,Month-to-month,No,Electronic check,71.36,2728.51,2,Yes
3669-SHQSL,Male,0,Yes,No,3,Yes,No,Fiber optic,No,No,No,No,No,Yes,Month-to-month,No,Electronic check,83.64,261.56,0,Yes
3670-WODWL,Male,0,No,No,4,Yes,No,Fiber optic,No,Yes,No,Yes,No,No,One year,No,Electronic check,67.61,193.38,3,No
3671-MNEVP,Female,0,No,Yes,16,Yes,Yes,DSL,Yes,No,Yes,No,No,No,Month-to-month,Yes,Mailed check,45.37,664.86,3,No
3672-GOMZP,Male,0,No,No,23,Yes,No,Fiber optic,No,No,No,No,No,No,Two year,No,Bank transfer (automatic),83.43,1891.93,1,No
3673-LGPWW,Male,1,No,Yes,55,Yes,No,Fiber optic,No,Yes,Yes,No,No,Yes,Month-to-month,Yes,Bank transfer (automatic),66.92,3628.99,3,No
3674-MWCOC,Male,0,Yes,No,28,Yes,No,Fiber optic,Yes,No,Yes,Yes,Yes,No,Month-to-month,No,Electronic check,85.06,2342.69,0,No
3675-GRNRS,Male,0,Yes,No,72,Yes,No,No,No internet service,No internet service,No internet service,No internet service,No internet service,No internet service,Month-to-month,No,Credit card (automatic),29.49,2143.17,1,No
3676-NTFHZ,Female,1,Yes,No,7,Yes,Yes,Fiber optic,No,Yes,Yes,No,No,No,Two year,No,Electronic check,74.28,514.77,3,No
3677-ZGTRR,Female,1,No,No,29,Yes,No,Fiber optic,No,No,Yes,No,No,No,One year,No,Mailed check,72.68,2117.0,2,No
3678-OTVSV,Female,1,No,Yes,34,No,No phone service,Fiber optic,Yes,No,No,No,No,No,Month-to-month,Yes,Electronic check,76.57,2628.39,4,No
3679-UUBHU,Female,0,No,No,41,Yes,No,No,No internet service,No internet service,No internet service,No internet service,No internet service,No internet service,Two year,Yes,Credit card (automatic),18.0,706.75,1,No
3680-KRWMI,Male,0,No,No,72,Yes,Yes,Fiber optic,Yes,Yes,No,No,No,Yes,Two year,No,Credit card (automatic),66.37,4850.87,1,No
3681-IQGIV,Female,0,No,Yes,20,Yes,No,No,No internet service,No internet service,No internet service,No internet service,No internet service,No internet service,One year,Yes,Credit card (automatic),33.1,689.1,1,No
3682-ABDND,Male,0,No,No,14,Yes,Yes,DSL,Yes,Yes,No,No,Yes,No,Month-to-month,Yes,Mailed check,34.86,509.42,1,Yes
3683-BHRSN,Female,1,Yes,No,61,Yes,Yes,No,No internet service,No internet service,No internet service,No internet service,No internet service,No internet service,Month-to-month,No,Electronic check,18.0,1069.7,0,Yes
3684-TYJQH,Male,0,No,No,6,Yes,Yes,Fiber optic,No,No,No,No,Yes,Yes,Month-to-month,Yes,Electronic check,56.39,366.0,2,Yes
3685-NUWHE,Male,0,No,No,1,Yes,Yes,No,No internet service,No internet service,No internet service,No internet service,No internet service,No internet service,Two year,Yes,Credit card (automatic),34.26,57.25,2,Yes
3686-PHJHI,Male,0,Yes,No,18,Yes,Yes,DSL,No,No,Yes,Yes,No,No,Month-to-month,Yes,Credit card (automatic),45.38,840.41,1,Yes
3687-RCQTO,Female,0,Yes,No,9,Yes,Yes,DSL,No,Yes,No,No,No,No,Month-to-month,Yes,Electronic check,29.78,306.92,0,No
3688-UQHBQ,Female,0,Yes,Yes,16,Yes,Yes,No,No internet service,No internet service,No internet service,No internet service,No internet service,No internet service,Month-to-month,No,Electronic check,27.33,461.37,2,No
3689-REIIB,Female,0,No,Yes,72,Yes,Yes,DSL,No,No,Yes,No,No,No,Month-to-month,No,Credit card (automatic),51.22,3700.84,2,No
3690-BSWCQ,Male,1,No,No,13,Yes,No,Fiber optic,No,Yes,Yes,No,No,Yes,One year,No,Electronic check,66.59,923.9,1,No
3691-NNNFC,Female,0,Yes,Yes,39,Yes,Yes,No,No internet service,No internet service,No internet service,No internet service,No internet service,No internet service,Month-to-month,Yes,Mailed check,23.54,860.61,2,Yes
3692-APDAQ,Male,0,No,No,9,Yes,No,DSL,Yes,No,No,No,Yes,Yes,Month-to-month,Yes,Electronic check,50.49,520.27,4,No
3693-RZHBR,Female,0,Yes,No,11,Yes,No,Fiber optic,No,No,No,No,No,Yes,Month-to-month,Yes,Electronic check,64.94,719.09,1,Yes
3694-PZJHL,Female,0,No,No,8,Yes,No,DSL,No,Yes,No,No,Yes,Yes,Month-to-month,Yes,Electronic check,58.6,418.48,2,Yes
3695-VPLKT,Female,0,No,No,27,Yes,Yes,DSL,Yes,No,No,Yes,No,Yes,Two year,No,Credit card (automatic),41.13,1182.55,1,No
3696-SACLI,Female,1,No,No,8,Yes,Yes,Fiber optic,No,No,Yes,No,Yes,No,Month-to-month,Yes,Electronic check,54.83,444.14,0,Yes
3697-UVEAJ,Female,0,Yes,Yes,40,Yes,No,DSL,No,Yes,No,Yes,Yes,No,Month-to-month,Yes,Bank transfer (automatic),38.19,1547.4,2,No
3698-QDOSH,Male,0,No,No,36,Yes,No,Fiber optic,No,Yes,No,No,No,No,Month-to-month,No,Bank transfer (automatic),62.4,2228.9,1,Yes
3699-WOGOH,Female,0,Yes,No,17,Yes,No,No,No internet service,No internet service,No internet service,No internet service,No internet service,No internet service,Month-to-month,Yes,Credit card (automatic),22.96,424.21,1,Yes
3700-ZWJRD,Female,0,Yes,Yes,1,Yes,No,DSL,No,No,No,No,Yes,No,One year,No,Electronic check,30.09,73.34,0,No
3701-OKVCO,Female,0,Yes,No,1,No,No phone service,No,No internet service,No internet service,No internet service,No internet service,No internet service,No internet service,Two year,Yes,Bank transfer (automatic),18.0,18.0,0,Yes
3702-COFAN,Male,0,No,Yes,24,Yes,No,Fiber optic,No,No,Yes,No,No,Yes,Two year,No,Bank transfer (automatic),62.79,1457.96,1,Yes
3703-PAUQZ,Female,0,No,No,58,Yes,No,DSL,No,No,No,No,Yes,Yes,Month-to-month,No,Electronic check,51.46,3014.19,3,Yes
3704-HRPFJ,Female,0,No,No,29,Yes,Yes,DSL,No,No,Yes,No,No,Yes,Two year,No,Bank transfer (automatic),55.83,1564.99,1,No
3705-JEZLT,Male,0,No,No,18,Yes,No,DSL,No,Yes,Yes,No,Yes,No,Month-to-month,Yes,Electronic check,50.27,936.08,2,Yes
3706-QNNCL,Female,0,Yes,Yes,68,Yes,No,Fiber optic,No,No,No,No,No,No,One year,No,Bank transfer (automatic),75.36,5129.73,1,No
3707-TRLBB,Male,0,Yes,Yes,7,Yes,No,Fiber optic,No,No,Yes,No,No,No,Month-to-month,No,Electronic check,82.82,583.13,1,No
3708-QJRVS,Male,0,No,No,14,Yes,No,Fiber optic,No,No,No,Yes,No,No,Month-to-month,Yes,Electronic check,67.87,886.03,0,Yes
3709-ZUAXD,Female,0,Yes,No,26,Yes,No,DSL,No,No,No,No,No,Yes,Month-to-month,No,Mailed check,41.31,1076.8,0,No
3710-YDBSU,Male,0,No,No,11,Yes,No,Fiber optic,Yes,Yes,No,No,No,No,Month-to-month,No,Bank transfer (automatic),47.88,510.69,1,No
3711-LJMVW,Female,0,No,No,72,Yes,No,DSL,Yes,No,Yes,No,Yes,Yes,One year,Yes,Electronic check,50.49,3538.75,2,No
3712-TWOZC,Male,0,Yes,No,19,No,No phone service,Fiber optic,No,No,No,No,No,No,Two year,Yes,Mailed check,63.54,1171.66,3,No
3713-WTMHY,Female,0,No,No,1,Yes,No,DSL,No,No,No,No,No,Yes,Month-to-month,Yes,Mailed check,48.58,25.82,2,Yes
3714-GXHRI,Male,0,Yes,No,6,Yes,Yes,Fiber optic,Yes,Yes,No,Yes,No,No,Two year,Yes,Credit card (automatic),68.35,407.76,2,No
3715-FDOEZ,Male,1,Yes,Yes,24,Yes,No,Fiber optic,No,No,No,No,No,No,Month-to-month,No,Bank transfer (automatic),74.54,1779.32,2,No
3716-EGIGI,Male,0,No,Yes,25,Yes,Yes,No,No internet service,No internet service,No internet service,No internet service,No internet service,No internet service,Month-to-month,Yes,Electronic check,18.0,397.87,2,No
3717-TJZDF,Female,0,No,Yes,72,Yes,Yes,No,No internet service,No internet service,No internet service,No internet service,No internet service,No internet service,Month-to-month,Yes,Electronic check,22.22,1505.57,2,No
3718-XNIAQ,Male,0,No,No,29,Yes,No,Fiber optic,Yes,No,Yes,No,No,No,Month-to-month,Yes,Bank transfer (automatic),65.46,1866.58,1,Yes
3719-MXGIK,Female,0,Yes,Yes,35,Yes,Yes,No,No internet service,No internet service,No internet service,No internet service,No internet service,No internet service,One year,No,Credit card (automatic),23.92,908.95,1,No
3720-CZLUC,Female,0,No,Yes,7,No,No phone service,Fiber optic,No,Yes,No,Yes,No,No,Month-to-month,Yes,Mailed check,82.37,646.63,2,Yes
3721-OUJAN,Male,0,Yes,No,3,Yes,No,Fiber optic,Yes,No,Yes,No,No,Yes,One year,Yes,Credit card (automatic),54.39,196.64,2,Yes
3722-TFBWH,Female,0,Yes,No,29,Yes,Yes,Fiber optic,No,No,Yes,No,No,Yes,Month-to-month,No,Mailed check,71.23,2049.59,0,Yes
3723-ADDET,Female,0,No,No,64,Yes,No,No,No internet service,No internet service,No internet service,No internet service,No internet service,No internet service,Two year,No,Credit card (automatic),18.0,1203.41,0,No
3724-IWMRQ,Male,0,Yes,No,28,Yes,No,Fiber optic,No,No,No,Yes,No,No,Month-to-month,Yes,Bank transfer (automatic),72.42,1961.08,1,No
3725-YAVOB,Female,0,No,No,18,Yes,Yes,No,No internet service,No internet service,No internet service,No internet service,No internet service,No internet service,Two year,No,Bank transfer (automatic),21.05,397.8,1,No
3726-PTVEV,Female,0,No,No,27,Yes,No,DSL,Yes,Yes,No,No,No,No,Month-to-month,No,Mailed check,38.94,1036.26,0,No
3727-SEBGC,Male,0,Yes,No,20,Yes,No,No,No internet service,No internet service,No internet service,No internet service,No internet service,No internet service,Month-to-month,No,Bank transfer (automatic),22.46,429.96,2,Yes
3728-QXXCM,Male,0,No,No,4,Yes,Yes,DSL,No,Yes,No,No,No,Yes,Two year,Yes,Mailed check,35.76,152.62,1,Yes
3729-GYXCO,Male,0,Yes,Yes,43,Yes,Yes,Fiber optic,No,Yes,Yes,No,No,No,Month-to-month,Yes,Credit card (automatic),82.27,3539.72,0,No
3730-RJWGI,Male,0,No,No,24,Yes,Yes,No,No internet service,No internet service,No internet service,No internet service,No internet service,No internet service,Month-to-month,Yes,Credit card (automatic),18.0,366.32,1,Yes
3731-ETHND,Female,0,Yes,No,16,Yes,No,No,No internet service,No internet service,No internet service,No internet service,No internet service,No internet service,Two year,Yes,Mailed check,21.06,411.81,1,Yes
3732-TNLBM,Female,0,Yes,No,26,Yes,Yes,DSL,No,No,Yes,No,No,Yes,Month-to-month,No,Electronic check,48.7,1268.65,3,No
3733-ATGYI,Female,0,No,No,8,Yes,Yes,No,No internet service,No internet service,No internet service,No internet service,No internet service,No internet service,Two year,Yes,Mailed check,46.77,458.96,2,No
3734-ZQUWM,Male,0,No,Yes,17,Yes,Yes,DSL,Yes,No,Yes,No,No,No,Month-to-month,Yes,Bank transfer (automatic),31.27,505.49,4,No
3735-WJPFP,Female,0,No,No,31,Yes,No,DSL,No,Yes,No,Yes,Yes,No,Month-to-month,Yes,Mailed check,51.37,1669.55,3,No
3736-KZTCI,Male,1,Yes,Yes,8,Yes,No,No,No internet service,No internet service,No internet service,No internet service,No internet service,No internet service,Month-to-month,No,Mailed check,22.67,193.54,2,No
3737-OMJTX,Female,0,Yes,No,44,Yes,No,No,No internet service,No internet service,No internet service,No internet service,No internet service,No internet service,One year,Yes,Electronic check,18.0,849.65,1,No
3738-MQGFM,Male,1,No,No,23,Yes,No,Fiber optic,No,No,No,No,No,No,Month-to-month,Yes,Electronic check,79.88,1804.9,1,No
3739-QODON,Female,1,No,No,63,Yes,No,No,No internet service,No internet service,No internet service,No internet service,No internet service,No internet service,Two year,Yes,Credit card (automatic),18.0,1084.83,1,No
3740-UKXDC,Female,0,Yes,No,60,No,No phone service,DSL,No,Yes,Yes,No,No,No,Month-to-month,Yes,Bank transfer (automatic),40.1,2502.95,3,No
3741-BTJMT,Male,0,Yes,Yes,21,Yes,No,DSL,No,No,Yes,Yes,No,No,Month-to-month,Yes,Electronic check,34.66,586.14,0,Yes
3742-ZUWYR,Female,0,Yes,No,6,Yes,No,No,No internet service,No internet service,No internet service,No internet service,No internet service,No internet service,One year,No,Electronic check,18.0,59.63,1,No
3743-UPKJI,Female,0,Yes,No,42,No,No phone service,Fiber optic,No,No,Yes,Yes,No,No,Two year,No,Credit card (automatic),66.17,2844.96,0,No
3744-LSARN,Female,0,No,No,17,Yes,Yes,No,No internet service,No internet service,No internet service,No internet service,No internet service,No internet service,One year,No,Credit card (automatic),41.69,758.02,0,No
3745-VUAQK,Female,0,Yes,No,28,Yes,Yes,No,No internet service,No internet service,No internet service,No internet service,No internet service,No internet service,Month-to-month,No,Mailed check,27.46,825.67,2,No
3746-TODOV,Male,0,Yes,Yes,3,Yes,No,Fiber optic,No,Yes,No,No,No,Yes,Month-to-month,No,Credit card (automatic),73.32,218.29,3,Yes
3747-VZNVA,Female,0,Yes,No,31,Yes,Yes,Fiber optic,No,No,Yes,Yes,No,No,One year,Yes,Credit card (automatic),78.47,2440.01,2,No
3748-ZIGWK,Male,0,Yes,No,14,Yes,No,Fiber optic,No,Yes,No,No,Yes,No,Month-to-month,Yes,Credit card (automatic),78.08,1111.92,5,Yes
3749-WBBFW,Male,0,Yes,No,13,Yes,No,DSL,No,Yes,No,Yes,Yes,No,One year,Yes,Mailed check,37.7,465.84,1,No
3750-STNCG,Male,0,No,Yes,72,Yes,Yes,Fiber optic,No,Yes,No,No,Yes,Yes,Month-to-month,No,Mailed check,71.3,5110.32,2,No
3751-GDWEQ,Female,1,No,No,18,Yes,Yes,No,No internet service,No internet service,No internet service,No internet service,No internet service,No internet service,Two year,Yes,Bank transfer (automatic),18.0,324.04,4,No
3752-ZDWMP,Male,1,Yes,No,36,Yes,Yes,Fiber optic,No,No,Yes,No,No,Yes,Month-to-month,Yes,Credit card (automatic),73.33,2640.8,1,No
3753-PBRAR,Male,0,No,Yes,31,Yes,Yes,DSL,No,Yes,No,Yes,Yes,Yes,Two year,No,Electronic check,70.37,2186.19,5,No
3754-ZHKXX,Male,0,No,Yes,3,Yes,No,DSL,No,Yes,No,Yes,Yes,Yes,Month-to-month,Yes,Electronic check,36.01,214.17,0,Yes
3755-OPQQL,Female,1,Yes,Yes,44,Yes,No,DSL,Yes,No,No,Yes,Yes,No,One year,Yes,Mailed check,23.79,1020.55,0,No
3756-JTFHM,Female,0,Yes,No,12,No,No phone service,Fiber optic,No,No,No,No,No,No,Month-to-month,No,Credit card (automatic),82.01,1085.45,3,Yes
3757-BSVJD,Male,1,Yes,No,51,Yes,Yes,Fiber optic,No,Yes,No,No,No,No,Month-to-month,Yes,Mailed check,82.5,4188.35,2,No
3758-LRGTX,Male,0,No,Yes,29,Yes,No,Fiber optic,No,No,No,Yes,No,Yes,Month-to-month,No,Bank transfer (automatic),76.12,2239.68,0,No
3759-XWZYD,Female,0,No,No,12,Yes,No,Fiber optic,No,Yes,No,No,No,No,One year,No,Bank transfer (automatic),77.29,922.87,0,No
3760-GJZOL,Male,0,Yes,Yes,14,Yes,No,DSL,No,No,No,No,No,Yes,Month-to-month,Yes,Bank transfer (automatic),50.69,666.21,3,No
3761-ATRYP,Female,0,No,No,42,Yes,Yes,No,No internet service,No internet service,No internet service,No internet service,No internet service,No internet service,Month-to-month,No,Credit card (automatic),21.85,950.71,2,No
3762-ESDFZ,Male,0,No,No,25,Yes,No,DSL,No,No,Yes,No,No,No,Month-to-month,No,Electronic check,43.31,1074.92,4,No
3763-QGXWG,Female,0,Yes,No,35,Yes,Yes,Fiber optic,No,Yes,Yes,No,Yes,Yes,One year,Yes,Mailed check,68.74,2390.22,0,No
3764-IMTNP,Female,0,No,No,5,Yes,Yes,Fiber optic,Yes,No,No,No,No,Yes,One year,No,Mailed check,68.96,251.85,0,No
3765-WIOER,Female,0,Yes,Yes,49,Yes,Yes,DSL,Yes,No,No,Yes,No,Yes,Month-to-month,Yes,Credit card (automatic),42.18,2044.02,3,No
3766-UTHOU,Male,0,No,Yes,12,Yes,No,DSL,Yes,No,No,Yes,No,No,One year,No,Mailed check,68.03,828.74,2,No
3767-YISZV,Male,0,Yes,No,30,Yes,Yes,No,No internet service,No internet service,No internet service,No internet service,No internet service,No internet service,Two year,Yes,Credit card (automatic),23.19,722.25,1,No
3768-FDKJC,Female,0,No,Yes,3,Yes,No,DSL,No,No,No,No,Yes,No,Month-to-month,Yes,Electronic check,36.86,57.15,3,Yes
3769-ALWOO,Female,0,Yes,No,12,Yes,No,DSL,Yes,Yes,No,No,Yes,No,One year,Yes,Electronic check,43.35,505.33,2,No
3770-UNZGQ,Male,0,No,No,33,Yes,No,DSL,No,Yes,No,No,Yes,Yes,Two year,Yes,Bank transfer (automatic),70.84,2309.91,2,No
3771-XSGCC,Female,0,Yes,No,10,Yes,Yes,No,No internet service,No internet service,No internet service,No internet service,No internet service,No internet service,Month-to-month,Yes,Electronic check,18.0,109.78,1,Yes
3772-ZYRTV,Male,0,No,Yes,67,Yes,No,DSL,Yes,No,No,No,No,No,Month-to-month,No,Bank transfer (automatic),36.17,2402.26,3,No
3773-NCZZG,Female,0,Yes,No,34,Yes,Yes,Fiber optic,No,No,Yes,Yes,Yes,No,Month-to-month,Yes,Bank transfer (automatic),65.2,2159.59,1,No
3774-GECRO,Female,0,Yes,No,65,No,No phone service,DSL,No,Yes,No,No,No,No,One year,Yes,Electronic check,27.09,1722.98,2,No
3775-TNDXH,Male,1,Yes,No,16,Yes,No,No,No internet service,No internet service,No internet service,No internet service,No internet service,No internet service,Month-to-month,No,Mailed check,21.45,307.13,2,No
3776-UMVHO,Male,0,Yes,No,1,Yes,Yes,No,No internet service,No internet service,No internet service,No internet service,No internet service,No internet service,Month-to-month,No,Bank transfer (automatic),27.97,66.65,1,Yes
3777-QETDK,Female,0,No,No,27,Yes,Yes,Fiber optic,No,No,No,No,Yes,Yes,Month-to-month,Yes,Mailed check,60.71,1604.89,0,No
3778-RJQOF,Male,0,No,No,13,Yes,No,No,No internet service,No internet service,No internet service,No internet service,No internet service,No internet service,Month-to-month,No,Bank transfer (automatic),36.16,509.11,1,Yes
3779-WUPOH,Female,0,No,No,19,Yes,No,DSL,No,Yes,Yes,No,No,No,Month-to-month,Yes,Mailed check,48.95,885.68,4,No
3780-IKBMD,Male,0,No,No,36,Yes,Yes,Fiber optic,No,No,No,Yes,No,Yes,Two year,No,Mailed check,62.04,2268.13,5,No
3781-IESVC,Female,0,Yes,No,38,No,No phone service,Fiber optic,Yes,Yes,Yes,No,Yes,No,Month-to-month,Yes,Electronic check,69.02,2571.12,2,No
3782-UCFJE,Male,1,Yes,Yes,1,Yes,Yes,DSL,No,No,No,No,No,Yes,Month-to-month,Yes,Mailed check,70.65,33.15,2,Yes
3783-YCVXG,Male,0,No,Yes,46,No,No phone service,DSL,No,No,No,No,Yes,No,Two year,No,Bank transfer (automatic),42.98,1971.75,2,No
3784-VRWHA,Female,0,No,Yes,21,Yes,No,No,No internet service,No internet service,No internet service,No internet service,No internet service,No internet service,Month-to-month,Yes,Credit card (automatic),24.25,528.76,1,No
3785-YDXZG,Female,0,No,Yes,26,Yes,No,DSL,No,No,Yes,Yes,No,No,Two year,Yes,Credit card (automatic),59.19,1585.68,1,No
3786-NMJWR,Female,0,Yes,No,11,Yes,No,DSL,No,Yes,No,No,Yes,Yes,Two year,Yes,Mailed check,45.62,466.63,0,No
3787-ADPPR,Female,0,Yes,No,17,Yes,No,Fiber optic,Yes,No,Yes,No,No,No,Month-to-month,Yes,Bank transfer (automatic),84.47,1471.66,1,Yes
3788-HJPWX,Female,0,Yes,No,39,Yes,Yes,DSL,No,Yes,No,No,No,No,Month-to-month,Yes,Electronic check,42.29,1558.11,2,Yes
3789-KFALY,Female,0,Yes,No,47,Yes,Yes,Fiber optic,No,No,No,No,No,No,Two year,Yes,Mailed check,70.64,3407.38,2,No
3790-FMZQA,Male,0,No,No,15,Yes,No,DSL,No,No,No,No,No,Yes,One year,Yes,Electronic check,43.33,586.96,0,No
3791-HVHXK,Female,0,Yes,No,37,Yes,Yes,DSL,No,Yes,No,No,Yes,No,Two year,Yes,Mailed check,46.81,1720.12,0,No
3792-NXJOG,Female,0,No,No,9,Yes,No,Fiber optic,No,No,Yes,No,No,No,Two year,Yes,Bank transfer (automatic),66.2,554.6,0,No
3793-GJDYR,Female,0,No,No,57,Yes,No,DSL,Yes,Yes,No,No,No,Yes,Month-to-month,No,Credit card (automatic),61.44,3518.32,1,No
3794-YJSNM,Female,0,No,No,30,Yes,Yes,Fiber optic,No,Yes,No,No,Yes,No,Month-to-month,No,Credit card (automatic),66.76,1963.33,2,No
3795-OPBDU,Male,0,No,No,47,Yes,No,No,No internet service,No internet service,No internet service,No internet service,No internet service,No internet service,Month-to-month,Yes,Electronic check,26.5,1156.65,2,No
3796-RQJUI,Female,0,Yes,No,20,Yes,Yes,Fiber optic,No,Yes,No,Yes,No,No,Month-to-month,Yes,Bank transfer (automatic),75.91,1463.72,2,Yes
3797-OLUZI,Female,1,No,No,8,Yes,Yes,Fiber optic,Yes,No,Yes,No,Yes,Yes,Month-to-month,Yes,Bank transfer (automatic),71.54,561.22,2,No
3798-NMZFS,Male,0,Yes,No,17,Yes,Yes,DSL,No,No,No,No,No,No,Month-to-month,Yes,Credit card (automatic),23.47,321.27,7,No
3799-DTQSC,Male,0,No,No,15,Yes,No,No,No internet service,No internet service,No internet service,No internet service,No internet service,No internet service,Month-to-month,Yes,Mailed check,26.29,425.19,2,Yes
3800-NQMIA,Female,0,Yes,No,12,Yes,No,No,No internet service,No internet service,No internet service,No internet service,No internet service,No internet service,Month-to-month,Yes,Electronic check,18.0,313.2,1,No
3801-YQPRB,Male,0,Yes,Yes,7,Yes,Yes,Fiber optic,Yes,No,No,Yes,Yes,No,Month-to-month,No,Electronic check,78.05,643.92,0,Yes
3802-NVWQC,Female,0,Yes,Yes,45,Yes,No,DSL,No,No,Yes,No,Yes,Yes,Month-to-month,No,Electronic check,54.69,2406.16,1,Yes
3803-BHYBB,Male,0,Yes,Yes,2,No,No phone service,Fiber optic,No,No,Yes,No,No,Yes,Month-to-month,No,Electronic check,70.55,44.15,0,Yes
3804-ZITUY,Male,0,No,Yes,69,Yes,No,DSL,No,Yes,Yes,Yes,No,Yes,Month-to-month,No,Bank transfer (automatic),24.87,1667.22,1,No
3805-FZLYI,Male,0,No,No,6,Yes,No,No,No internet service,No internet service,No internet service,No internet service,No internet service,No internet service,Month-to-month,Yes,Bank transfer (automatic),18.0,122.86,1,No
3806-GLZYE,Male,0,No,Yes,72,Yes,No,Fiber optic,No,Yes,Yes,Yes,Yes,Yes,Two year,Yes,Mailed check,82.36,5894.38,2,No
3807-PELXZ,Male,0,No,No,72,Yes,No,Fiber optic,Yes,No,Yes,Yes,Yes,No,Month-to-month,Yes,Mailed check,57.15,4149.44,0,Yes
3808-TIWGS,Female,0,No,Yes,16,Yes,Yes,DSL,No,No,Yes,No,No,Yes,One year,No,Credit card (automatic),53.11,793.74,2,No
3809-TWKUL,Female,0,Yes,No,72,Yes,Yes,DSL,No,No,No,No,No,No,Month-to-month,No,Electronic check,38.85,2820.83,2,No
3810-CQGVJ,Male,0,No,Yes,65,Yes,No,Fiber optic,Yes,No,No,No,No,No,Two year,No,Electronic check,74.2,4799.85,3,No
3811-WOBMD,Male,0,No,No,2,Yes,Yes,Fiber optic,No,Yes,No,No,No,No,One year,No,Electronic check,71.21,54.72,1,No
3812-RXWAB,Male,0,No,No,72,Yes,No,Fiber optic,No,No,Yes,Yes,Yes,Yes,Two year,Yes,Mailed check,67.72,4886.13,2,Yes
3813-BDCQN,Female,0,No,No,1,Yes,Yes,DSL,No,No,No,Yes,Yes,Yes,Month-to-month,Yes,Bank transfer (automatic),50.3,115.27,2,No
3814-BPKYM,Female,0,Yes,No,6,Yes,No,DSL,No,No,Yes,Yes,Yes,No,Month-to-month,Yes,Bank transfer (automatic),56.12,290.8,3,Yes
3815-AYWBB,Female,0,Yes,Yes,28,No,No phone service,DSL,Yes,Yes,No,Yes,Yes,Yes,Month-to-month,No,Electronic check,37.84,1048.37,2,No
3816-UEDLZ,Male,0,No,No,2,Yes,Yes,No,No internet service,No internet service,No internet service,No internet service,No internet service,No internet service,One year,Yes,Mailed check,21.61,18.0,0,No
3817-ZCTJT,Female,0,No,No,5,Yes,No,Fiber optic,Yes,No,No,No,Yes,No,One year,Yes,Electronic check,62.86,351.27,1,No
3818-RUUUJ,Male,1,No,No,72,Yes,No,No,No internet service,No internet service,No internet service,No internet service,No internet service,No internet service,Two year,No,Electronic check,28.02,2052.01,1,No
3819-AFKBG,Male,0,No,Yes,72,Yes,Yes,Fiber optic,Yes,Yes,No,Yes,Yes,No,Two year,No,Electronic check,79.99,5745.36,1,No
3820-TUUUR,Male,0,Yes,Yes,51,Yes,Yes,No,No internet service,No internet service,No internet service,No internet service,No internet service,No internet service,Two year,No,Mailed check,18.0,892.93,1,No
3821-USDMR,Male,0,Yes,No,23,Yes,Yes,DSL,Yes,No,No,No,No,Yes,One year,No,Mailed check,49.75,1177.41,4,No
3822-TYXMS,Female,0,Yes,No,72,No,No phone service,Fiber optic,Yes,No,No,No,Yes,Yes,Month-to-month,Yes,Bank transfer (automatic),81.05,5823.66,4,No
3823-QAFST,Female,0,No,Yes,3,Yes,No,DSL,No,No,Yes,Yes,Yes,No,Two year,No,Bank transfer (automatic),37.2,158.12,4,No
3824-AHQUV,Male,0,Yes,No,72,Yes,No,Fiber optic,Yes,Yes,Yes,No,No,No,Two year,Yes,Credit card (automatic),61.95,4455.94,1,No
3825-ORGPG,Male,1,No,Yes,13,Yes,No,Fiber optic,No,No,Yes,No,Yes,No,Month-to-month,Yes,Bank transfer (automatic),71.7,966.82,3,Yes
3826-QDLMD,Male,0,No,Yes,63,Yes,Yes,Fiber optic,No,No,Yes,Yes,No,No,One year,Yes,Electronic check,56.65,3587.07,1,No
3827-UAAGI,Male,0,No,No,35,No,No phone service,No,No internet service,No internet service,No internet service,No internet service,No internet service,No internet service,Month-to-month,No,Mailed check,24.2,833.74,0,No
3828-APRVO,Male,0,Yes,No,72,Yes,No,Fiber optic,No,No,Yes,No,No,No,Month-to-month,Yes,Bank transfer (automatic),73.25,5160.21,3,No
3829-FBIDM,Male,0,Yes,No,64,Yes,Yes,No,No internet service,No internet service,No internet service,No internet service,No internet service,No internet service,Two year,Yes,Electronic check,32.58,2091.85,0,No
3830-WVKMK,Female,0,No,No,70,Yes,No,Fiber optic,No,No,No,No,No,No,Two year,No,Mailed check,85.52,5907.13,2,No
3831-SHGYP,Female,0,No,No,31,Yes,No,Fiber optic,No,No,Yes,No,Yes,Yes,Month-to-month,No,Electronic check,64.11,2053.96,2,Yes
3832-CQROQ,Female,1,No,No,57,Yes,No,Fiber optic,Yes,Yes,No,Yes,No,No,Month-to-month,Yes,Bank transfer (automatic),71.31,4019.96,4,No
3833-KEPOJ,Male,0,No,Yes,45,Yes,Yes,Fiber optic,Yes,Yes,No,No,No,Yes,Two year,No,Electronic check,69.11,3113.18,0,No
3834-NBPSH,Female,0,Yes,No,5,Yes,No,Fiber optic,Yes,Yes,No,No,Yes,No,Two year,Yes,Credit card (automatic),73.46,287.15,1,No
3835-OJETP,Female,0,Yes,No,33,Yes,Yes,Fiber optic,No,No,No,No,No,No,One year,Yes,Electronic check,57.24,1768.89,1,No
3836-UZVLW,Female,1,Yes,Yes,5,Yes,No,No,No internet service,No internet service,No internet service,No internet service,No internet service,No internet service,Month-to-month,Yes,Credit card (automatic),26.95,95.66,2,No
3837-MIQTL,Female,0,No,No,65,Yes,Yes,Fiber optic,No,Yes,No,No,Yes,No,Two year,No,Electronic check,78.33,5133.6,1,No
3838-YEXLA,Female,1,Yes,No,2,Yes,No,Fiber optic,No,Yes,No,No,Yes,No,One year,Yes,Bank transfer (automatic),67.17,84.95,3,No
3839-TPLIM,Male,0,No,No,72,Yes,Yes,DSL,No,Yes,No,Yes,Yes,No,Month-to-month,Yes,Credit card (automatic),24.66,1788.11,0,Yes
3840-QQDNS,Male,0,No,No,16,Yes,Yes,DSL,No,No,No,No,No,No,Two year,Yes,Bank transfer (automatic),38.8,612.06,2,No
3841-GCALO,Male,0,Yes,Yes,5,Yes,No,DSL,Yes,Yes,No,No,Yes,No,One year,Yes,Credit card (automatic),40.52,213.1,2,No
3842-KJBZD,Female,0,No,Yes,72,Yes,No,Fiber optic,Yes,Yes,No,No,Yes,No,Month-to-month,Yes,Electronic check,68.99,4969.64,2,No
3843-QQHWN,Male,0,No,No,1,Yes,Yes,DSL,No,Yes,No,No,Yes,Yes,Month-to-month,No,Electronic check,43.19,18.0,4,Yes
3844-XDFSX,Female,0,No,Yes,20,No,No phone service,No,No internet service,No internet service,No internet service,No internet service,No internet service,No internet service,Month-to-month,Yes,Mailed check,18.0,385.54,1,Yes
3845-DCTFW,Male,0,Yes,Yes,47,No,No phone service,No,No internet service,No internet service,No internet service,No internet service,No internet service,No internet service,Two year,Yes,Credit card (automatic),21.75,1030.61,1,No
3846-GNLPT,Female,0,Yes,Yes,12,Yes,No,Fiber optic,No,No,Yes,No,No,No,Two year,No,Electronic check,78.23,958.9,1,No
3847-HWBMH,Female,0,Yes,No,24,Yes,No,DSL,Yes,No,No,Yes,No,No,Month-to-month,Yes,Electronic check,39.43,923.85,1,No
3848-YUTPD,Male,1,Yes,Yes,38,Yes,No,Fiber optic,Yes,No,Yes,No,No,No,One year,Yes,Electronic check,68.34,2575.68,2,No
3849-PTFDP,Male,0,Yes,Yes,72,Yes,No,Fiber optic,No,No,No,Yes,Yes,Yes,Month-to-month,Yes,Mailed check,69.52,5038.83,0,No
3850-WWUME,Female,0,No,Yes,3,Yes,No,DSL,No,No,No,No,No,No,Month-to-month,Yes,Electronic check,58.79,246.28,1,Yes
3851-OZHGN,Female,0,Yes,No,5,Yes,Yes,Fiber optic,Yes,No,No,No,No,Yes,Month-to-month,Yes,Mailed check,64.28,321.78,1,No
3852-GVGWZ,Male,0,No,No,22,Yes,No,No,No internet service,No internet service,No internet service,No internet service,No internet service,No internet service,Two year,Yes,Mailed check,22.91,448.46,2,No
3853-RJRNJ,Male,0,No,Yes,17,Yes,No,Fiber optic,No,No,No,No,No,Yes,Month-to-month,Yes,Mailed check,75.83,1274.15,1,No
3854-GZGGE,Female,0,Yes,No,16,No,No phone service,Fiber optic,No,No,No,Yes,Yes,Yes,Month-to-month,Yes,Mailed check,66.16,1072.47,2,Yes
3855-ANRMY,Male,1,No,No,11,Yes,No,No,No internet service,No internet service,No internet service,No internet service,No internet service,No internet service,Two year,Yes,Mailed check,18.0,221.88,0,No
3856-HHJQF,Male,0,No,No,26,Yes,No,Fiber optic,Yes,No,No,No,No,Yes,Two year,No,Electronic check,68.75,1730.59,0,No
3857-OOYPH,Male,0,No,Yes,68,No,No phone service,Fiber optic,No,No,Yes,Yes,No,No,Two year,No,Electronic check,47.73,3209.01,4,No
3858-STOCF,Male,0,Yes,No,5,Yes,Yes,Fiber optic,No,No,No,No,No,No,Two year,Yes,Electronic check,72.67,348.27,2,Yes
3859-YHPOM,Female,0,No,No,7,Yes,Yes,No,No internet service,No internet service,No internet service,No internet service,No internet service,No internet service,Month-to-month,Yes,Mailed check,18.0,199.64,4,No
3860-ZTORM,Female,1,Yes,Yes,35,Yes,Yes,No,No internet service,No internet service,No internet service,No internet service,No internet service,No internet service,Month-to-month,Yes,Mailed check,18.0,542.57,1,No
3861-XHNKF,Female,0,No,Yes,1,Yes,No,Fiber optic,No,Yes,No,No,Yes,Yes,Month-to-month,No,Credit card (automatic),91.02,127.47,2,No
3862-XYAYB,Male,0,No,Yes,35,Yes,Yes,Fiber optic,No,No,No,No,No,Yes,Month-to-month,Yes,Bank transfer (automatic),72.25,2443.4,0,No
3863-MAXXD,Female,0,Yes,No,12,Yes,Yes,DSL,No,No,No,Yes,No,No,Month-to-month,Yes,Credit card (automatic),41.54,489.02,2,Yes
3864-XWBUZ,Female,0,Yes,No,14,Yes,Yes,Fiber optic,No,No,No,No,No,No,Two year,Yes,Electronic check,67.95,991.04,0,No
3865-TPCQE,Male,0,No,Yes,16,Yes,No,DSL,No,No,No,Yes,Yes,No,One year,No,Electronic check,50.95,753.94,0,No
3866-ZHLYW,Male,0,No,Yes,13,No,No phone service,Fiber optic,No,Yes,No,No,No,No,Two year,No,Electronic check,69.36,861.78,3,No
3867-LAAOQ,Female,0,No,No,58,Yes,Yes,Fiber optic,No,No,Yes,No,No,Yes,Month-to-month,Yes,Credit card (automatic),58.64,3445.94,2,No
3868-BQTZI,Female,1,Yes,No,72,Yes,No,Fiber optic,No,No,Yes,No,No,No,Month-to-month,Yes,Mailed check,68.35,4967.6,1,No
3869-LDMDG,Male,0,Yes,No,25,Yes,Yes,Fiber optic,No,Yes,No,No,No,No,One year,Yes,Credit card (automatic),70.7,1762.17,2,No
3870-NIWAA,Male,0,Yes,No,27,Yes,Yes,DSL,No,No,No,No,Yes,Yes,Month-to-month,Yes,Credit card (automatic),50.65,1369.72,2,No
3871-TDAVJ,Male,0,No,No,2,Yes,Yes,Fiber optic,Yes,Yes,No,No,Yes,Yes,Month-to-month,No,Credit card (automatic),80.33,243.09,1,No
3872-BUXOC,Male,0,Yes,Yes,39,Yes,No,DSL,No,Yes,Yes,No,Yes,No,One year,No,Electronic check,37.05,1525.21,1,No
3873-YWIQU,Male,0,Yes,No,28,Yes,Yes,DSL,No,Yes,Yes,No,No,No,One year,No,Mailed check,51.76,1517.34,3,No
3874-MCDDK,Female,0,Yes,No,1,Yes,No,DSL,No,Yes,No,No,Yes,No,Month-to-month,No,Bank transfer (automatic),43.26,18.0,0,No
3875-GZKXK,Female,0,No,No,7,Yes,Yes,Fiber optic,No,No,No,No,Yes,Yes,Two year,Yes,Mailed check,69.49,524.65,1,No
3876-JEMLJ,Female,0,No,No,7,Yes,No,Fiber optic,No,No,No,No,No,Yes,One year,No,Credit card (automatic),57.49,396.52,3,Yes
3877-GSSSL,Female,0,No,No,5,Yes,No,Fiber optic,Yes,Yes,No,No,No,No,One year,No,Credit card (automatic),54.7,300.87,6,No
3878-TVOEX,Male,0,No,Yes,34,Yes,No,No,No internet service,No internet service,No internet service,No internet service,No internet service,No internet service,Month-to-month,Yes,Electronic check,18.0,576.11,0,Yes
3879-NLUKE,Male,1,Yes,Yes,72,No,No phone service,Fiber optic,No,Yes,Yes,Yes,Yes,No,Month-to-month,No,Electronic check,75.98,5398.02,4,No
3880-PZRLE,Female,0,No,No,46,Yes,No,Fiber optic,No,No,No,No,Yes,No,Month-to-month,No,Bank transfer (automatic),67.56,3080.11,0,No
3881-PLWBF,Male,0,No,No,20,No,No phone service,Fiber optic,No,No,No,No,No,Yes,Month-to-month,No,Mailed check,71.83,1502.03,2,Yes
3882-WUYDM,Female,0,No,No,16,Yes,No,No,No internet service,No internet service,No internet service,No internet service,No internet service,No internet service,Two year,Yes,Credit card (automatic),18.0,185.8,1,Yes
3883-JQNXO,Female,0,Yes,No,15,Yes,No,DSL,Yes,Yes,Yes,No,Yes,Yes,One year,Yes,Bank transfer (automatic),47.98,760.49,2,No
3884-HWXRC,Female,0,No,Yes,29,Yes,Yes,Fiber optic,Yes,Yes,No,No,Yes,Yes,Month-to-month,No,Electronic check,81.08,2371.08,2,No
3885-YQXXG,Female,0,No,No,14,Yes,Yes,DSL,No,Yes,Yes,No,No,No,Month-to-month,Yes,Mailed check,38.05,510.89,2,No
3886-MPEDZ,Female,0,No,No,8,Yes,Yes,DSL,No,No,Yes,No,Yes,No,One year,Yes,Credit card (automatic),50.47,362.14,1,Yes
3887-JMJNZ,Female,0,No,No,29,Yes,No,No,No internet service,No internet service,No internet service,No internet service,No internet service,No internet service,Two year,Yes,Credit card (automatic),21.24,619.13,2,No
3888-VLAUT,Male,0,No,No,15,Yes,No,Fiber optic,No,No,Yes,No,No,No,Month-to-month,Yes,Mailed check,61.27,910.07,1,Yes
3889-TGIHM,Male,0,Yes,Yes,1,Yes,Yes,DSL,No,No,No,No,No,Yes,Month-to-month,Yes,Electronic check,41.78,18.0,0,Yes
3890-NLHUV,Female,0,No,Yes,1,Yes,No,No,No internet service,No internet service,No internet service,No internet service,No internet service,No internet service,Month-to-month,No,Electronic check,27.62,47.88,1,Yes
3891-RPKPN,Female,0,No,No,10,Yes,No,No,No internet service,No internet service,No internet service,No internet service,No internet service,No internet service,Month-to-month,Yes,Electronic check,18.0,117.89,3,Yes
3892-CUBCD,Female,0,Yes,No,22,Yes,Yes,DSL,No,No,No,No,No,No,One year,Yes,Mailed check,57.13,1325.07,0,No
3893-VEJTB,Male,0,Yes,No,13,Yes,No,DSL,No,No,Yes,Yes,No,No,Two year,Yes,Bank transfer (automatic),59.58,817.58,0,No
3894-LEEWA,Male,0,No,No,1,Yes,Yes,No,No internet service,No internet service,No internet service,No internet service,No internet service,No internet service,Month-to-month,Yes,Electronic check,18.0,18.0,1,Yes
3895-DUXLL,Male,1,Yes,No,8,No,No phone service,Fiber optic,No,Yes,No,Yes,Yes,No,Month-to-month,No,Bank transfer (automatic),73.13,588.55,1,No
3896-PXQUJ,Female,0,No,No,3,Yes,No,No,No internet service,No internet service,No internet service,No internet service,No internet service,No internet service,Two year,No,Electronic check,25.95,79.62,1,No
3897-QQRBY,Male,0,Yes,No,72,Yes,Yes,Fiber optic,No,No,Yes,No,Yes,No,Month-to-month,Yes,Bank transfer (automatic),53.12,3946.45,4,No
3898-DSKQL,Female,0,No,Yes,12,Yes,Yes,Fiber optic,No,Yes,Yes,No,No,No,One year,Yes,Mailed check,73.29,779.35,0,Yes
3899-BFIET,Male,0,No,No,1,Yes,No,DSL,Yes,No,No,Yes,Yes,Yes,One year,No,Credit card (automatic),18.0,77.08,0,No
3900-UIWHT,Female,0,Yes,No,34,Yes,Yes,Fiber optic,No,No,No,No,Yes,No,Two year,Yes,Credit card (automatic),74.99,2513.49,1,No
3901-HVUWF,Female,0,Yes,No,8,Yes,No,No,No internet service,No internet service,No internet service,No internet service,No internet service,No internet service,One year,No,Mailed check,18.0,163.64,0,No
3902-CEIGD,Female,0,Yes,No,26,Yes,No,DSL,Yes,Yes,Yes,Yes,No,No,Month-to-month,No,Mailed check,55.82,1464.59,2,No
3903-GEKOB,Male,0,Yes,Yes,5,Yes,Yes,Fiber optic,No,No,No,No,No,No,Month-to-month,No,Bank transfer (automatic),64.06,316.33,2,Yes
3904-MVPGH,Male,0,No,Yes,72,Yes,Yes,DSL,No,Yes,No,No,Yes,No,One year,Yes,Electronic check,39.06,2832.7,1,No
3905-FXGRV,Male,0,Yes,No,72,Yes,No,Fiber optic,Yes,Yes,No,No,No,Yes,One year,No,Bank transfer (automatic),71.22,5058.57,4,No
3906-YVTGC,Female,0,No,Yes,34,Yes,No,DSL,No,No,Yes,No,Yes,No,One year,Yes,Mailed check,37.94,1203.48,0,No
3907-EAOZC,Female,0,No,No,39,Yes,No,Fiber optic,No,Yes,No,No,No,Yes,Two year,Yes,Mailed check,61.97,2390.34,5,No
3908-HYIOJ,Male,0,Yes,No,17,Yes,Yes,Fiber optic,Yes,Yes,Yes,No,No,No,Month-to-month,Yes,Credit card (automatic),81.64,1426.49,2,No
3909-BTESM,Male,0,Yes,No,72,Yes,No,Fiber optic,No,Yes,No,No,Yes,No,Two year,Yes,Electronic check,74.73,5370.88,0,No
3910-KAVOZ,Female,0,Yes,Yes,17,Yes,Yes,Fiber optic,No,No,No,No,Yes,No,Month-to-month,No,Electronic check,80.78,1299.73,0,No
3911-RPIAK,Female,0,No,No,8,Yes,No,Fiber optic,No,Yes,No,Yes,No,Yes,Month-to-month,Yes,Electronic check,72.61,549.85,2,Yes
3912-IWKMZ,Male,1,Yes,No,3,Yes,No,DSL,No,Yes,No,No,No,Yes,Month-to-month,No,Bank transfer (automatic),37.95,87.74,0,No
3913-BNFHR,Female,0,Yes,No,7,Yes,No,Fiber optic,No,No,Yes,Yes,Yes,No,Month-to-month,No,Credit card (automatic),72.14,417.17,1,Yes
3914-PULKF,Male,0,Yes,Yes,27,Yes,No,No,No internet service,No internet service,No internet service,No internet service,No internet service,No internet service,Month-to-month,Yes,Credit card (automatic),19.45,515.14,3,No
3915-CNBKV,Male,0,No,No,8,Yes,Yes,Fiber optic,No,Yes,Yes,Yes,No,Yes,One year,Yes,Mailed check,65.42,505.83,0,No
3916-CRAXA,Female,0,No,Yes,33,Yes,Yes,Fiber optic,Yes,No,Yes,No,Yes,No,Month-to-month,Yes,Bank transfer (automatic),79.92,2610.25,3,Yes
3917-LOEFP,Male,0,No,No,15,Yes,No,Fiber optic,No,Yes,No,No,Yes,No,One year,Yes,Bank transfer (automatic),74.08,1087.71,2,Yes
3918-LLCWB,Male,0,Yes,No,69,Yes,No,Fiber optic,No,No,No,Yes,Yes,No,Month-to-month,Yes,Mailed check,72.72,5032.55,0,No
3919-GBUGK,Female,0,Yes,No,26,Yes,No,Fiber optic,No,Yes,Yes,Yes,Yes,No,Month-to-month,No,Bank transfer (automatic),65.8,1701.28,0,Yes
3920-KNCNK,Male,0,Yes,No,31,Yes,No,DSL,No,Yes,No,No,Yes,No,Month-to-month,Yes,Mailed check,54.29,1640.86,2,No
3921-DQPCY,Male,0,No,Yes,26,Yes,No,No,No internet service,No internet service,No internet service,No internet service,No internet service,No internet service,Month-to-month,No,Bank transfer (automatic),18.0,449.54,2,No
3922-JUOHR,Female,1,Yes,No,69,Yes,No,DSL,No,No,No,No,Yes,No,One year,Yes,Mailed check,49.85,3384.35,0,No
3923-CGJTI,Female,0,Yes,No,2,Yes,Yes,Fiber optic,No,No,Yes,Yes,No,No,Two year,Yes,Electronic check,80.47,141.5,1,No
3924-NWNKA,Male,0,Yes,Yes,2,Yes,Yes,DSL,No,No,No,No,No,No,Month-to-month,Yes,Credit card (automatic),45.86,101.73,3,No
3925-DZFVZ,Male,0,No,No,38,No,No phone service,No,No internet service,No internet service,No internet service,No internet service,No internet service,No internet service,Month-to-month,Yes,Electronic check,28.44,1099.95,1,No
3926-VECBC,Female,0,Yes,Yes,46,No,No phone service,Fiber optic,No,No,Yes,No,Yes,No,One year,No,Electronic check,77.27,3568.42,1,No
3927-ISSQR,Female,0,No,Yes,18,Yes,Yes,DSL,No,Yes,No,Yes,Yes,Yes,Two year,Yes,Credit card (automatic),32.72,545.04,0,No
3928-KLCRX,Male,0,No,No,13,Yes,Yes,No,No internet service,No internet service,No internet service,No internet service,No internet service,No internet service,Month-to-month,No,Credit card (automatic),25.95,384.48,0,Yes
3929-FGAFR,Male,0,Yes,Yes,10,Yes,Yes,Fiber optic,No,Yes,Yes,No,Yes,No,Month-to-month,No,Electronic check,63.0,645.56,3,Yes
3930-MVSGS,Male,0,No,No,8,Yes,No,Fiber optic,No,No,No,No,No,No,Month-to-month,Yes,Credit card (automatic),73.48,577.33,2,Yes
3931-ICWLT,Male,0,No,No,72,Yes,Yes,No,No internet service,No internet service,No internet service,No internet service,No internet service,No internet service,Month-to-month,Yes,Electronic check,27.96,2015.23,0,No
3932-XRHIM,Female,0,No,No,11,Yes,No,DSL,No,No,No,Yes,No,No,Month-to-month,Yes,Electronic check,51.34,540.06,1,No
3933-HVJQG,Female,0,Yes,No,33,Yes,No,DSL,No,No,No,No,No,No,Month-to-month,Yes,Electronic check,44.87,1512.89,2,Yes
3934-QWRXB,Female,0,Yes,Yes,49,Yes,Yes,Fiber optic,No,Yes,No,No,No,Yes,Month-to-month,Yes,Electronic check,68.02,3320.2,3,No
3935-CSAUU,Female,0,No,No,1,Yes,No,Fiber optic,No,Yes,No,No,No,No,Month-to-month,Yes,Electronic check,84.5,63.48,3,No
3936-JUNMI,Male,1,Yes,No,1,Yes,Yes,DSL,No,No,No,No,No,No,Month-to-month,Yes,Credit card (automatic),62.52,18.0,1,No
3937-FFSUJ,Female,0,No,No,12,Yes,No,No,No internet service,No internet service,No internet service,No internet service,No internet service,No internet service,One year,No,Electronic check,24.01,230.62,0,Yes
3938-WCRUS,Male,1,No,No,38,Yes,No,Fiber optic,Yes,No,Yes,No,No,Yes,One year,Yes,Bank transfer (automatic),49.3,1799.46,2,No
3939-EYKJQ,Male,0,No,No,9,No,No phone service,No,No internet service,No internet service,No internet service,No internet service,No internet service,No internet service,Month-to-month,Yes,Bank transfer (automatic),18.0,171.63,0,No
3940-DZURR,Female,0,Yes,No,1,Yes,No,DSL,No,Yes,No,Yes,No,No,Two year,No,Bank transfer (automatic),41.53,69.99,1,No
3941-ANHBS,Female,0,No,No,10,Yes,No,Fiber optic,No,No,No,No,No,No,Two year,Yes,Credit card (automatic),79.18,856.23,1,No
3942-OBDAS,Male,0,No,No,3,Yes,No,DSL,No,No,Yes,No,Yes,Yes,Month-to-month,Yes,Mailed check,45.58,161.94,1,Yes
3943-UJATV,Female,0,No,No,7,Yes,No,Fiber optic,Yes,No,No,No,No,No,Two year,No,Electronic check,86.6,538.47,1,Yes
3944-ODGGV,Male,0,Yes,No,12,Yes,Yes,DSL,No,No,Yes,No,Yes,Yes,One year,Yes,Electronic check,50.19,638.04,3,No
3945-YRMJX,Male,0,No,Yes,4,Yes,No,Fiber optic,No,Yes,No,Yes,Yes,No,Month-to-month,No,Credit card (automatic),77.02,298.91,1,Yes
3946-HJNNT,Female,0,Yes,Yes,39,Yes,Yes,DSL,No,Yes,Yes,Yes,No,No,Month-to-month,No,Mailed check,27.43,1084.69,0,No
3947-VKFUA,Male,0,Yes,No,9,Yes,Yes,DSL,Yes,No,No,No,No,Yes,One year,No,Mailed check,45.34,379.8,4,No
3948-SGXRC,Female,1,No,No,34,Yes,No,DSL,Yes,No,Yes,No,No,Yes,Month-to-month,No,Bank transfer (automatic),50.34,1753.03,3,No
3949-TKESU,Female,0,No,No,29,Yes,Yes,Fiber optic,No,No,No,No,No,No,Month-to-month,Yes,Electronic check,68.37,2008.02,1,No
3950-XXBVD,Female,0,Yes,No,72,Yes,No,DSL,No,Yes,No,No,Yes,Yes,Month-to-month,Yes,Credit card (automatic),38.79,2715.68,3,No
3951-YJBHA,Male,1,No,Yes,2,No,No phone service,Fiber optic,No,No,No,No,Yes,No,Month-to-month,Yes,Mailed check,73.64,130.75,2,Yes
3952-FKJMA,Female,0,Yes,No,7,No,No phone service,Fiber optic,No,No,Yes,Yes,No,Yes,Two year,No,Electronic check,65.3,408.98,2,No
3953-BCIEJ,Male,0,Yes,No,64,Yes,Yes,DSL,Yes,No,No,No,No,No,One year,No,Electronic check,42.05,2740.67,2,No
3954-JLRZU,Female,0,No,No,55,Yes,Yes,DSL,Yes,No,Yes,No,No,No,Month-to-month,Yes,Electronic check,41.46,2280.87,0,No
3955-UACEY,Male,1,Yes,No,6,Yes,No,Fiber optic,No,No,No,Yes,No,No,Month-to-month,No,Electronic check,79.52,453.21,1,No
3956-ZQHQI,Male,0,No,No,3,Yes,No,Fiber optic,No,No,No,No,No,Yes,Month-to-month,Yes,Credit card (automatic),82.75,242.12,1,No
3957-FQHUG,Male,0,No,No,62,Yes,No,DSL,No,No,No,No,Yes,No,Two year,Yes,Mailed check,55.79,3480.35,0,No
3958-GOGVH,Male,0,Yes,Yes,6,Yes,Yes,No,No internet service,No internet service,No internet service,No internet service,No internet service,No internet service,Two year,Yes,Mailed check,18.0,166.53,2,No
3959-IOBGO,Male,1,No,No,65,Yes,No,Fiber optic,Yes,Yes,No,No,Yes,No,One year,No,Bank transfer (automatic),67.93,4385.1,2,No
3960-RVRJV,Female,1,Yes,Yes,72,Yes,Yes,DSL,No,No,Yes,No,No,Yes,Month-to-month,Yes,Credit card (automatic),51.76,3740.07,2,No
3961-RAGCN,Male,0,No,No,7,Yes,Yes,No,No internet service,No internet service,No internet service,No internet service,No internet service,No internet service,Two year,Yes,Electronic check,18.13,136.45,0,No
3962-LNDMP,Female,1,No,No,58,Yes,No,No,No internet service,No internet service,No internet service,No internet service,No internet service,No internet service,Two year,No,Electronic check,24.42,1351.78,1,No
3963-PVETY,Female,0,No,Yes,17,Yes,No,Fiber optic,No,Yes,No,No,No,No,One year,No,Electronic check,69.04,1200.64,3,No
3964-FFRFG,Female,0,Yes,No,49,Yes,No,No,No internet service,No internet service,No internet service,No internet service,No internet service,No internet service,One year,Yes,Credit card (automatic),18.0,856.72,1,No
3965-XXPIZ,Female,1,Yes,No,16,No,No phone service,DSL,No,Yes,No,No,Yes,No,Month-to-month,No,Mailed check,52.23,954.99,1,Yes
3966-MLSZW,Male,0,Yes,No,2,Yes,No,No,No internet service,No internet service,No internet service,No internet service,No internet service,No internet service,One year,Yes,Electronic check,18.0,18.0,3,No
3967-WAHDU,Female,0,No,Yes,39,Yes,Yes,DSL,No,Yes,Yes,Yes,No,No,Month-to-month,Yes,Credit card (automatic),40.84,1569.65,1,No
3968-VSUZE,Female,0,No,Yes,5,Yes,No,Fiber optic,No,Yes,No,No,No,No,One year,Yes,Electronic check,71.89,297.05,1,No
3969-QCSAW,Female,0,Yes,No,72,Yes,Yes,Fiber optic,Yes,No,No,No,No,No,Month-to-month,Yes,Credit card (automatic),58.11,4125.2,1,No
3970-AWTIW,Female,0,Yes,No,17,Yes,Yes,DSL,No,No,No,No,Yes,No,Two year,No,Credit card (automatic),46.02,795.36,0,No
3971-EGYZF,Female,1,No,No,2,Yes,Yes,No,No internet service,No internet service,No internet service,No internet service,No internet service,No internet service,Two year,Yes,Electronic check,19.49,118.53,2,No
3972-QVQML,Female,0,Yes,No,8,Yes,No,DSL,Yes,No,Yes,Yes,No,No,Month-to-month,Yes,Bank transfer (automatic),40.45,273.8,1,No
3973-DHEEM,Male,1,Yes,Yes,63,Yes,Yes,No,No internet service,No internet service,No internet service,No internet service,No internet service,No internet service,Two year,No,Credit card (automatic),18.65,1162.26,2,No
3974-ZKHHA,Male,0,No,Yes,12,Yes,No,DSL,No,No,No,No,Yes,Yes,Month-to-month,No,Credit card (automatic),41.97,524.69,1,No
3975-MEUHQ,Male,0,Yes,No,62,Yes,No,Fiber optic,No,No,Yes,No,No,No,Month-to-month,No,Electronic check,61.25,3771.82,1,No
3976-WWMIB,Female,0,No,Yes,6,Yes,No,DSL,No,Yes,No,No,No,Yes,Month-to-month,Yes,Electronic check,40.42,260.4,0,Yes
3977-STQGZ,Female,0,Yes,No,20,Yes,No,Fiber optic,No,Yes,No,No,No,Yes,One year,Yes,Electronic check,70.25,1430.16,2,No
3978-CSSXI,Female,0,Yes,No,67,No,No phone service,No,No internet service,No internet service,No internet service,No internet service,No internet service,No internet service,Two year,No,Mailed check,32.58,2157.62,2,No
3979-JNRZO,Male,0,No,No,1,Yes,No,Fiber optic,Yes,Yes,Yes,No,No,No,Month-to-month,No,Electronic check,61.87,68.37,4,Yes
3980-ZAYFO,Female,0,No,No,11,Yes,No,DSL,Yes,Yes,No,No,Yes,Yes,Month-to-month,Yes,Mailed check,38.46,478.86,0,No
3981-YFRAX,Female,0,No,No,72,Yes,No,DSL,No,No,Yes,No,No,No,Month-to-month,Yes,Credit card (automatic),41.96,3001.03,3,No
3982-CQPHQ,Male,0,Yes,No,29,Yes,Yes,DSL,No,No,No,Yes,No,Yes,Month-to-month,Yes,Electronic check,59.68,1709.49,0,No
3983-HQYIL,Female,0,No,No,40,Yes,Yes,No,No internet service,No internet service,No internet service,No internet service,No internet service,No internet service,One year,Yes,Bank transfer (automatic),18.0,724.0,5,No
3984-YSDUV,Male,0,No,No,59,Yes,No,Fiber optic,No,Yes,Yes,Yes,No,Yes,One year,No,Credit card (automatic),55.6,3312.68,1,No
3985-YKDNN,Female,0,Yes,Yes,23,Yes,Yes,Fiber optic,Yes,Yes,No,No,No,No,Month-to-month,Yes,Mailed check,74.1,1744.33,2,Yes
3986-FQBHD,Female,0,No,No,59,Yes,Yes,DSL,No,Yes,No,Yes,Yes,No,Two year,Yes,Electronic check,46.52,2659.9,2,No
3987-JGDPN,Female,0,No,Yes,32,Yes,No,Fiber optic,No,No,No,Yes,Yes,No,One year,Yes,Credit card (automatic),69.83,2282.12,1,No
3988-PYIDX,Male,0,No,No,37,Yes,No,Fiber optic,No,Yes,No,No,No,No,Month-to-month,Yes,Bank transfer (automatic),70.02,2546.51,1,Yes
3989-FAGAS,Female,1,No,Yes,5,Yes,No,DSL,Yes,Yes,No,No,No,Yes,Month-to-month,Yes,Electronic check,32.29,134.31,3,No
3990-HYCAA,Male,0,Yes,No,72,Yes,No,Fiber optic,No,Yes,Yes,No,No,Yes,Two year,Yes,Electronic check,72.61,5188.9,1,No
3991-GUMAP,Female,0,No,No,50,Yes,No,DSL,Yes,No,No,Yes,No,Yes,One year,Yes,Bank transfer (automatic),56.95,2821.95,1,No
3992-VVNDW,Male,1,No,No,9,No,No phone service,Fiber optic,No,No,No,No,No,No,Month-to-month,Yes,Mailed check,79.4,726.69,1,Yes
3993-WLYLQ,Female,0,Yes,No,27,Yes,Yes,Fiber optic,No,No,Yes,Yes,No,Yes,Month-to-month,Yes,Mailed check,77.55,2158.28,3,Yes
3994-UOJCW,Male,1,No,No,15,Yes,Yes,DSL,No,Yes,No,No,No,Yes,Month-to-month,Yes,Mailed check,64.77,1092.69,1,No
3995-TTLAA,Male,0,Yes,Yes,34,Yes,Yes,DSL,No,No,Yes,No,No,No,Month-to-month,Yes,Mailed check,39.82,1312.78,1,No
3996-JROBQ,Female,0,Yes,No,72,Yes,Yes,DSL,No,No,No,No,Yes,Yes,Month-to-month,No,Credit card (automatic),42.08,2965.95,0,No
3997-HVVZZ,Male,0,Yes,No,1,Yes,Yes,DSL,Yes,No,No,Yes,No,No,Two year,No,Credit card (automatic),35.65,18.0,3,No
3998-IUTKF,Male,0,No,No,72,Yes,No,Fiber optic,No,No,No,No,No,No,Month-to-month,No,Electronic check,87.71,6343.74,0,No
3999-XNAGX,Male,1,No,Yes,2,Yes,No,DSL,No,No,No,Yes,No,Yes,Two year,Yes,Bank transfer (automatic),45.77,66.8,1,No
4000-IKXWP,Female,1,Yes,Yes,19,Yes,No,Fiber optic,No,Yes,No,Yes,No,No,Month-to-month,Yes,Mailed check,75.79,1533.52,0,Yes
4001-SBOCD,Male,1,No,No,21,No,No phone service,Fiber optic,Yes,Yes,No,No,No,Yes,Month-to-month,Yes,Electronic check,69.54,1345.15,0,Yes
4002-TVGLD,Female,1,Yes,No,10,Yes,Yes,No,No internet service,No internet service,No internet service,No internet service,No internet service,No internet service,One year,Yes,Electronic check,18.0,188.49,1,Yes
4003-JFYVN,Male,1,No,No,26,Yes,No,DSL,No,No,Yes,No,No,No,One year,Yes,Electronic check,39.37,999.72,0,No
4004-CQKJZ,Male,0,No,Yes,57,No,No phone service,DSL,No,No,Yes,No,No,No,One year,Yes,Mailed check,39.89,2219.43,0,No
4005-UJJCX,Male,0,No,No,11,Yes,No,DSL,Yes,No,Yes,No,No,No,Two year,No,Electronic check,33.07,375.02,1,No
4006-ZOQRS,Male,0,No,No,2,Yes,No,Fiber optic,No,Yes,Yes,Yes,Yes,No,Month-to-month,No,Mailed check,50.6,29.64,1,Yes
4007-SLXEX,Female,0,Yes,Yes,32,Yes,Yes,Fiber optic,Yes,No,No,No,No,No,One year,No,Electronic check,73.21,2382.06,0,No
4008-POOFL,Female,0,No,No,44,Yes,Yes,Fiber optic,No,Yes,No,No,Yes,No,Month-to-month,No,Electronic check,74.04,3342.27,1,No
4009-BTIDE,Male,1,No,Yes,72,Yes,No,DSL,Yes,No,No,No,Yes,No,One year,No,Mailed check,52.38,3869.23,1,No
4010-UZHVJ,Female,0,No,No,5,Yes,Yes,DSL,No,No,No,Yes,No,Yes,Two year,Yes,Bank transfer (automatic),53.81,265.44,3,No
4011-GVNEP,Female,0,No,No,72,Yes,No,Fiber optic,No,No,No,No,No,Yes,One year,Yes,Electronic check,62.16,4492.26,2,No
4012-OECWJ,Male,0,No,Yes,21,Yes,Yes,DSL,Yes,No,No,No,No,Yes,Two year,No,Credit card (automatic),62.68,1350.97,1,No
4013-EWORY,Male,0,No,No,8,Yes,Yes,No,No internet service,No internet service,No internet service,No internet service,No internet service,No internet service,Month-to-month,Yes,Electronic check,27.26,245.75,0,Yes
4014-HUBVH,Male,1,No,No,72,Yes,Yes,DSL,No,Yes,No,No,Yes,No,Month-to-month,Yes,Mailed check,47.3,3416.52,4,No
4015-WHDSW,Male,0,No,Yes,8,Yes,Yes,Fiber optic,No,No,No,Yes,Yes,No,Month-to-month,No,Bank transfer (automatic),74.74,664.41,2,No
4016-RUWAT,Male,1,Yes,No,42,Yes,No,DSL,No,No,No,No,No,No,Two year,Yes,Mailed check,30.93,1256.05,1,No
4017-ORVLA,Male,0,Yes,No,49,Yes,No,No,No internet service,No internet service,No internet service,No internet service,No internet service,No internet service,Two year,No,Bank transfer (automatic),18.0,885.34,3,No
4018-GSAXG,Female,0,No,No,18,Yes,No,Fiber optic,No,No,No,No,Yes,Yes,Month-to-month,Yes,Mailed check,79.14,1373.64,3,No
4019-BGSMY,Male,1,Yes,No,37,Yes,No,DSL,No,Yes,No,No,No,No,Month-to-month,Yes,Mailed check,35.66,1405.72,0,No
4020-XEWSA,Male,0,No,No,27,Yes,Yes,Fiber optic,No,No,Yes,Yes,No,No,Two year,No,Electronic check,66.75,1780.04,4,No
4021-ARXAE,Male,0,Yes,No,6,Yes,Yes,Fiber optic,No,No,Yes,No,No,Yes,Month-to-month,No,Mailed check,61.11,312.05,5,No
4022-ILIRW,Female,0,Yes,Yes,45,Yes,No,DSL,No,No,No,Yes,Yes,Yes,Month-to-month,Yes,Electronic check,60.61,2696.99,0,No
4023-KASVY,Male,0,No,Yes,72,Yes,No,No,No internet service,No internet service,No internet service,No internet service,No internet service,No internet service,One year,No,Credit card (automatic),38.59,2735.01,0,No
4024-JBGTB,Female,0,Yes,No,21,Yes,Yes,Fiber optic,No,No,No,No,Yes,No,Month-to-month,Yes,Electronic check,63.28,1310.74,1,No
4025-SFJIH,Female,0,Yes,No,72,Yes,No,Fiber optic,Yes,No,No,No,No,No,One year,Yes,Electronic check,89.79,6459.7,3,No
4026-ZKITT,Female,1,Yes,Yes,17,Yes,No,Fiber optic,No,No,No,No,Yes,No,Month-to-month,Yes,Mailed check,65.06,994.88,1,No
4027-IHOBX,Male,0,No,Yes,20,Yes,Yes,Fiber optic,No,No,No,Yes,No,No,Two year,Yes,Electronic check,69.8,1400.43,1,No
4028-AIIMH,Female,0,No,No,35,Yes,No,Fiber optic,Yes,No,No,No,Yes,No,Month-to-month,No,Mailed check,67.71,2330.99,1,Yes
4029-UECUD,Male,1,No,No,6,Yes,No,Fiber optic,No,No,No,Yes,No,Yes,Two year,No,Bank transfer (automatic),77.08,332.03,2,No
4030-QPPYZ,Male,1,Yes,Yes,72,Yes,Yes,Fiber optic,No,Yes,No,No,No,No,One year,Yes,Credit card (automatic),50.1,3620.66,1,No
4031-TCFAU,Male,0,No,Yes,51,Yes,No,No,No internet service,No internet service,No internet service,No internet service,No internet service,No internet service,One year,No,Mailed check,36.23,1878.77,1,No
4032-POGBJ,Male,0,Yes,No,65,Yes,No,No,No internet service,No internet service,No internet service,No internet service,No internet service,No internet service,Month-to-month,Yes,Bank transfer (automatic),18.29,1197.57,0,No
4033-YOFBX,Female,0,Yes,No,30,Yes,No,DSL,No,Yes,No,No,No,Yes,Two year,Yes,Bank transfer (automatic),34.96,1007.68,1,No
4034-XQAAD,Male,0,No,No,68,Yes,No,Fiber optic,Yes,No,Yes,No,Yes,No,Two year,No,Mailed check,62.19,4209.38,2,No
4035-TPHAZ,Female,0,Yes,No,36,Yes,No,DSL,No,Yes,No,No,Yes,Yes,Month-to-month,Yes,Mailed check,36.31,1263.38,2,No
4036-SKQYJ,Female,0,Yes,No,22,Yes,Yes,DSL,Yes,No,No,Yes,Yes,No,Month-to-month,Yes,Bank transfer (automatic),37.38,864.34,1,Yes
4037-LIGLO,Male,0,Yes,Yes,72,Yes,No,DSL,No,No,No,No,No,Yes,Month-to-month,No,Mailed check,57.17,4068.58,0,No
4038-HQENB,Male,0,Yes,No,18,Yes,No,DSL,Yes,No,No,No,No,Yes,Month-to-month,Yes,Credit card (automatic),33.71,654.79,4,Yes
4039-PQCWA,Female,0,No,Yes,22,Yes,No,No,No internet service,No internet service,No internet service,No internet service,No internet service,No internet service,Month-to-month,No,Credit card (automatic),18.0,479.71,4,No
4040-RRDOS,Female,0,Yes,No,5,Yes,No,Fiber optic,Yes,No,Yes,Yes,Yes,Yes,Month-to-month,No,Bank transfer (automatic),74.54,383.08,1,No
4041-SJESK,Male,0,No,No,72,Yes,No,DSL,No,Yes,Yes,No,No,No,Month-to-month,No,Mailed check,60.35,4385.0,3,Yes
4042-GETLS,Male,0,No,Yes,7,Yes,No,DSL,Yes,No,No,No,Yes,Yes,Two year,Yes,Bank transfer (automatic),40.2,270.84,1,No
4043-OLDLR,Male,0,Yes,No,7,Yes,Yes,DSL,Yes,No,Yes,Yes,Yes,No,Month-to-month,No,Credit card (automatic),49.16,363.34,2,No
4044-QSPKB,Female,0,No,Yes,3,Yes,No,Fiber optic,No,Yes,No,No,No,No,Two year,No,Electronic check,82.86,267.63,0,No
4045-PAQRY,Male,0,No,No,19,Yes,Yes,Fiber optic,No,No,No,Yes,No,No,Month-to-month,Yes,Electronic check,79.04,1520.27,1,No
4046-MEYXF,Male,0,No,Yes,10,Yes,No,Fiber optic,No,No,No,Yes,Yes,Yes,Two year,No,Mailed check,74.45,811.28,2,Yes
4047-AJEAW,Male,0,No,Yes,43,No,No phone service,No,No internet service,No internet service,No internet service,No internet service,No internet service,No internet service,One year,Yes,Credit card (automatic),39.06,1787.55,3,No
4048-ZKXXG,Male,0,No,No,11,Yes,No,Fiber optic,No,No,Yes,No,Yes,No,Month-to-month,Yes,Electronic check,73.12,791.49,0,Yes
4049-RUTUJ,Female,0,Yes,No,40,Yes,Yes,Fiber optic,Yes,No,Yes,No,No,No,Month-to-month,No,Mailed check,78.85,3168.97,2,Yes
4050-YODPO,Female,1,No,No,6,Yes,No,No,No internet service,No internet service,No internet service,No internet service,No internet service,No internet service,Two year,Yes,Electronic check,18.0,20.84,2,No
4051-OLHHR,Male,0,No,Yes,8,Yes,No,Fiber optic,Yes,No,No,No,No,Yes,Month-to-month,No,Electronic check,49.23,362.92,1,Yes
4052-FEBLZ,Female,0,No,No,52,No,No phone service,DSL,No,Yes,No,Yes,Yes,No,Month-to-month,No,Credit card (automatic),45.86,2398.32,2,No
4053-DWMQP,Male,0,No,No,14,Yes,Yes,Fiber optic,Yes,No,No,No,No,No,Two year,Yes,Bank transfer (automatic),85.32,1186.01,0,Yes
4054-IZAOL,Female,0,No,No,3,Yes,Yes,Fiber optic,No,Yes,No,No,No,No,Month-to-month,Yes,Bank transfer (automatic),73.13,300.41,1,No
4055-EWXRT,Female,0,Yes,No,72,Yes,No,Fiber optic,No,Yes,No,Yes,No,No,Month-to-month,Yes,Bank transfer (automatic),71.3,5120.84,5,No
4056-BDOFV,Male,0,No,No,6,Yes,Yes,Fiber optic,No,No,No,No,No,No,Month-to-month,No,Bank transfer (automatic),62.6,433.59,1,No
4057-LRTDA,Male,0,No,No,5,Yes,Yes,Fiber optic,No,No,No,No,No,Yes,Month-to-month,No,Bank transfer (automatic),65.15,279.78,0,Yes
4058-ORNCO,Male,0,Yes,No,14,Yes,No,No,No internet service,No internet service,No internet service,No internet service,No internet service,No internet service,One year,No,Mailed check,24.59,380.72,4,No
4059-EXVCV,Male,0,Yes,No,3,Yes,Yes,Fiber optic,No,Yes,Yes,No,No,Yes,Month-to-month,Yes,Mailed check,78.21,265.35,0,Yes
4060-GFZVA,Female,0,No,No,5,Yes,Yes,No,No internet service,No internet service,No internet service,No internet service,No internet service,No internet service,Month-to-month,Yes,Electronic check,47.18,151.96,3,Yes
4061-SGDLT,Male,0,No,No,59,Yes,No,Fiber optic,No,No,Yes,Yes,No,Yes,One year,Yes,Credit card (automatic),63.39,3718.45,0,No
4062-WYRIS,Male,0,Yes,Yes,6,Yes,Yes,Fiber optic,No,No,No,No,Yes,No,Two year,Yes,Electronic check,68.2,490.33,2,Yes
4063-VDAIO,Male,0,Yes,No,3,Yes,Yes,No,No internet service,No internet service,No internet service,No internet service,No internet service,No internet service,Month-to-month,No,Mailed check,18.46,84.05,1,No
4064-VHOOR,Male,0,No,No,67,Yes,No,No,No internet service,No internet service,No internet service,No internet service,No internet service,No internet service,Month-to-month,No,Electronic check,34.24,2354.55,0,No
4065-GVRPB,Male,1,Yes,No,18,Yes,Yes,Fiber optic,Yes,No,No,No,Yes,No,Month-to-month,No,Mailed check,66.16,1133.55,2,No
4066-DTPCX,Male,0,Yes,No,5,Yes,Yes,Fiber optic,No,No,Yes,No,Yes,Yes,One year,Yes,Credit card (automatic),47.56,189.93,2,No
4067-WBCZY,Female,0,No,No,27,Yes,No,Fiber optic,No,No,No,No,No,No,Month-to-month,Yes,Credit card (automatic),78.16,2076.5,2,No
4068-EBSXT,Male,0,No,No,1,Yes,No,Fiber optic,No,Yes,No,Yes,No,No,One year,Yes,Credit card (automatic),51.17,99.97,6,Yes
4069-BBVXW,Female,0,No,No,17,Yes,Yes,DSL,Yes,No,No,No,Yes,No,Two year,No,Bank transfer (automatic),54.27,957.25,0,No
4070-TRYTY,Male,0,No,No,28,Yes,No,Fiber optic,Yes,Yes,Yes,Yes,Yes,No,Month-to-month,Yes,Electronic check,37.51,1006.92,0,No
4071-UNOLK,Female,0,No,No,72,No,No phone service,DSL,No,No,Yes,No,Yes,Yes,One year,Yes,Bank transfer (automatic),53.55,3862.84,0,No
4072-KGLPE,Female,0,No,Yes,12,No,No phone service,Fiber optic,No,No,No,No,No,Yes,One year,Yes,Electronic check,70.68,907.17,0,No
4073-BVPWO,Female,0,Yes,No,46,Yes,No,No,No internet service,No internet service,No internet service,No internet service,No internet service,No internet service,One year,No,Electronic check,28.48,1366.83,2,No
4074-KFMSJ,Male,0,Yes,No,4,Yes,Yes,DSL,Yes,No,No,No,No,No,One year,Yes,Electronic check,32.2,135.65,2,Yes
4075-XSEYU,Female,0,Yes,Yes,18,No,No phone service,DSL,No,No,No,Yes,Yes,No,Month-to-month,Yes,Electronic check,55.0,1017.53,1,No
4076-GKNWU,Male,0,No,Yes,8,Yes,Yes,No,No internet service,No internet service,No internet service,No internet service,No internet service,No internet service,Month-to-month,Yes,Bank transfer (automatic),21.66,203.38,1,Yes
4077-PRUWW,Female,0,No,No,21,Yes,Yes,Fiber optic,No,No,Yes,No,No,Yes,Month-to-month,No,Mailed check,69.52,1402.79,2,Yes
4078-DAVON,Male,0,No,No,17,Yes,No,Fiber optic,Yes,Yes,Yes,No,No,No,Month-to-month,Yes,Electronic check,54.44,898.1,2,No
4079-SEDMR,Male,0,No,No,72,Yes,No,Fiber optic,Yes,Yes,No,Yes,No,Yes,Two year,No,Electronic check,78.49,5758.06,1,No
4080-LWUOW,Female,1,No,Yes,72,Yes,No,DSL,Yes,No,No,No,Yes,Yes,One year,No,Electronic check,46.7,3451.97,0,No
4081-IDEIM,Male,1,No,Yes,27,Yes,Yes,DSL,No,No,No,Yes,No,No,Month-to-month,No,Credit card (automatic),38.2,1026.43,2,Yes
4082-JPMDU,Female,1,Yes,Yes,6,Yes,Yes,No,No internet service,No internet service,No internet service,No internet service,No internet service,No internet service,Month-to-month,No,Electronic check,26.0,127.82,4,Yes
4083-MUHMO,Female,0,No,No,26,Yes,No,Fiber optic,No,No,No,Yes,Yes,Yes,One year,Yes,Electronic check,57.91,1451.01,2,Yes
4084-TTMWE,Male,0,No,No,50,Yes,Yes,DSL,No,No,No,No,No,No,Two year,Yes,Mailed check,60.34,3166.46,2,Yes
4085-VVFZE,Female,0,No,No,1,Yes,Yes,DSL,No,Yes,No,No,No,Yes,Two year,Yes,Credit card (automatic),38.57,38.36,2,No
4086-MEYMX,Male,0,Yes,No,18,Yes,No,Fiber optic,No,Yes,Yes,No,No,Yes,One year,Yes,Bank transfer (automatic),73.67,1373.31,0,Yes
4087-TWHIU,Female,0,No,No,1,Yes,No,DSL,No,No,Yes,No,Yes,Yes,Month-to-month,Yes,Bank transfer (automatic),42.33,41.96,0,No
4088-STOZV,Male,0,Yes,Yes,8,Yes,Yes,DSL,No,Yes,No,No,No,No,Two year,Yes,Credit card (automatic),34.57,327.32,1,No
4089-JKEIK,Male,0,No,Yes,3,Yes,No,DSL,Yes,No,No,No,No,Yes,Two year,Yes,Credit card (automatic),43.66,72.14,0,No
4090-SBFWU,Male,0,No,Yes,72,Yes,Yes,DSL,No,Yes,Yes,No,Yes,No,Two year,Yes,Electronic check,49.4,3536.19,5,No
4091-ACCNT,Female,0,Yes,No,5,Yes,No,Fiber optic,No,Yes,No,Yes,No,No,One year,No,Electronic check,69.31,371.69,1,Yes
4092-ZVEQO,Male,0,Yes,Yes,5,Yes,Yes,No,No internet service,No internet service,No internet service,No internet service,No internet service,No internet service,Two year,No,Electronic check,18.19,163.05,0,No
4093-FNNYQ,Male,0,No,No,72,No,No phone service,Fiber optic,Yes,Yes,No,Yes,No,No,Two year,Yes,Mailed check,84.02,6035.71,2,No
4094-HHSIK,Male,0,No,Yes,23,Yes,Yes,DSL,No,Yes,Yes,No,No,Yes,One year,Yes,Mailed check,39.7,909.16,3,No
4095-MMXSZ,Male,0,No,Yes,45,Yes,No,DSL,No,No,Yes,Yes,Yes,No,Two year,No,Credit card (automatic),61.27,2818.06,0,No
4096-USEPI,Male,0,No,No,12,Yes,No,No,No internet service,No internet service,No internet service,No internet service,No internet service,No internet service,Month-to-month,Yes,Credit card (automatic),21.97,315.31,0,No
4097-TVCSE,Male,0,No,No,24,Yes,No,Fiber optic,Yes,No,No,Yes,No,No,One year,No,Credit card (automatic),71.24,1716.34,1,No
4098-HNXCX,Male,0,Yes,No,1,Yes,No,Fiber optic,No,No,No,Yes,Yes,No,Month-to-month,No,Bank transfer (automatic),71.13,32.32,1,Yes
4099-MKHSJ,Male,0,No,No,16,Yes,Yes,No,No internet service,No internet service,No internet service,No internet service,No internet service,No internet service,Month-to-month,Yes,Mailed check,18.61,375.39,2,No
4100-ZRZRY,Male,0,No,Yes,25,Yes,No,Fiber optic,No,No,Yes,No,Yes,Yes,Two year,No,Mailed check,64.96,1566.17,0,No
4101-GPFPP,Female,0,No,No,23,Yes,No,Fiber optic,No,Yes,No,No,No,No,Month-to-month,No,Electronic check,81.44,1938.6,1,Yes
4102-WXAXS,Male,1,Yes,No,16,Yes,Yes,No,No internet service,No internet service,No internet service,No internet service,No internet service,No internet service,One year,Yes,Credit card (automatic),18.0,245.5,2,No
4103-CFDDD,Male,0,Yes,No,49,Yes,No,Fiber optic,No,No,No,No,No,Yes,Two year,Yes,Credit card (automatic),51.8,2518.45,0,No
4104-JIHSQ,Male,0,Yes,Yes,22,Yes,Yes,Fiber optic,No,Yes,No,Yes,Yes,No,One year,No,Electronic check,80.24,1734.04,2,Yes
4105-QATNV,Female,0,No,No,32,Yes,No,Fiber optic,No,No,No,Yes,Yes,Yes,Two year,Yes,Mailed check,51.72,1708.46,1,No
4106-TKCXH,Male,0,Yes,Yes,6,Yes,No,No,No internet service,No internet service,No internet service,No internet service,No internet service,No internet service,Month-to-month,Yes,Bank transfer (automatic),46.84,308.1,1,Yes
4107-VYJQH,Male,0,Yes,Yes,63,Yes,Yes,No,No internet service,No internet service,No internet service,No internet service,No internet service,No internet service,Month-to-month,Yes,Electronic check,25.14,1569.15,0,Yes
4108-VATUG,Female,0,Yes,Yes,14,Yes,No,Fiber optic,No,Yes,No,Yes,Yes,No,One year,No,Mailed check,86.16,1283.08,0,No
4109-XILVZ,Female,0,Yes,No,21,Yes,Yes,Fiber optic,No,No,No,No,No,No,Two year,Yes,Mailed check,78.38,1611.01,5,No
4110-ITXCD,Female,0,No,No,13,Yes,Yes,No,No internet service,No internet service,No internet service,No internet service,No internet service,No internet service,One year,No,Mailed check,18.0,148.74,1,No
4111-JDVIV,Male,0,No,No,71,Yes,No,Fiber optic,No,No,No,Yes,Yes,No,Two year,Yes,Electronic check,64.0,4494.27,1,No
4112-AEIEF,Male,0,No,No,72,Yes,Yes,Fiber optic,Yes,Yes,No,No,No,No,Two year,Yes,Bank transfer (automatic),44.63,3206.27,1,No
4113-SHJKM,Male,0,Yes,No,8,Yes,No,DSL,No,No,Yes,No,No,No,Month-to-month,No,Electronic check,55.88,415.22,1,No
4114-TDKLE,Male,1,Yes,No,44,Yes,No,Fiber optic,Yes,Yes,No,No,No,Yes,Month-to-month,Yes,Credit card (automatic),75.54,3291.26,2,Yes
4115-JYXGU,Female,0,No,Yes,3,Yes,Yes,DSL,No,No,Yes,No,No,No,One year,No,Electronic check,62.05,186.19,0,No
4116-IIJJB,Female,0,Yes,No,1,Yes,Yes,Fiber optic,Yes,No,No,Yes,No,No,Two year,Yes,Electronic check,60.37,18.0,0,Yes
4117-DHNQM,Male,0,No,No,57,Yes,Yes,Fiber optic,Yes,Yes,No,No,Yes,No,Month-to-month,Yes,Bank transfer (automatic),76.07,4359.98,1,Yes
4118-UXRRM,Female,0,Yes,No,4,Yes,No,Fiber optic,No,No,No,No,No,No,Two year,Yes,Bank transfer (automatic),85.44,325.7,1,Yes
4119-HZLYW,Male,0,Yes,No,5,Yes,No,Fiber optic,Yes,No,No,No,Yes,Yes,Month-to-month,No,Electronic check,62.8,339.92,0,No
4120-XUATR,Male,1,Yes,No,29,Yes,No,Fiber optic,Yes,No,Yes,No,No,Yes,Month-to-month,Yes,Credit card (automatic),79.82,2276.19,1,No
4121-CLSYM,Male,0,No,Yes,54,Yes,No,Fiber optic,No,Yes,Yes,No,No,No,Month-to-month,Yes,Bank transfer (automatic),72.04,3907.1,1,Yes
4122-JOTBS,Male,0,Yes,No,6,Yes,Yes,No,No internet service,No internet service,No internet service,No internet service,No internet service,No internet service,Month-to-month,Yes,Electronic check,18.0,169.21,2,Yes
4123-CNGHK,Female,1,No,Yes,3,Yes,No,DSL,No,No,No,No,Yes,Yes,Month-to-month,Yes,Electronic check,45.41,172.66,1,Yes
4124-VTFKQ,Female,1,No,Yes,2,Yes,No,Fiber optic,No,No,Yes,Yes,No,No,Month-to-month,No,Electronic check,79.62,75.1,2,Yes
4125-JXQUB,Male,0,Yes,No,1,Yes,Yes,No,No internet service,No internet service,No internet service,No internet service,No internet service,No internet service,Month-to-month,No,Bank transfer (automatic),19.84,99.59,1,No
4126-FYEDB,Male,0,Yes,No,3,Yes,Yes,No,No internet service,No internet service,No internet service,No internet service,No internet service,No internet service,Month-to-month,Yes,Credit card (automatic),18.0,65.53,1,No
4127-LCFXN,Female,0,No,Yes,72,Yes,No,No,No internet service,No internet service,No internet service,No internet service,No internet service,No internet service,One year,No,Bank transfer (automatic),18.0,1266.37,1,No
4128-HUUZN,Female,0,Yes,No,3,Yes,No,No,No internet service,No internet service,No internet service,No internet service,No internet service,No internet service,Month-to-month,No,Electronic check,19.32,27.3,2,No
4129-CPOGO,Male,1,No,No,29,Yes,Yes,DSL,No,No,Yes,Yes,No,No,Month-to-month,Yes,Electronic check,45.74,1334.67,2,Yes
4130-MFOQD,Female,0,No,Yes,72,Yes,No,DSL,No,No,No,No,Yes,No,Month-to-month,Yes,Mailed check,46.73,3324.53,0,No
4131-VVNOL,Female,0,Yes,No,31,Yes,No,DSL,No,No,No,Yes,Yes,No,One year,Yes,Bank transfer (automatic),30.27,936.75,0,No
4132-SVJFY,Female,0,Yes,Yes,1,Yes,No,DSL,Yes,Yes,Yes,Yes,No,No,Month-to-month,No,Credit card (automatic),38.46,127.55,1,Yes
4133-IBDIO,Male,0,Yes,No,29,Yes,No,DSL,No,No,Yes,Yes,Yes,No,Month-to-month,Yes,Mailed check,38.54,1025.85,1,No
4134-MTHZS,Female,0,Yes,No,72,Yes,Yes,No,No internet service,No internet service,No internet service,No internet service,No internet service,No internet service,Two year,Yes,Credit card (automatic),33.37,2424.83,1,No
4135-SYPKJ,Female,0,Yes,No,12,No,No phone service,Fiber optic,No,No,No,Yes,No,No,One year,No,Electronic check,50.0,654.88,2,Yes
4136-HAJRC,Female,0,No,No,12,Yes,Yes,DSL,No,Yes,No,No,Yes,No,Two year,Yes,Electronic check,40.52,478.74,0,No
4137-KRCHN,Female,0,No,No,9,No,No phone service,Fiber optic,Yes,No,Yes,No,No,Yes,Month-to-month,Yes,Electronic check,72.43,662.82,2,Yes
4138-FONGJ,Female,0,No,No,22,Yes,No,DSL,No,Yes,No,Yes,No,No,Month-to-month,No,Electronic check,34.5,771.03,3,No
4139-OJVQS,Male,0,No,Yes,8,No,No phone service,DSL,No,No,Yes,No,No,No,Month-to-month,Yes,Bank transfer (automatic),47.15,409.22,0,No
4140-QLOZL,Female,0,Yes,Yes,41,Yes,No,DSL,Yes,Yes,No,No,No,Yes,Month-to-month,No,Mailed check,35.06,1452.72,3,No
4141-YIEDL,Female,0,Yes,No,33,Yes,Yes,Fiber optic,Yes,No,No,Yes,No,No,One year,Yes,Electronic check,76.01,2553.62,4,No
4142-PIYCU,Female,0,Yes,No,16,Yes,No,No,No internet service,No internet service,No internet service,No internet service,No internet service,No internet service,One year,No,Mailed check,25.97,450.45,1,No
4143-CZRQJ,Female,0,Yes,No,41,Yes,Yes,DSL,No,No,Yes,No,Yes,No,Month-to-month,Yes,Electronic check,40.4,1697.78,2,Yes
4144-BXKXC,Male,0,Yes,No,3,Yes,No,Fiber optic,Yes,Yes,Yes,No,No,Yes,Month-to-month,No,Credit card (automatic),78.92,244.97,0,Yes
4145-WWBIS,Male,0,No,No,44,Yes,Yes,DSL,No,No,Yes,No,No,No,One year,Yes,Electronic check,39.98,1708.95,1,No
4146-BSBOX,Male,0,No,No,29,Yes,No,DSL,No,No,Yes,Yes,No,No,Month-to-month,Yes,Mailed check,37.22,1006.22,1,No
4147-UCEKX,Female,0,No,No,31,Yes,Yes,DSL,No,No,No,No,No,No,One year,Yes,Credit card (automatic),56.14,1763.91,2,No
4148-GFNAZ,Female,0,Yes,Yes,2,Yes,No,DSL,Yes,No,No,Yes,Yes,No,Month-to-month,Yes,Mailed check,57.29,99.41,4,No
4149-QQNJH,Male,0,No,No,30,Yes,Yes,Fiber optic,No,Yes,No,No,No,No,Month-to-month,Yes,Electronic check,72.76,2163.8,2,No
4150-HNGFD,Male,0,No,No,21,Yes,No,Fiber optic,Yes,No,No,No,No,No,Month-to-month,Yes,Credit card (automatic),73.69,1554.9,1,No
4151-AOYOA,Male,1,Yes,No,21,Yes,No,DSL,Yes,Yes,No,No,Yes,No,Month-to-month,Yes,Electronic check,55.63,1134.57,2,No
4152-TCWEE,Male,0,Yes,No,12,No,No phone service,DSL,Yes,Yes,No,Yes,Yes,No,Month-to-month,Yes,Bank transfer (automatic),47.0,548.47,1,No
4153-DQUTN,Male,0,No,No,1,Yes,No,No,No internet service,No internet service,No internet service,No internet service,No internet service,No internet service,One year,No,Mailed check,19.38,70.18,2,No
4154-ZHBHA,Male,0,No,Yes,17,No,No phone service,DSL,Yes,Yes,No,No,No,Yes,One year,No,Bank transfer (automatic),47.23,788.76,1,No
4155-DSEEU,Female,0,No,No,16,No,No phone service,Fiber optic,No,No,No,No,Yes,No,Two year,No,Electronic check,63.93,995.74,1,No
4156-TXSLT,Female,0,No,No,17,Yes,Yes,Fiber optic,No,Yes,Yes,Yes,No,Yes,One year,Yes,Bank transfer (automatic),69.55,1177.6,3,No
4157-AGQBK,Male,0,Yes,No,30,Yes,No,DSL,No,Yes,No,Yes,No,Yes,Month-to-month,Yes,Bank transfer (automatic),37.58,1186.85,1,No
4158-GQCVF,Female,0,Yes,Yes,11,Yes,Yes,DSL,No,No,Yes,No,No,No,Month-to-month,No,Electronic check,46.21,460.33,0,No
4159-VKRRV,Female,0,No,No,10,No,No phone service,DSL,No,No,No,No,No,Yes,One year,Yes,Mailed check,34.4,428.57,0,No
4160-JEWWU,Male,0,Yes,Yes,22,Yes,No,Fiber optic,Yes,Yes,No,No,Yes,No,Month-to-month,Yes,Credit card (automatic),79.69,1745.5,2,No
4161-XZVOU,Male,0,Yes,Yes,28,No,No phone service,Fiber optic,Yes,No,No,Yes,No,No,One year,Yes,Mailed check,66.1,1889.01,1,No
4162-TWDUU,Female,1,No,Yes,26,Yes,No,Fiber optic,No,No,Yes,No,Yes,No,Two year,Yes,Electronic check,70.93,1874.4,0,No
4163-AOQSN,Female,0,Yes,Yes,68,Yes,No,No,No internet service,No internet service,No internet service,No internet service,No internet service,No internet service,One year,Yes,Bank transfer (automatic),18.0,1254.5,3,No
4164-SRBFM,Female,0,Yes,No,46,Yes,No,Fiber optic,Yes,No,No,No,No,No,Month-to-month,Yes,Electronic check,77.72,3627.78,1,No
4165-QFUVE,Male,0,No,Yes,1,Yes,No,No,No internet service,No internet service,No internet service,No internet service,No internet service,No internet service,Month-to-month,No,Mailed check,21.47,18.0,1,No
4166-GAMSV,Female,0,Yes,Yes,26,No,No phone service,Fiber optic,No,No,No,No,No,No,Two year,Yes,Electronic check,73.96,1931.29,1,No
4167-AMKGT,Male,0,Yes,No,17,Yes,No,DSL,Yes,No,No,No,No,No,Month-to-month,No,Mailed check,39.41,687.85,1,No
4168-CZYAH,Male,0,Yes,No,14,Yes,Yes,Fiber optic,No,Yes,No,No,No,Yes,Two year,No,Credit card (automatic),71.23,981.7,3,No
4169-QMNEZ,Female,0,No,No,72,Yes,No,No,No internet service,No internet service,No internet service,No internet service,No internet service,No internet service,Month-to-month,Yes,Bank transfer (automatic),34.71,2505.45,0,No
4170-XVWXF,Male,0,Yes,No,19,No,No phone service,DSL,No,No,Yes,No,No,No,Two year,No,Credit card (automatic),38.25,789.38,4,No
4171-VFUHM,Male,0,Yes,No,40,Yes,Yes,Fiber optic,Yes,No,Yes,No,No,No,Month-to-month,No,Mailed check,58.23,2298.08,2,No
4172-RWDQE,Male,0,No,No,72,Yes,No,DSL,No,Yes,No,No,Yes,No,Two year,Yes,Bank transfer (automatic),37.23,2724.42,0,No
4173-CDWEN,Female,0,Yes,No,5,Yes,Yes,No,No internet service,No internet service,No internet service,No internet service,No internet service,No internet service,Month-to-month,No,Bank transfer (automatic),51.43,253.92,0,Yes
4174-OTQFJ,Female,0,Yes,Yes,1,Yes,No,Fiber optic,No,No,No,No,No,Yes,One year,No,Electronic check,59.5,46.55,0,No
4175-VWPQN,Female,0,No,No,12,Yes,No,DSL,No,Yes,No,No,No,No,Month-to-month,No,Bank transfer (automatic),53.61,629.4,0,No
4176-TLIOL,Male,0,Yes,Yes,1,Yes,No,No,No internet service,No internet service,No internet service,No internet service,No internet service,No internet service,One year,Yes,Mailed check,25.6,18.0,1,Yes
4177-NZVRT,Female,1,Yes,No,3,Yes,No,DSL,Yes,Yes,Yes,Yes,No,Yes,Two year,No,Mailed check,42.18,146.02,0,No
4178-FDZWL,Male,0,No,No,72,Yes,Yes,Fiber optic,No,No,No,Yes,No,No,Month-to-month,Yes,Electronic check,62.21,4371.76,5,No
4179-MSVML,Female,0,No,Yes,72,Yes,No,Fiber optic,No,No,No,Yes,No,No,Month-to-month,Yes,Electronic check,83.0,5948.39,2,Yes
4180-TCCNR,Male,0,No,No,37,Yes,No,No,No internet service,No internet service,No internet service,No internet service,No internet service,No internet service,Month-to-month,Yes,Mailed check,18.0,666.98,3,No
4181-SJQOS,Female,0,No,No,44,Yes,Yes,Fiber optic,Yes,Yes,No,No,Yes,No,One year,Yes,Electronic check,66.16,2860.29,1,No
4182-IDOSP,Female,0,Yes,No,4,Yes,Yes,No,No internet service,No internet service,No internet service,No internet service,No internet service,No internet service,One year,Yes,Bank transfer (automatic),25.36,107.33,0,No
4183-HQUAG,Male,0,No,No,28,Yes,No,DSL,Yes,No,No,Yes,No,No,One year,No,Bank transfer (automatic),27.65,788.86,3,No
4184-URLPA,Male,0,Yes,Yes,5,Yes,No,DSL,No,No,No,Yes,Yes,No,Two year,Yes,Electronic check,48.18,247.71,1,No
4185-OGQCK,Female,0,Yes,No,15,Yes,No,DSL,No,Yes,Yes,No,No,Yes,Month-to-month,Yes,Bank transfer (automatic),45.99,689.51,3,Yes
4186-FFOGK,Female,0,No,No,13,Yes,Yes,Fiber optic,No,Yes,No,Yes,Yes,No,Month-to-month,No,Electronic check,54.51,711.63,1,No
4187-QWRVX,Male,0,Yes,No,30,Yes,No,DSL,No,No,No,No,Yes,Yes,Month-to-month,Yes,Credit card (automatic),53.23,1621.31,4,No
4188-UZSHX,Female,0,No,No,2,Yes,No,DSL,No,No,Yes,No,Yes,Yes,Month-to-month,Yes,Bank transfer (automatic),39.86,186.11,0,No
4189-THUKU,Male,0,Yes,No,3,Yes,Yes,No,No internet service,No internet service,No internet service,No internet service,No internet service,No internet service,Month-to-month,Yes,Mailed check,33.1,94.02,2,Yes
4190-CWNIY,Male,0,Yes,No,30,Yes,Yes,DSL,No,No,No,No,Yes,No,Two year,Yes,Mailed check,47.64,1363.52,2,No
4191-AAZLK,Male,0,No,No,32,Yes,Yes,Fiber optic,No,No,No,No,Yes,No,Month-to-month,Yes,Mailed check,60.61,1940.93,0,No
4192-UATLQ,Male,1,Yes,No,13,Yes,No,Fiber optic,Yes,Yes,No,Yes,Yes,No,Month-to-month,No,Electronic check,65.32,883.84,1,Yes
4193-OBRPD,Male,0,No,Yes,5,Yes,No,DSL,Yes,No,No,Yes,No,No,Month-to-month,Yes,Electronic check,45.45,245.01,1,No
4194-HBNYO,Male,0,Yes,No,69,Yes,Yes,Fiber optic,No,No,Yes,Yes,Yes,No,Month-to-month,Yes,Electronic check,66.33,4642.74,2,No
4195-IBQZJ,Male,0,Yes,No,1,Yes,No,Fiber optic,Yes,Yes,Yes,No,No,Yes,Month-to-month,No,Bank transfer (automatic),66.84,28.28,0,No
4196-IBXSQ,Male,0,Yes,No,40,Yes,No,Fiber optic,No,No,No,No,Yes,No,Month-to-month,Yes,Credit card (automatic),70.78,2830.18,3,Yes
4197-KQJRW,Male,1,Yes,No,4,Yes,Yes,No,No internet service,No internet service,No internet service,No internet service,No internet service,No internet service,Two year,Yes,Electronic check,19.9,32.79,3,No
4198-FPRTR,Male,0,No,Yes,32,Yes,Yes,Fiber optic,No,No,No,No,No,Yes,Two year,Yes,Bank transfer (automatic),61.98,2036.21,2,No
4199-ACOTJ,Male,0,No,No,34,Yes,No,No,No internet service,No internet service,No internet service,No internet service,No internet service,No internet service,Month-to-month,No,Mailed check,30.8,1054.99,2,No
4200-UEOWN,Male,0,No,No,52,Yes,No,Fiber optic,No,No,No,No,No,No,Two year,Yes,Electronic check,70.44,3564.28,0,No
4201-OJXIL,Male,0,No,No,16,Yes,No,Fiber optic,Yes,Yes,No,Yes,No,Yes,Month-to-month,Yes,Credit card (automatic),76.35,1178.7,0,No
4202-GEYXJ,Male,0,No,Yes,1,Yes,No,DSL,No,No,No,No,No,Yes,Month-to-month,Yes,Credit card (automatic),49.68,46.07,2,Yes
4203-YZHVT,Male,0,Yes,No,53,Yes,No,Fiber optic,No,No,No,No,Yes,Yes,Month-to-month,Yes,Credit card (automatic),74.41,3847.57,3,No
4204-YPLIJ,Male,0,Yes,No,18,No,No phone service,Fiber optic,No,No,No,Yes,No,Yes,Two year,No,Electronic check,67.21,1149.03,2,No
4205-PJIZC,Female,0,No,Yes,60,Yes,No,Fiber optic,No,Yes,No,No,No,No,One year,Yes,Electronic check,72.97,4299.6,2,No
4206-SKFFO,Female,0,Yes,No,47,Yes,No,Fiber optic,No,Yes,Yes,Yes,Yes,No,Two year,No,Electronic check,60.51,2846.95,1,No
4207-OMVEN,Male,1,Yes,Yes,22,Yes,No,Fiber optic,No,Yes,No,Yes,No,No,One year,Yes,Bank transfer (automatic),71.34,1586.94,1,No
4208-UBWLT,Female,0,No,No,72,Yes,No,Fiber optic,Yes,Yes,Yes,No,No,No,Month-to-month,No,Mailed check,60.97,4342.19,2,No
4209-NSXTO,Female,0,Yes,No,19,Yes,Yes,Fiber optic,No,Yes,Yes,No,No,Yes,Month-to-month,No,Credit card (automatic),65.78,1233.86,2,Yes
4210-TXQYN,Female,1,Yes,No,38,Yes,Yes,Fiber optic,No,Yes,No,No,No,No,Two year,Yes,Electronic check,73.74,2856.43,1,No
4211-WRVXE,Male,0,Yes,No,35,Yes,No,DSL,No,No,No,Yes,Yes,Yes,Month-to-month,No,Credit card (automatic),56.3,1933.62,0,No
4212-VLJHF,Male,0,No,No,23,Yes,No,No,No internet service,No internet service,No internet service,No internet service,No internet service,No internet service,One year,Yes,Credit card (automatic),24.03,478.75,2,No
4213-YOLYY,Male,0,Yes,No,28,No,No phone service,No,No internet service,No internet service,No internet service,No internet service,No internet service,No internet service,Month-to-month,No,Bank transfer (automatic),18.0,463.56,2,Yes
4214-FLOLI,Female,0,No,No,51,Yes,No,Fiber optic,Yes,Yes,No,No,No,No,Month-to-month,No,Mailed check,63.62,3264.73,4,No
4215-SUBMM,Female,0,Yes,No,27,Yes,No,No,No internet service,No internet service,No internet service,No internet service,No internet service,No internet service,Two year,No,Mailed check,22.15,629.94,2,No
4216-HMDFF,Male,0,No,No,19,No,No phone service,DSL,No,No,No,No,No,No,Month-to-month,Yes,Credit card (automatic),37.09,761.83,2,Yes
4217-ULLQG,Female,0,Yes,No,34,Yes,Yes,DSL,No,Yes,No,Yes,No,Yes,Month-to-month,Yes,Bank transfer (automatic),41.05,1298.42,2,No
4218-ZOXQJ,Female,0,No,No,1,Yes,No,Fiber optic,No,No,Yes,Yes,Yes,No,Month-to-month,Yes,Bank transfer (automatic),72.72,105.74,2,No
4219-WTFIO,Male,0,No,No,3,Yes,No,No,No internet service,No internet service,No internet service,No internet service,No internet service,No internet service,Month-to-month,Yes,Credit card (automatic),18.0,18.0,1,No
4220-PUHPE,Female,0,No,No,4,Yes,Yes,Fiber optic,No,No,No,No,No,No,One year,Yes,Credit card (automatic),61.46,296.25,0,No
4221-RTNBW,Female,0,No,No,17,Yes,No,DSL,No,Yes,No,No,Yes,No,Two year,Yes,Mailed check,31.17,541.73,3,No
4222-WCNGO,Male,0,No,No,65,Yes,Yes,DSL,No,Yes,No,No,Yes,Yes,One year,Yes,Credit card (automatic),57.74,3736.75,1,No
4223-QAIVN,Female,0,Yes,No,32,Yes,Yes,Fiber optic,Yes,No,No,Yes,No,No,Month-to-month,Yes,Electronic check,77.97,2457.74,0,No
4224-PUMFV,Male,1,No,Yes,72,Yes,Yes,No,No internet service,No internet service,No internet service,No internet service,No internet service,No internet service,Month-to-month,Yes,Credit card (automatic),18.0,1188.25,2,No
4225-AUYDC,Male,0,No,No,1,Yes,Yes,DSL,Yes,No,No,No,No,No,Month-to-month,Yes,Electronic check,43.55,18.0,3,No
4226-QBSTW,Male,0,Yes,No,40,Yes,No,Fiber optic,No,No,No,Yes,Yes,No,Month-to-month,No,Mailed check,80.56,3202.05,0,No
4227-VHYOF,Male,0,Yes,Yes,12,Yes,No,No,No internet service,No internet service,No internet service,No internet service,No internet service,No internet service,Two year,No,Mailed check,23.9,331.95,0,No
4228-WTBYY,Male,0,Yes,No,1,Yes,No,Fiber optic,No,No,No,No,No,Yes,Two year,No,Mailed check,75.26,84.39,1,No
4229-OTLCJ,Male,0,Yes,Yes,55,Yes,No,DSL,No,Yes,No,No,No,Yes,Month-to-month,Yes,Electronic check,53.05,2909.24,1,Yes
4230-NVNCA,Male,0,Yes,No,5,Yes,No,No,No internet service,No internet service,No internet service,No internet service,No internet service,No internet service,Month-to-month,Yes,Mailed check,18.0,257.76,2,Yes
4231-TABSX,Female,0,No,Yes,7,Yes,No,Fiber optic,Yes,Yes,No,No,No,No,Month-to-month,No,Electronic check,73.68,474.69,4,No
4232-JDDMZ,Male,1,Yes,No,13,Yes,Yes,Fiber optic,No,No,Yes,Yes,Yes,Yes,Month-to-month,Yes,Mailed check,72.12,969.13,2,Yes
4233-IGPRC,Female,0,Yes,No,49,No,No phone service,DSL,No,Yes,Yes,No,Yes,No,Month-to-month,Yes,Bank transfer (automatic),34.84,1817.01,1,No
4234-TTJXZ,Female,0,No,No,31,Yes,Yes,Fiber optic,Yes,Yes,Yes,Yes,No,Yes,Month-to-month,No,Electronic check,74.39,2322.38,3,Yes
4235-ZVPCK,Male,0,No,Yes,9,Yes,No,Fiber optic,No,Yes,No,No,No,No,Two year,Yes,Bank transfer (automatic),64.91,581.56,2,No
4236-YJPHI,Female,0,Yes,No,5,Yes,No,Fiber optic,No,Yes,No,No,No,Yes,Month-to-month,No,Mailed check,68.76,354.22,2,No
4237-OUCDM,Male,0,Yes,No,3,Yes,Yes,Fiber optic,Yes,No,Yes,No,No,No,Month-to-month,No,Electronic check,72.11,224.69,0,Yes
4238-LUIYN,Male,0,Yes,No,5,Yes,Yes,Fiber optic,No,Yes,No,No,No,Yes,One year,No,Mailed check,80.23,361.47,2,No
4239-SGPVT,Male,1,Yes,Yes,64,Yes,No,Fiber optic,No,Yes,Yes,No,No,No,Two year,Yes,Credit card (automatic),70.22,4568.59,3,Yes
4240-EJRKG,Male,0,Yes,No,72,No,No phone service,Fiber optic,No,Yes,Yes,No,No,Yes,Month-to-month,No,Electronic check,73.88,5364.37,1,Yes
4241-NTRKV,Male,0,Yes,No,72,Yes,Yes,DSL,Yes,Yes,No,No,Yes,Yes,Two year,Yes,Bank transfer (automatic),48.35,3468.74,1,No
4242-LRZBW,Male,0,Yes,Yes,57,Yes,No,DSL,No,Yes,No,No,Yes,Yes,One year,Yes,Bank transfer (automatic),33.18,1877.35,1,No
4243-AWJUA,Female,0,No,Yes,69,Yes,No,No,No internet service,No internet service,No internet service,No internet service,No internet service,No internet service,Month-to-month,No,Bank transfer (automatic),18.0,1250.44,3,No
4244-FGQIG,Female,0,Yes,No,54,Yes,Yes,DSL,No,No,No,No,Yes,No,Two year,Yes,Mailed check,46.63,2545.9,1,No
4245-QCPET,Female,0,Yes,No,72,Yes,Yes,DSL,No,No,No,No,No,No,Month-to-month,No,Bank transfer (automatic),62.85,4572.75,1,No
4246-RADWK,Female,0,No,No,59,Yes,No,DSL,No,No,No,No,No,No,Month-to-month,No,Mailed check,48.85,2862.28,2,No
4247-TIHHE,Female,0,No,No,19,Yes,No,Fiber optic,Yes,No,No,No,Yes,No,Month-to-month,Yes,Mailed check,75.84,1391.38,0,Yes
4248-LAOYR,Male,1,Yes,No,12,Yes,No,DSL,No,Yes,No,No,Yes,No,Month-to-month,Yes,Mailed check,55.46,668.92,1,No
4249-FJNUZ,Female,0,Yes,No,28,No,No phone service,Fiber optic,No,No,No,No,No,No,Two year,Yes,Bank transfer (automatic),65.16,1855.09,0,No
4250-HCVVZ,Male,0,No,Yes,29,Yes,Yes,No,No internet service,No internet service,No internet service,No internet service,No internet service,No internet service,Month-to-month,Yes,Credit card (automatic),43.91,1296.81,1,No
4251-SLLOG,Male,1,Yes,Yes,27,Yes,No,No,No internet service,No internet service,No internet service,No internet service,No internet service,No internet service,Two year,Yes,Mailed check,32.83,860.49,2,No
4252-DUIVP,Male,1,No,Yes,39,Yes,No,DSL,No,No,Yes,No,No,No,Two year,No,Mailed check,49.01,1891.35,0,No
4253-ZMDXI,Male,0,No,Yes,38,Yes,Yes,DSL,Yes,No,No,No,No,Yes,Month-to-month,Yes,Bank transfer (automatic),41.17,1538.06,0,No
4254-ZUROO,Male,0,Yes,No,2,Yes,Yes,DSL,Yes,No,No,Yes,Yes,Yes,Month-to-month,No,Electronic check,34.03,81.38,1,No
4255-FKHUQ,Male,0,No,Yes,10,Yes,No,DSL,No,No,Yes,No,No,No,Two year,No,Credit card (automatic),49.83,387.43,1,No
4256-XYQXZ,Male,0,No,No,70,Yes,Yes,DSL,No,No,No,Yes,Yes,No,Month-to-month,No,Bank transfer (automatic),61.06,4317.89,2,No
4257-RDOBB,Female,0,No,No,28,Yes,No,No,No internet service,No internet service,No internet service,No internet service,No internet service,No internet service,Month-to-month,No,Mailed check,33.46,910.55,2,No
4258-JCHTG,Male,1,Yes,No,12,No,No phone service,DSL,Yes,Yes,No,No,Yes,No,Month-to-month,No,Electronic check,64.32,670.21,2,No
4259-LZSZO,Male,0,No,No,60,Yes,No,Fiber optic,No,No,No,Yes,No,No,Two year,Yes,Bank transfer (automatic),45.0,2711.38,1,No
4260-NPNCR,Female,0,No,Yes,9,Yes,Yes,Fiber optic,No,No,No,Yes,No,Yes,Month-to-month,No,Credit card (automatic),76.17,679.21,0,No
4261-VFQWN,Female,0,No,No,16,Yes,No,Fiber optic,No,Yes,No,No,No,No,Two year,No,Credit card (automatic),72.96,1081.22,5,Yes
4262-NTMCM,Male,0,No,Yes,10,Yes,Yes,No,No internet service,No internet service,No internet service,No internet service,No internet service,No internet service,Two year,No,Electronic check,24.39,223.02,2,No
4263-XBIMH,Female,0,Yes,No,65,Yes,No,No,No internet service,No internet service,No internet service,No internet service,No internet service,No internet service,Two year,Yes,Electronic check,27.51,1850.85,0,No
4264-PXCMD,Male,0,Yes,No,41,Yes,Yes,DSL,Yes,Yes,Yes,No,No,Yes,Month-to-month,No,Bank transfer (automatic),48.56,1956.15,1,No
4265-RBTVU,Male,0,Yes,No,19,Yes,No,DSL,No,Yes,No,Yes,Yes,Yes,One year,No,Mailed check,54.95,1050.32,3,No
4266-OQJAF,Male,0,Yes,No,72,Yes,Yes,DSL,No,No,No,Yes,No,Yes,Month-to-month,Yes,Electronic check,49.96,3690.09,1,No
4267-CSGMM,Male,0,Yes,No,72,No,No phone service,Fiber optic,Yes,Yes,No,No,Yes,Yes,Month-to-month,Yes,Credit card (automatic),73.24,5311.1,2,No
4268-QANZC,Female,0,Yes,No,39,Yes,No,No,No internet service,No internet service,No internet service,No internet service,No internet service,No internet service,Month-to-month,Yes,Credit card (automatic),21.75,915.96,1,No
4269-NXAPJ,Female,0,Yes,Yes,71,Yes,No,DSL,No,No,Yes,Yes,Yes,No,One year,Yes,Mailed check,47.12,3367.38,0,No
4270-MDIND,Female,0,No,Yes,40,Yes,No,No,No internet service,No internet service,No internet service,No internet service,No internet service,No internet service,Month-to-month,Yes,Bank transfer (automatic),18.0,670.8,2,Yes
4271-JHWCW,Male,1,No,No,31,Yes,Yes,DSL,Yes,Yes,No,No,Yes,No,One year,Yes,Mailed check,47.1,1463.49,1,No
4272-GJCBO,Male,1,No,No,17,Yes,No,Fiber optic,No,Yes,No,No,No,No,Two year,Yes,Electronic check,74.79,1289.87,3,No
4273-IOQGT,Female,0,No,No,10,Yes,No,No,No internet service,No internet service,No internet service,No internet service,No internet service,No internet service,Month-to-month,No,Credit card (automatic),26.3,235.39,2,No
4274-RORXW,Female,0,Yes,Yes,1,Yes,No,No,No internet service,No internet service,No internet service,No internet service,No internet service,No internet service,Two year,Yes,Mailed check,18.0,18.0,2,No
4275-LWUZH,Male,0,Yes,No,51,Yes,No,Fiber optic,No,No,No,No,Yes,No,Month-to-month,Yes,Electronic check,73.27,3766.21,1,Yes
4276-BBEAV,Female,1,No,Yes,4,Yes,Yes,DSL,No,Yes,No,Yes,No,Yes,One year,Yes,Electronic check,48.47,148.57,2,No
4277-DFWMS,Female,0,No,No,16,Yes,No,Fiber optic,No,Yes,No,No,No,Yes,Month-to-month,No,Mailed check,74.15,1166.85,1,No
4278-KMHGM,Male,0,Yes,Yes,8,Yes,No,DSL,Yes,No,No,No,No,No,Two year,No,Electronic check,40.03,338.21,2,No
4279-AFGPO,Female,0,No,Yes,19,Yes,No,DSL,Yes,No,Yes,No,Yes,Yes,One year,Yes,Bank transfer (automatic),20.54,316.46,3,No
4280-TBZYW,Male,0,No,No,12,Yes,No,No,No internet service,No internet service,No internet service,No internet service,No internet service,No internet service,Two year,Yes,Electronic check,22.27,221.27,1,No
4281-PQXOC,Female,0,No,No,56,Yes,No,Fiber optic,No,No,Yes,No,No,No,Two year,No,Credit card (automatic),67.37,3780.6,1,No
4282-DLEQF,Female,0,Yes,Yes,72,Yes,No,Fiber optic,No,No,No,Yes,No,No,Two year,Yes,Bank transfer (automatic),64.4,4719.91,2,No
4283-JVRJF,Male,0,No,No,72,Yes,No,No,No internet service,No internet service,No internet service,No internet service,No internet service,No internet service,Month-to-month,Yes,Credit card (automatic),21.41,1499.02,1,No
4284-XFTOD,Male,0,No,Yes,31,Yes,Yes,DSL,No,No,No,No,No,Yes,One year,Yes,Bank transfer (automatic),36.31,1109.44,3,No
4285-YPVXH,Male,0,Yes,No,72,Yes,No,Fiber optic,No,No,No,Yes,No,No,Month-to-month,Yes,Bank transfer (automatic),85.44,6137.17,1,No
4286-GSZQU,Male,0,Yes,No,16,Yes,Yes,Fiber optic,No,No,No,No,No,No,Two year,No,Mailed check,54.85,999.83,4,No
4287-MOZZB,Male,0,Yes,No,23,Yes,Yes,No,No internet service,No internet service,No internet service,No internet service,No internet service,No internet service,Two year,No,Bank transfer (automatic),18.0,436.73,3,No
4288-JMRWK,Male,0,Yes,No,9,Yes,No,Fiber optic,No,No,Yes,No,No,No,Month-to-month,Yes,Mailed check,67.21,602.49,2,No
4289-MSXYX,Female,0,Yes,Yes,72,Yes,No,Fiber optic,Yes,No,No,No,No,Yes,One year,No,Bank transfer (automatic),57.53,4146.61,2,No
4290-VECSW,Female,1,Yes,Yes,6,Yes,Yes,Fiber optic,No,No,No,No,No,No,One year,No,Electronic check,56.13,310.29,0,No
4291-MELNF,Male,0,Yes,No,30,Yes,No,DSL,No,No,Yes,No,No,No,Month-to-month,Yes,Electronic check,49.1,1449.26,3,No
4292-VIQHZ,Male,0,Yes,No,51,Yes,No,Fiber optic,No,Yes,No,No,No,Yes,Month-to-month,Yes,Credit card (automatic),92.59,4748.37,1,Yes
4293-MEVVQ,Male,0,Yes,No,28,Yes,Yes,Fiber optic,No,No,Yes,No,Yes,No,Month-to-month,Yes,Electronic check,58.15,1695.21,0,No
4294-CFNON,Female,1,No,Yes,2,Yes,Yes,DSL,Yes,No,No,No,No,Yes,Month-to-month,Yes,Mailed check,18.0,39.46,0,Yes
4295-KKIFO,Female,0,No,No,30,Yes,Yes,No,No internet service,No internet service,No internet service,No internet service,No internet service,No internet service,Two year,Yes,Bank transfer (automatic),18.0,672.65,1,No
4296-LFAYP,Female,0,Yes,No,46,Yes,No,Fiber optic,No,Yes,Yes,No,No,No,Two year,No,Electronic check,63.81,2928.19,1,No
4297-TOBQC,Female,0,Yes,Yes,6,Yes,No,DSL,No,Yes,No,Yes,Yes,No,Two year,No,Bank transfer (automatic),41.63,250.07,3,No
4298-CEQWQ,Male,0,No,No,42,Yes,Yes,DSL,No,Yes,No,Yes,No,Yes,One year,No,Mailed check,45.83,1912.55,3,No
4299-TFAGZ,Female,0,No,No,67,Yes,No,DSL,No,No,No,Yes,No,No,Month-to-month,Yes,Electronic check,52.56,3478.67,1,Yes
4300-OGSTV,Female,1,Yes,No,72,Yes,No,No,No internet service,No internet service,No internet service,No internet service,No internet service,No internet service,Two year,No,Electronic check,18.0,1293.38,2,No
4301-KWNMT,Female,0,No,No,16,Yes,No,No,No internet service,No internet service,No internet service,No internet service,No internet service,No internet service,Two year,No,Mailed check,18.0,325.96,3,No
4302-ZYIIP,Male,1,Yes,No,1,Yes,No,No,No internet service,No internet service,No internet service,No internet service,No internet service,No internet service,Two year,Yes,Credit card (automatic),35.63,18.0,2,No
4303-LJFRB,Female,0,No,Yes,17,Yes,Yes,Fiber optic,No,No,Yes,No,No,No,Month-to-month,Yes,Bank transfer (automatic),77.33,1392.82,3,No
4304-TISFB,Male,1,No,No,34,Yes,No,No,No internet service,No internet service,No internet service,No internet service,No internet service,No internet service,Month-to-month,Yes,Mailed check,18.0,671.5,1,No
4305-OQPUH,Female,0,Yes,No,71,Yes,No,No,No internet service,No internet service,No internet service,No internet service,No internet service,No internet service,One year,Yes,Electronic check,24.79,1817.21,3,Yes
4306-JJRJI,Female,0,No,No,72,Yes,No,DSL,No,No,Yes,Yes,No,Yes,One year,Yes,Bank transfer (automatic),47.56,3462.55,0,No
4307-XSADX,Female,0,Yes,Yes,72,Yes,Yes,Fiber optic,Yes,Yes,Yes,No,No,Yes,One year,Yes,Credit card (automatic),78.73,5646.5,1,No
4308-CJLRW,Male,0,No,No,34,No,No phone service,No,No internet service,No internet service,No internet service,No internet service,No internet service,No internet service,Month-to-month,No,Mailed check,23.18,790.75,1,No
4309-TFUBJ,Female,0,Yes,No,36,Yes,No,DSL,No,No,Yes,No,Yes,Yes,Month-to-month,No,Electronic check,54.84,2037.43,1,Yes
4310-BIJBH,Female,0,No,No,1,Yes,Yes,Fiber optic,No,Yes,No,No,Yes,No,Month-to-month,No,Bank transfer (automatic),62.17,67.82,3,No
4311-XQQDR,Male,0,Yes,No,14,Yes,No,Fiber optic,No,No,No,Yes,Yes,No,One year,Yes,Electronic check,68.19,896.74,1,Yes
4312-LQISN,Female,0,No,Yes,72,Yes,Yes,Fiber optic,No,No,Yes,Yes,No,No,Month-to-month,Yes,Electronic check,60.6,4376.11,1,Yes
4313-NQBHE,Female,0,No,No,37,Yes,No,Fiber optic,No,No,Yes,No,Yes,No,Month-to-month,No,Electronic check,64.01,2367.38,2,No
4314-GVPPQ,Female,0,Yes,No,20,Yes,Yes,Fiber optic,Yes,No,No,Yes,No,No,Month-to-month,Yes,Electronic check,69.0,1307.24,0,No
4315-VGTHH,Female,1,Yes,Yes,3,No,No phone service,Fiber optic,No,No,Yes,No,No,Yes,Month-to-month,No,Bank transfer (automatic),74.63,252.7,0,No
4316-WKORF,Female,1,Yes,Yes,9,Yes,Yes,DSL,No,No,Yes,Yes,No,No,One year,No,Credit card (automatic),42.22,384.79,4,Yes
4317-VLOWF,Male,0,No,No,25,Yes,Yes,No,No internet service,No internet service,No internet service,No internet service,No internet service,No internet service,Two year,Yes,Credit card (automatic),26.66,656.24,1,No
4318-RXTIH,Female,0,No,No,72,Yes,No,Fiber optic,No,No,No,No,No,No,Month-to-month,Yes,Credit card (automatic),72.03,5105.66,3,No
4319-NSSHB,Female,0,Yes,No,3,Yes,Yes,No,No internet service,No internet service,No internet service,No internet service,No internet service,No internet service,Two year,Yes,Electronic check,18.0,112.24,2,No
4320-YDFCC,Male,0,No,No,5,Yes,Yes,DSL,Yes,No,Yes,No,No,No,Month-to-month,No,Mailed check,56.8,240.09,2,Yes
4321-SKJLN,Male,0,Yes,Yes,34,Yes,Yes,DSL,No,Yes,No,No,No,Yes,One year,Yes,Bank transfer (automatic),43.96,1612.47,1,No
4322-RXIOX,Female,0,Yes,No,11,Yes,Yes,Fiber optic,No,No,Yes,No,No,No,Month-to-month,No,Electronic check,60.98,713.88,2,No
4323-ZCWKJ,Female,0,Yes,No,5,Yes,No,Fiber optic,Yes,Yes,Yes,Yes,No,No,Month-to-month,No,Mailed check,71.5,425.42,0,No
4324-RDMFU,Female,0,No,No,6,No,No phone service,DSL,Yes,No,Yes,No,Yes,Yes,Month-to-month,Yes,Electronic check,36.36,225.11,0,No
4325-MYZTE,Male,0,No,No,21,Yes,No,Fiber optic,Yes,No,Yes,No,No,No,Month-to-month,No,Bank transfer (automatic),52.97,1129.3,1,No
4326-TNMNH,Female,1,No,Yes,28,Yes,Yes,Fiber optic,Yes,No,No,No,No,Yes,Month-to-month,No,Electronic check,90.45,2517.21,2,No
4327-PMXOS,Male,0,Yes,No,72,Yes,Yes,DSL,Yes,Yes,No,Yes,Yes,No,Two year,Yes,Electronic check,39.3,2842.45,2,No
4328-AVBRS,Male,0,No,Yes,24,Yes,No,Fiber optic,Yes,No,No,No,No,No,One year,Yes,Electronic check,82.23,1926.59,2,No
4329-HCWZN,Male,0,Yes,Yes,37,Yes,Yes,No,No internet service,No internet service,No internet service,No internet service,No internet service,No internet service,One year,Yes,Mailed check,18.0,543.51,0,No
4330-ZIHQW,Female,0,Yes,No,6,Yes,No,DSL,No,No,Yes,No,No,No,One year,No,Electronic check,60.34,357.13,0,No
4331-WXPJU,Female,0,Yes,Yes,39,Yes,Yes,Fiber optic,No,Yes,No,No,Yes,Yes,Month-to-month,No,Electronic check,73.03,2763.38,2,No
4332-JYYXF,Female,0,Yes,No,33,Yes,No,Fiber optic,No,Yes,No,Yes,No,No,Month-to-month,No,Bank transfer (automatic),69.79,2313.22,1,No
4333-VQPOV,Male,0,No,Yes,7,Yes,No,Fiber optic,Yes,No,No,No,No,No,Two year,Yes,Credit card (automatic),71.62,478.97,2,No
4334-NDDBK,Female,0,No,No,35,Yes,No,Fiber optic,Yes,No,No,Yes,No,Yes,Month-to-month,Yes,Electronic check,64.08,2238.05,0,Yes
4335-DUUPU,Female,0,No,Yes,7,Yes,No,DSL,Yes,No,No,No,Yes,No,Month-to-month,Yes,Electronic check,41.99,270.68,2,Yes
4336-DAZXS,Male,0,Yes,No,28,Yes,No,No,No internet service,No internet service,No internet service,No internet service,No internet service,No internet service,Month-to-month,No,Bank transfer (automatic),18.0,556.49,0,No
4337-BIWYM,Male,0,Yes,Yes,35,Yes,Yes,DSL,No,Yes,No,No,No,Yes,One year,Yes,Electronic check,55.14,1887.96,1,No
4338-RPPYJ,Male,0,Yes,No,37,No,No phone service,No,No internet service,No internet service,No internet service,No internet service,No internet service,No internet service,Two year,Yes,Electronic check,25.72,1014.16,0,No
4339-IKYZZ,Male,0,Yes,No,72,Yes,No,DSL,No,Yes,No,No,No,No,Month-to-month,Yes,Electronic check,44.3,3198.94,1,Yes
4340-DJCFC,Male,0,No,No,72,Yes,No,DSL,No,Yes,No,No,Yes,Yes,Two year,Yes,Credit card (automatic),46.28,3269.87,1,No
4341-ICRHV,Female,0,Yes,No,53,Yes,No,DSL,No,Yes,No,No,No,Yes,Month-to-month,No,Mailed check,47.94,2513.21,2,No
4342-HOMGS,Male,0,No,Yes,67,Yes,No,No,No internet service,No internet service,No internet service,No internet service,No internet service,No internet service,Month-to-month,Yes,Mailed check,18.78,1182.35,2,No
4343-HJQAM,Female,0,Yes,Yes,1,Yes,No,Fiber optic,No,No,No,Yes,No,Yes,Two year,Yes,Bank transfer (automatic),60.62,18.0,0,No
4344-ZMXPI,Male,0,Yes,Yes,14,No,No phone service,No,No internet service,No internet service,No internet service,No internet service,No internet service,No internet service,Month-to-month,Yes,Credit card (automatic),20.09,253.89,0,Yes
4345-JFEBK,Female,0,Yes,No,1,Yes,Yes,Fiber optic,No,No,No,No,No,No,Month-to-month,No,Electronic check,78.99,101.61,0,Yes
4346-IFHII,Female,0,No,No,8,Yes,No,Fiber optic,No,Yes,Yes,Yes,Yes,Yes,One year,Yes,Bank transfer (automatic),57.51,552.37,0,No
4347-HLZHC,Male,0,Yes,Yes,15,Yes,Yes,No,No internet service,No internet service,No internet service,No internet service,No internet service,No internet service,Two year,No,Bank transfer (automatic),23.92,374.71,1,No
4348-MSBQP,Male,0,No,No,64,No,No phone service,DSL,No,Yes,No,No,Yes,Yes,Two year,No,Credit card (automatic),43.87,2797.37,1,No
4349-DRNBM,Female,0,Yes,No,22,Yes,Yes,DSL,No,No,No,No,No,No,Month-to-month,Yes,Bank transfer (automatic),38.22,806.7,0,No
4350-UTQOY,Male,0,Yes,Yes,33,Yes,No,DSL,No,No,No,Yes,No,No,Month-to-month,No,Electronic check,56.51,1737.94,0,No
4351-TEGRX,Male,0,No,No,14,Yes,No,DSL,Yes,Yes,No,No,No,No,Two year,Yes,Electronic check,26.73,336.31,0,No
4352-KRZEM,Male,0,Yes,No,29,Yes,No,DSL,Yes,No,Yes,No,Yes,No,One year,Yes,Mailed check,36.22,1047.31,4,No
4353-RBTDM,Male,0,Yes,No,54,Yes,Yes,DSL,No,No,No,Yes,No,Yes,Month-to-month,Yes,Electronic check,37.64,2064.2,3,Yes
4354-XPFZH,Male,0,No,No,11,Yes,No,Fiber optic,No,No,Yes,No,Yes,No,One year,Yes,Electronic check,90.47,1034.55,2,Yes
4355-PMWZD,Male,0,Yes,Yes,72,Yes,No,Fiber optic,No,Yes,No,Yes,No,No,Two year,Yes,Bank transfer (automatic),92.95,6661.83,4,No
4356-BIRQH,Male,1,No,No,7,Yes,No,DSL,No,No,Yes,No,Yes,No,Month-to-month,No,Electronic check,37.96,304.79,3,No
4357-ZOIQW,Male,0,Yes,No,72,Yes,No,Fiber optic,No,No,No,No,No,No,Two year,Yes,Credit card (automatic),68.02,5005.55,1,Yes
4358-BFEQB,Female,0,Yes,No,1,Yes,Yes,DSL,Yes,No,No,No,No,No,Month-to-month,Yes,Electronic check,44.91,130.57,3,Yes
4359-RJJFL,Female,1,Yes,No,25,Yes,No,No,No internet service,No internet service,No internet service,No internet service,No internet service,No internet service,Month-to-month,Yes,Mailed check,18.0,537.07,6,No
4360-QMTPJ,Male,0,No,No,72,Yes,No,DSL,No,No,No,Yes,No,Yes,Two year,No,Electronic check,50.56,3617.43,0,No
4361-UBBWG,Male,0,No,Yes,30,No,No phone service,No,No internet service,No internet service,No internet service,No internet service,No internet service,No internet service,One year,No,Credit card (automatic),30.29,851.22,0,No
4362-FALML,Female,0,No,No,25,Yes,No,Fiber optic,Yes,No,No,No,Yes,No,Month-to-month,Yes,Mailed check,74.37,1796.67,2,Yes
4363-SIJQR,Male,0,No,No,36,Yes,No,Fiber optic,No,No,No,No,No,No,Two year,Yes,Mailed check,60.59,2207.13,2,No
4364-HGIJL,Male,0,Yes,Yes,10,Yes,Yes,DSL,No,No,No,No,No,No,Month-to-month,Yes,Credit card (automatic),38.28,491.05,3,No
4365-OODDW,Male,0,Yes,No,1,Yes,No,DSL,Yes,No,No,No,Yes,Yes,One year,No,Electronic check,42.58,31.79,1,No
4366-AZLYB,Male,0,Yes,Yes,9,Yes,Yes,No,No internet service,No internet service,No internet service,No internet service,No internet service,No internet service,One year,Yes,Electronic check,29.48,244.24,1,No
4367-OQGFL,Female,0,No,No,6,Yes,No,Fiber optic,No,No,Yes,No,Yes,Yes,Month-to-month,Yes,Credit card (automatic),66.62,483.47,1,Yes
4368-SAUZN,Male,0,No,No,72,Yes,No,Fiber optic,No,No,No,No,No,No,Month-to-month,Yes,Credit card (automatic),69.59,5032.96,1,No
4369-DEAAU,Female,0,Yes,Yes,61,Yes,Yes,No,No internet service,No internet service,No internet service,No internet service,No internet service,No internet service,One year,No,Electronic check,18.0,1123.07,1,No
4370-FEBYU,Male,0,Yes,Yes,12,Yes,No,DSL,Yes,No,No,No,Yes,No,One year,Yes,Bank transfer (automatic),56.32,679.61,1,No
4371-EZISU,Female,0,No,No,57,Yes,No,DSL,Yes,No,No,No,No,No,Two year,Yes,Bank transfer (automatic),39.34,2278.1,1,No
4372-OMLEB,Female,0,No,No,7,No,No phone service,Fiber optic,Yes,No,Yes,No,Yes,Yes,One year,No,Credit card (automatic),54.52,355.97,0,No
4373-DRUJM,Female,0,No,Yes,7,Yes,No,Fiber optic,No,No,No,No,No,No,Month-to-month,Yes,Electronic check,86.96,595.2,2,Yes
4374-LBZON,Male,0,Yes,No,46,Yes,Yes,Fiber optic,No,No,No,No,No,No,Month-to-month,Yes,Bank transfer (automatic),78.87,3634.66,1,No
4375-YJVHY,Male,0,No,No,12,Yes,Yes,No,No internet service,No internet service,No internet service,No internet service,No internet service,No internet service,Month-to-month,Yes,Electronic check,18.58,296.69,0,Yes
4376-OMHUU,Male,1,No,Yes,2,Yes,No,DSL,No,No,Yes,Yes,Yes,No,One year,Yes,Mailed check,41.97,106.33,1,No
4377-VNAMH,Female,1,Yes,No,40,Yes,Yes,Fiber optic,No,No,Yes,No,No,No,Month-to-month,Yes,Electronic check,68.2,2825.0,0,No
4378-RVIMC,Male,0,No,Yes,72,Yes,Yes,Fiber optic,Yes,No,No,No,No,No,Two year,Yes,Electronic check,69.25,4965.1,0,No
4379-RJEYF,Male,0,Yes,Yes,26,Yes,Yes,No,No internet service,No internet service,No internet service,No internet service,No internet service,No internet service,Month-to-month,Yes,Mailed check,31.73,840.08,3,No
4380-HXGUR,Female,0,Yes,No,9,Yes,Yes,DSL,No,Yes,No,Yes,Yes,No,Two year,Yes,Electronic check,31.42,182.84,2,No
4381-NOJZU,Male,1,No,Yes,14,Yes,Yes,Fiber optic,No,Yes,No,No,Yes,No,One year,Yes,Credit card (automatic),76.99,1108.85,0,No
4382-LGGKM,Female,1,No,No,33,Yes,Yes,DSL,Yes,No,No,No,No,No,Month-to-month,Yes,Bank transfer (automatic),34.33,1006.57,3,No
4383-ORGFW,Male,0,Yes,No,38,Yes,Yes,Fiber optic,No,No,Yes,No,No,No,Two year,Yes,Credit card (automatic),79.14,3066.37,1,No
4384-KHTAH,Female,0,Yes,No,69,Yes,Yes,DSL,Yes,No,No,No,No,Yes,Two year,Yes,Electronic check,28.95,2051.48,1,No
4385-HSCEC,Female,0,No,Yes,72,Yes,Yes,No,No internet service,No internet service,No internet service,No internet service,No internet service,No internet service,Month-to-month,Yes,Electronic check,18.0,1271.62,1,No
4386-ONUOX,Female,0,Yes,Yes,63,No,No phone service,Fiber optic,No,Yes,No,No,No,No,Two year,Yes,Electronic check,65.36,4057.58,3,No
4387-QRBLP,Female,1,Yes,Yes,33,Yes,No,Fiber optic,No,No,Yes,No,No,Yes,Two year,Yes,Credit card (automatic),72.89,2361.49,1,No
4388-DYBNK,Female,0,Yes,No,19,Yes,No,No,No internet service,No internet service,No internet service,No internet service,No internet service,No internet service,Two year,No,Electronic check,25.29,414.0,0,No
4389-MYGJX,Female,0,No,No,36,Yes,No,Fiber optic,Yes,Yes,No,Yes,No,No,Month-to-month,No,Electronic check,67.12,2397.83,1,Yes
4390-AUYDR,Female,0,Yes,Yes,35,Yes,No,Fiber optic,Yes,Yes,No,Yes,No,No,Two year,No,Bank transfer (automatic),66.05,2305.84,2,No
4391-FBCNH,Male,1,No,No,7,Yes,No,DSL,Yes,Yes,No,No,No,Yes,Month-to-month,No,Credit card (automatic),56.36,379.24,1,No
4392-PSRFN,Female,0,Yes,Yes,22,Yes,No,Fiber optic,No,No,Yes,No,Yes,No,Month-to-month,No,Mailed check,57.69,1329.55,1,No
4393-CPALN,Male,0,No,Yes,7,Yes,No,DSL,Yes,Yes,No,No,Yes,Yes,Month-to-month,Yes,Electronic check,63.85,461.12,1,No
4394-SVSIG,Male,0,No,Yes,72,Yes,No,No,No internet service,No internet service,No internet service,No internet service,No internet service,No internet service,Month-to-month,Yes,Credit card (automatic),30.93,2263.29,2,No
4395-NERIU,Male,1,No,No,12,Yes,Yes,No,No internet service,No internet service,No internet service,No internet service,No internet service,No internet service,Month-to-month,No,Bank transfer (automatic),18.0,213.34,0,Yes
4396-GIDYQ,Female,0,Yes,Yes,52,Yes,No,DSL,No,No,No,Yes,Yes,Yes,One year,No,Credit card (automatic),44.63,2296.13,1,No
4397-LFRHU,Male,1,Yes,No,15,Yes,No,No,No internet service,No internet service,No internet service,No internet service,No internet service,No internet service,Month-to-month,No,Electronic check,23.67,318.77,3,No
4398-OCBXW,Female,0,No,Yes,46,Yes,No,Fiber optic,No,Yes,No,Yes,No,No,One year,Yes,Electronic check,49.03,2198.06,1,No
4399-IHDBN,Male,0,No,No,7,Yes,No,Fiber optic,Yes,Yes,Yes,No,Yes,No,Month-to-month,Yes,Electronic check,86.65,672.11,1,Yes
4400-BBVGL,Female,0,Yes,No,46,Yes,No,Fiber optic,Yes,Yes,No,No,Yes,Yes,Month-to-month,No,Electronic check,86.12,3927.84,1,No
4401-FRDSM,Female,0,Yes,Yes,6,Yes,Yes,Fiber optic,Yes,No,Yes,Yes,No,Yes,Month-to-month,Yes,Credit card (automatic),70.17,425.02,1,Yes
4402-TUWYB,Male,0,Yes,No,21,Yes,No,No,No internet service,No internet service,No internet service,No internet service,No internet service,No internet service,Month-to-month,Yes,Electronic check,39.46,869.81,4,Yes
4403-HSIZD,Female,0,Yes,No,3,Yes,No,No,No internet service,No internet service,No internet service,No internet service,No internet service,No internet service,Month-to-month,Yes,Credit card (automatic),21.02,54.77,1,No
4404-PSJFP,Male,0,Yes,Yes,24,Yes,No,Fiber optic,No,No,No,No,Yes,Yes,Month-to-month,No,Bank transfer (automatic),67.09,1561.3,4,Yes
4405-JMIGD,Female,0,No,No,55,Yes,Yes,Fiber optic,No,Yes,No,No,No,Yes,Two year,No,Credit card (automatic),65.13,3561.24,1,No
4406-SZDSS,Female,0,Yes,No,45,Yes,No,DSL,Yes,No,No,No,No,Yes,Two year,Yes,Mailed check,41.1,1939.3,1,No
4407-LMYDY,Male,0,No,No,1,Yes,No,DSL,No,Yes,No,No,No,No,Month-to-month,Yes,Electronic check,34.24,69.29,1,No
4408-JUGEQ,Female,0,No,No,21,Yes,No,Fiber optic,No,No,No,No,No,No,Month-to-month,Yes,Credit card (automatic),64.66,1316.96,3,No
4409-RKOUV,Male,0,Yes,No,61,Yes,Yes,DSL,No,No,No,Yes,No,Yes,Month-to-month,No,Electronic check,40.09,2477.78,1,No
4410-GRZYF,Male,0,No,No,33,Yes,No,Fiber optic,Yes,Yes,No,Yes,Yes,Yes,Month-to-month,Yes,Credit card (automatic),75.08,2515.85,1,No
4411-RPBSA,Male,1,Yes,Yes,1,Yes,No,Fiber optic,Yes,Yes,No,No,Yes,Yes,Two year,Yes,Bank transfer (automatic),74.45,176.14,0,No
4412-YZKTE,Female,0,No,No,12,Yes,No,Fiber optic,Yes,No,No,No,No,Yes,One year,No,Electronic check,76.32,961.19,1,Yes
4413-PWASN,Male,0,Yes,No,26,Yes,No,Fiber optic,No,No,No,No,No,No,Two year,No,Electronic check,73.55,1940.97,3,Yes
4414-CBXEQ,Male,0,No,No,6,Yes,Yes,Fiber optic,No,No,No,No,No,Yes,One year,Yes,Bank transfer (automatic),70.82,436.43,3,No
4415-RAOVI,Male,0,Yes,Yes,36,Yes,No,DSL,No,Yes,Yes,No,No,Yes,Month-to-month,No,Electronic check,46.13,1672.34,2,Yes
4416-WEMSX,Male,0,Yes,No,32,No,No phone service,Fiber optic,No,No,No,No,No,Yes,Month-to-month,No,Electronic check,82.19,2571.2,4,Yes
4417-JTYUN,Female,0,Yes,No,7,Yes,Yes,DSL,No,Yes,No,No,No,No,Month-to-month,No,Mailed check,51.64,284.27,2,Yes
4418-VUZLK,Female,0,Yes,No,25,Yes,Yes,Fiber optic,No,No,No,No,Yes,Yes,Month-to-month,Yes,Electronic check,61.81,1543.43,1,Yes
4419-WGQRG,Male,0,Yes,No,53,Yes,No,Fiber optic,No,No,No,No,Yes,Yes,Two year,No,Bank transfer (automatic),82.43,4413.31,0,No
4420-XTFKL,Male,0,No,No,15,Yes,Yes,DSL,No,No,No,No,No,No,One year,Yes,Bank transfer (automatic),50.62,726.18,1,No
4421-ZPSWS,Male,0,Yes,No,9,Yes,No,DSL,Yes,No,No,No,No,Yes,Two year,Yes,Credit card (automatic),44.76,361.15,3,No
4422-KPWLH,Male,1,No,No,38,Yes,Yes,DSL,Yes,No,No,No,No,Yes,Month-to-month,No,Credit card (automatic),43.98,1623.42,0,No
4423-CBFPT,Male,0,Yes,Yes,2,Yes,Yes,No,No internet service,No internet service,No internet service,No internet service,No internet service,No internet service,Month-to-month,Yes,Electronic check,18.0,40.73,0,Yes
4424-XONBT,Male,0,No,No,57,Yes,No,Fiber optic,No,No,No,No,No,No,Month-to-month,No,Electronic check,76.52,4312.41,2,Yes
4425-RNRBA,Female,0,No,Yes,72,Yes,No,Fiber optic,No,No,No,No,No,No,Month-to-month,No,Electronic check,74.89,5508.83,1,No
4426-TBIIP,Male,0,No,Yes,72,Yes,Yes,No,No internet service,No internet service,No internet service,No internet service,No internet service,No internet service,One year,Yes,Mailed check,31.36,2216.95,4,No
4427-KWFLC,Male,0,Yes,Yes,18,Yes,No,DSL,No,Yes,No,No,No,No,Month-to-month,Yes,Mailed check,51.15,999.76,6,No
4428-LWAIT,Male,0,Yes,No,31,Yes,No,No,No internet service,No internet service,No internet service,No internet service,No internet service,No internet service,Month-to-month,No,Mailed check,18.0,625.24,1,Yes
4429-VFKCD,Male,0,Yes,No,62,Yes,Yes,Fiber optic,Yes,No,No,No,No,No,One year,No,Electronic check,79.81,4933.77,0,Yes
4430-JSFAH,Male,0,No,No,8,Yes,No,No,No internet service,No internet service,No internet service,No internet service,No internet service,No internet service,One year,No,Credit card (automatic),29.09,226.61,2,No
4431-HYFQS,Male,0,No,No,1,Yes,Yes,DSL,No,Yes,No,No,Yes,Yes,Month-to-month,No,Electronic check,50.28,114.29,3,Yes
4432-AOMUC,Female,1,No,No,15,Yes,No,DSL,No,No,Yes,No,Yes,No,Two year,Yes,Electronic check,34.57,471.95,7,No
4433-BCIPX,Female,1,Yes,Yes,69,Yes,Yes,DSL,Yes,Yes,Yes,No,No,Yes,Month-to-month,Yes,Bank transfer (automatic),55.73,3869.96,1,No
4434-MSRUL,Male,0,No,No,22,Yes,No,Fiber optic,Yes,Yes,No,No,No,No,Month-to-month,No,Electronic check,72.76,1485.71,2,Yes
4435-LATHQ,Female,0,No,Yes,24,Yes,No,DSL,No,No,Yes,No,Yes,Yes,Month-to-month,No,Bank transfer (automatic),41.13,977.28,0,Yes
4436-UTVGI,Male,0,Yes,No,37,Yes,No,No,No internet service,No internet service,No internet service,No internet service,No internet service,No internet service,Two year,No,Electronic check,18.7,726.92,0,No
4437-QJDVZ,Female,0,Yes,No,27,Yes,Yes,DSL,No,No,No,No,No,No,One year,No,Mailed check,52.83,1354.01,1,No
4438-GGHZX,Male,0,No,Yes,1,Yes,Yes,DSL,No,Yes,No,No,Yes,Yes,Month-to-month,No,Credit card (automatic),25.78, ,0,No
4439-XHPLO,Male,0,Yes,No,26,Yes,No,DSL,No,Yes,No,No,No,Yes,Two year,No,Electronic check,58.89,1457.42,1,No
4440-HVICV,Male,1,No,Yes,33,Yes,Yes,Fiber optic,No,No,No,No,Yes,No,Month-to-month,No,Bank transfer (automatic),75.45,2466.77,1,No
4441-UPOXD,Female,0,No,Yes,32,Yes,No,No,No internet service,No internet service,No internet service,No internet service,No internet service,No internet service,Month-to-month,No,Credit card (automatic),23.96,882.76,0,No
4442-TPJKZ,Female,0,No,No,41,Yes,Yes,No,No internet service,No internet service,No internet service,No internet service,No internet service,No internet service,Month-to-month,Yes,Credit card (automatic),18.0,795.64,2,Yes
4443-EKMOF,Male,0,No,No,23,Yes,No,DSL,No,No,No,No,Yes,Yes,Month-to-month,Yes,Electronic check,69.31,1605.79,3,Yes
4444-POKTB,Male,0,No,Yes,72,Yes,No,DSL,No,No,Yes,No,No,No,Two year,Yes,Mailed check,38.87,2788.34,2,No
4445-BLPSB,Female,1,Yes,No,19,Yes,Yes,Fiber optic,No,No,Yes,No,No,Yes,Month-to-month,No,Electronic check,87.02,1638.33,1,No
4446-QNXPE,Male,0,Yes,No,23,Yes,No,Fiber optic,No,No,No,No,No,Yes,One year,Yes,Mailed check,72.9,1608.97,2,No
4447-JQMPI,Male,0,No,No,48,Yes,No,Fiber optic,No,Yes,Yes,No,No,Yes,Two year,Yes,Electronic check,93.86,4485.54,0,No
4448-XDXZP,Male,0,No,Yes,57,Yes,Yes,No,No internet service,No internet service,No internet service,No internet service,No internet service,No internet service,One year,Yes,Credit card (automatic),18.0,1004.72,1,No
4449-WKGQV,Female,1,No,Yes,33,Yes,Yes,DSL,No,Yes,No,Yes,Yes,Yes,Month-to-month,No,Electronic check,33.09,1214.98,0,No
4450-MDNJJ,Female,0,Yes,Yes,4,Yes,Yes,Fiber optic,No,No,Yes,No,No,Yes,Month-to-month,No,Credit card (automatic),61.15,231.31,1,No
4451-JLBZW,Male,0,Yes,No,12,Yes,No,DSL,No,Yes,No,Yes,Yes,No,Month-to-month,No,Mailed check,35.44,395.01,1,Yes
4452-IEHUN,Male,0,Yes,No,1,Yes,Yes,Fiber optic,Yes,No,No,No,No,No,Two year,Yes,Mailed check,67.87,56.31,2,No
4453-GGICN,Female,0,Yes,No,11,Yes,Yes,Fiber optic,No,No,No,Yes,Yes,Yes,Two year,Yes,Mailed check,71.69,818.9,0,No
4454-QRLVN,Male,1,No,Yes,27,Yes,No,No,No internet service,No internet service,No internet service,No internet service,No internet service,No internet service,One year,No,Electronic check,18.0,500.5,1,No
4455-ZZMNI,Male,0,No,Yes,52,Yes,Yes,Fiber optic,No,Yes,No,No,No,Yes,Month-to-month,Yes,Credit card (automatic),81.46,4271.87,2,Yes
4456-SZBKQ,Male,0,Yes,No,28,Yes,No,No,No internet service,No internet service,No internet service,No internet service,No internet service,No internet service,Two year,No,Credit card (automatic),20.18,645.63,0,No
4457-BSGRM,Male,0,No,No,1,Yes,No,DSL,No,No,No,No,No,No,Two year,No,Credit card (automatic),53.68,46.57,1,No
4458-ERWZX,Female,1,No,No,9,No,No phone service,Fiber optic,Yes,Yes,Yes,Yes,Yes,No,One year,No,Mailed check,70.55,663.13,2,No
4459-XPOHZ,Male,0,No,No,27,Yes,Yes,Fiber optic,No,No,No,No,No,No,Month-to-month,Yes,Mailed check,65.11,1736.98,2,Yes
4460-OYAQO,Male,0,No,No,39,Yes,No,No,No internet service,No internet service,No internet service,No internet service,No internet service,No internet service,Month-to-month,No,Credit card (automatic),18.0,649.18,2,Yes
4461-NNJBF,Male,0,Yes,Yes,64,Yes,Yes,Fiber optic,No,No,Yes,No,Yes,Yes,Two year,Yes,Mailed check,52.64,3339.83,1,No
4462-QEEOO,Female,1,No,Yes,72,Yes,Yes,Fiber optic,Yes,No,No,No,No,No,Month-to-month,Yes,Credit card (automatic),91.04,6626.89,0,No
4463-TKEAK,Female,1,Yes,Yes,71,Yes,No,Fiber optic,No,Yes,Yes,Yes,No,No,Month-to-month,Yes,Electronic check,70.86,5066.15,2,No
4464-KFWHB,Female,0,No,No,20,Yes,Yes,No,No internet service,No internet service,No internet service,No internet service,No internet service,No internet service,One year,Yes,Mailed check,18.0,414.41,0,No
4465-OWVIO,Male,0,No,No,43,Yes,No,DSL,Yes,Yes,No,Yes,No,No,One year,Yes,Bank transfer (automatic),33.99,1456.49,3,No
4466-HPNOT,Male,0,No,No,8,Yes,Yes,DSL,Yes,No,No,No,Yes,No,Month-to-month,Yes,Electronic check,44.37,391.57,2,No
4467-MIAFH,Male,0,No,No,2,Yes,Yes,Fiber optic,Yes,No,No,No,Yes,Yes,Month-to-month,Yes,Credit card (automatic),51.71,181.6,1,No
4468-TRRZQ,Female,0,No,No,1,Yes,No,DSL,Yes,Yes,No,Yes,No,No,Two year,Yes,Mailed check,51.75,55.94,3,No
4469-UPMVD,Female,0,Yes,No,8,Yes,No,Fiber optic,Yes,Yes,Yes,No,No,Yes,One year,Yes,Credit card (automatic),60.83,482.98,2,No
4470-DUNEP,Male,0,Yes,Yes,1,Yes,Yes,DSL,Yes,No,No,No,No,Yes,Two year,Yes,Credit card (automatic),60.57,73.0,0,No
4471-NNNYX,Male,0,Yes,Yes,60,Yes,Yes,DSL,No,No,No,No,Yes,No,Two year,No,Bank transfer (automatic),58.58,3523.69,2,No
4472-YNSCQ,Female,0,Yes,No,21,Yes,Yes,Fiber optic,No,No,No,No,Yes,Yes,Two year,Yes,Mailed check,60.95,1300.77,2,No
4473-NJMVD,Male,1,Yes,No,53,Yes,Yes,DSL,No,No,Yes,No,No,Yes,One year,Yes,Mailed check,51.86,2734.93,2,No
4474-KOOXB,Male,1,No,No,72,No,No phone service,DSL,No,No,Yes,Yes,Yes,No,Month-to-month,Yes,Credit card (automatic),62.3,4509.4,5,No
4475-KBWEM,Male,0,Yes,Yes,72,Yes,Yes,DSL,No,No,No,Yes,No,No,Month-to-month,Yes,Electronic check,64.85,4640.3,2,No
4476-AGGJF,Female,0,Yes,Yes,72,Yes,No,DSL,No,No,No,No,Yes,No,One year,Yes,Credit card (automatic),56.59,4157.81,0,No
4477-TLMXK,Male,0,No,No,40,Yes,Yes,No,No internet service,No internet service,No internet service,No internet service,No internet service,No internet service,Month-to-month,No,Electronic check,26.47,1000.54,0,Yes
4478-RBPBS,Female,0,No,No,18,Yes,No,Fiber optic,No,No,Yes,No,No,Yes,One year,Yes,Mailed check,66.96,1190.68,0,No
4479-FAKRJ,Male,0,No,Yes,29,Yes,Yes,No,No internet service,No internet service,No internet service,No internet service,No internet service,No internet service,Month-to-month,Yes,Electronic check,27.67,848.41,0,Yes
4480-RASPZ,Female,0,Yes,No,54,Yes,No,Fiber optic,No,Yes,Yes,No,No,No,Month-to-month,Yes,Credit card (automatic),58.48,3125.26,1,Yes
4481-GOAWU,Female,0,No,No,72,Yes,Yes,No,No internet service,No internet service,No internet service,No internet service,No internet service,No internet service,Month-to-month,No,Bank transfer (automatic),34.34,2404.77,2,No
4482-IBQYX,Female,0,Yes,No,72,No,No phone service,Fiber optic,No,No,Yes,No,Yes,No,Month-to-month,Yes,Credit card (automatic),93.15,6739.58,1,Yes
4483-JFEHH,Male,0,No,No,41,Yes,No,DSL,No,No,Yes,Yes,Yes,Yes,One year,Yes,Electronic check,40.41,1682.38,3,No
4484-ELGMM,Male,0,No,No,24,Yes,Yes,DSL,No,No,Yes,No,No,No,Month-to-month,Yes,Credit card (automatic),36.61,874.43,2,No
4485-QDRJC,Male,0,Yes,Yes,72,Yes,No,Fiber optic,No,No,No,Yes,No,Yes,One year,No,Electronic check,68.41,4931.52,1,No
4486-LAKRM,Female,0,Yes,No,72,Yes,Yes,Fiber optic,No,Yes,No,Yes,No,Yes,Month-to-month,Yes,Electronic check,79.63,5714.59,2,No
4487-QHTSQ,Female,0,No,Yes,20,Yes,No,DSL,Yes,No,Yes,Yes,No,No,Month-to-month,Yes,Electronic check,46.93,988.91,4,No
4488-BCCFJ,Male,0,No,Yes,33,Yes,No,DSL,No,No,Yes,Yes,No,Yes,Two year,Yes,Electronic check,53.99,1855.19,2,No
4489-XVRRN,Female,0,No,Yes,53,Yes,No,Fiber optic,Yes,No,No,Yes,No,Yes,One year,Yes,Bank transfer (automatic),70.31,3750.81,1,No
4490-PGAQW,Female,0,Yes,No,18,Yes,Yes,Fiber optic,Yes,No,No,No,Yes,No,Month-to-month,No,Bank transfer (automatic),87.9,1627.78,1,No
4491-YEAUQ,Male,0,Yes,No,56,Yes,No,No,No internet service,No internet service,No internet service,No internet service,No internet service,No internet service,Month-to-month,Yes,Mailed check,28.33,1603.16,0,Yes
4492-JLYTY,Female,0,Yes,No,3,Yes,No,DSL,No,Yes,Yes,No,No,No,One year,No,Electronic check,37.27,191.32,1,No
4493-BWPOM,Male,0,No,No,20,Yes,Yes,Fiber optic,No,No,Yes,No,Yes,No,One year,No,Mailed check,52.63,1026.0,0,No
4494-RTVNR,Male,0,No,No,21,Yes,No,Fiber optic,No,No,No,No,No,No,One year,No,Credit card (automatic),82.81,1719.96,1,No
4495-BBCEY,Female,0,Yes,Yes,36,Yes,No,DSL,No,Yes,No,No,Yes,Yes,One year,No,Electronic check,49.68,1806.01,0,No
4496-PVOLI,Male,0,Yes,No,3,Yes,No,Fiber optic,No,No,No,No,Yes,Yes,Month-to-month,Yes,Bank transfer (automatic),79.19,227.13,0,No
4497-ZNUPK,Female,0,No,No,3,Yes,No,Fiber optic,No,No,No,Yes,No,Yes,Month-to-month,Yes,Electronic check,82.87,246.46,2,No
4498-FJHPC,Male,1,Yes,No,72,Yes,Yes,Fiber optic,No,No,No,Yes,No,Yes,Two year,Yes,Credit card (automatic),68.28,4960.86,1,No
4499-BPSIP,Male,1,No,Yes,11,No,No phone service,Fiber optic,Yes,No,No,No,No,No,Two year,Yes,Bank transfer (automatic),79.37,814.3,0,No
4500-VZDJS,Male,0,No,No,12,Yes,No,DSL,No,Yes,Yes,No,Yes,Yes,Month-to-month,Yes,Bank transfer (automatic),45.19,532.39,0,No
4501-MRODI,Male,0,Yes,Yes,47,Yes,No,DSL,No,No,No,Yes,No,No,Month-to-month,No,Electronic check,45.93,2165.98,1,No
4502-DPUOX,Male,0,Yes,Yes,17,Yes,No,DSL,Yes,No,Yes,Yes,Yes,Yes,One year,No,Bank transfer (automatic),65.57,1114.0,1,No
4503-BNCVW,Male,0,No,No,57,Yes,No,Fiber optic,No,Yes,No,No,No,Yes,One year,No,Electronic check,70.64,3994.69,4,No
4504-DAWIQ,Male,1,Yes,Yes,16,Yes,No,Fiber optic,No,Yes,Yes,Yes,Yes,No,Month-to-month,Yes,Bank transfer (automatic),57.77,824.29,0,No
4505-NQAJW,Female,0,No,No,45,Yes,No,DSL,No,Yes,No,No,Yes,No,Two year,Yes,Mailed check,33.93,1555.64,1,No
4506-PYSXY,Male,0,Yes,No,23,Yes,Yes,DSL,Yes,No,No,No,No,No,Two year,Yes,Electronic check,55.69,1372.7,1,Yes
4507-CLCOQ,Male,0,Yes,Yes,72,No,No phone service,DSL,No,No,No,No,No,No,Two year,Yes,Mailed check,46.68,3359.92,0,No
4508-RGSGE,Female,0,No,No,12,Yes,No,DSL,No,No,No,Yes,No,No,One year,No,Electronic check,43.97,588.86,2,No
4509-ZHUPP,Female,0,Yes,No,14,Yes,No,DSL,Yes,Yes,No,No,Yes,Yes,Month-to-month,No,Electronic check,48.03,547.81,0,No
4510-SYOGE,Male,1,Yes,Yes,72,Yes,No,Fiber optic,No,No,No,No,Yes,No,Month-to-month,Yes,Electronic check,69.63,5044.09,2,No
4511-WKJYU,Female,0,Yes,No,42,Yes,No,DSL,No,No,Yes,Yes,Yes,Yes,Month-to-month,No,Bank transfer (automatic),53.74,2307.85,2,No
4512-WIATA,Male,1,No,No,47,Yes,No,No,No internet service,No internet service,No internet service,No internet service,No internet service,No internet service,Two year,Yes,Electronic check,18.0,910.82,1,No
4513-HCBDS,Male,0,No,No,11,Yes,No,Fiber optic,Yes,Yes,Yes,Yes,Yes,No,Month-to-month,No,Credit card (automatic),78.2,849.8,2,Yes
4514-KEXJX,Female,0,Yes,No,24,Yes,No,Fiber optic,Yes,Yes,Yes,No,No,No,One year,Yes,Credit card (automatic),76.76,1906.63,0,No
4515-WHMEZ,Female,0,No,Yes,12,No,No phone service,DSL,No,Yes,No,No,Yes,Yes,Two year,Yes,Mailed check,48.67,562.25,1,No
4516-ZLMVH,Male,0,Yes,No,9,Yes,No,Fiber optic,Yes,No,No,No,No,No,Month-to-month,No,Mailed check,64.39,508.53,1,No
4517-OMAVF,Female,0,Yes,No,24,Yes,No,Fiber optic,No,No,No,No,Yes,Yes,Month-to-month,Yes,Bank transfer (automatic),81.47,1972.27,0,Yes
4518-KMUTA,Male,1,No,No,72,Yes,Yes,DSL,No,No,No,No,No,Yes,Month-to-month,Yes,Electronic check,58.15,4223.52,2,No
4519-KZKHV,Male,0,No,Yes,7,Yes,Yes,DSL,No,No,No,No,No,No,Month-to-month,No,Electronic check,28.13,222.72,2,No
4520-CSLFW,Female,0,Yes,Yes,8,Yes,Yes,No,No internet service,No internet service,No internet service,No internet service,No internet service,No internet service,One year,Yes,Mailed check,23.73,244.57,2,Yes
4521-HEJVP,Male,0,Yes,Yes,8,No,No phone service,No,No internet service,No internet service,No internet service,No internet service,No internet service,No internet service,One year,Yes,Mailed check,18.0,150.56,1,No
4522-LQFIJ,Female,0,Yes,Yes,50,Yes,Yes,Fiber optic,No,No,No,Yes,No,No,One year,Yes,Electronic check,69.04,3519.84,0,Yes
4523-TNNZQ,Female,0,No,No,22,No,No phone service,No,No internet service,No internet service,No internet service,No internet service,No internet service,No internet service,Two year,No,Mailed check,20.76,458.91,4,No
4524-YPDBP,Female,0,Yes,Yes,15,Yes,Yes,Fiber optic,No,No,Yes,No,Yes,Yes,Month-to-month,No,Electronic check,75.11,1079.63,1,Yes
4525-ACWKP,Male,1,Yes,Yes,59,Yes,No,DSL,No,No,No,No,No,No,One year,Yes,Credit card (automatic),45.78,2688.39,1,No
4526-ZROIL,Male,0,Yes,No,11,Yes,Yes,Fiber optic,No,No,Yes,No,No,No,One year,Yes,Credit card (automatic),67.5,780.92,1,No
4527-REXZH,Male,0,Yes,No,15,Yes,Yes,Fiber optic,No,No,No,No,Yes,No,Month-to-month,Yes,Bank transfer (automatic),74.53,1121.75,1,No
4528-CBYSH,Female,0,No,No,2,Yes,No,Fiber optic,No,No,Yes,No,Yes,No,Two year,Yes,Electronic check,57.99,71.79,3,No
4529-BSAVM,Male,0,Yes,Yes,4,Yes,Yes,No,No internet service,No internet service,No internet service,No internet service,No internet service,No internet service,Month-to-month,Yes,Bank transfer (automatic),18.42,76.18,2,Yes
4530-WTQCI,Female,0,No,No,4,Yes,Yes,DSL,No,No,No,No,No,No,One year,No,Mailed check,44.16,205.95,2,Yes
4531-EFDQU,Female,0,Yes,No,13,Yes,No,DSL,No,No,Yes,No,No,Yes,Month-to-month,No,Credit card (automatic),37.69,473.13,3,No
4532-UUPPV,Male,0,Yes,No,23,Yes,No,Fiber optic,No,No,No,Yes,No,No,One year,Yes,Mailed check,53.25,1222.26,1,Yes
4533-KBQOR,Female,0,Yes,No,1,Yes,No,Fiber optic,Yes,No,Yes,No,No,Yes,One year,No,Credit card (automatic),72.62,43.79,1,No
4534-JFUPE,Male,0,Yes,No,6,Yes,No,Fiber optic,No,No,Yes,No,Yes,Yes,Two year,Yes,Credit card (automatic),62.16,368.87,0,No
4535-LFNZW,Female,0,Yes,Yes,6,Yes,Yes,DSL,Yes,No,No,No,No,Yes,Month-to-month,Yes,Electronic check,34.17,180.79,3,No
4536-PYGBF,Male,1,No,Yes,9,Yes,No,Fiber optic,No,Yes,No,No,No,Yes,Month-to-month,No,Bank transfer (automatic),86.3,776.73,2,Yes
4537-IGBSH,Female,1,No,No,5,Yes,Yes,DSL,No,Yes,Yes,No,Yes,Yes,Month-to-month,No,Mailed check,38.71,217.88,3,No
4538-KYDPY,Female,0,Yes,Yes,6,Yes,No,Fiber optic,Yes,No,No,Yes,Yes,No,Month-to-month,No,Bank transfer (automatic),63.75,459.48,0,Yes
4539-RMEBK,Male,0,Yes,No,72,Yes,No,Fiber optic,No,Yes,No,No,No,No,Month-to-month,No,Mailed check,81.81,5900.37,2,Yes
4540-AMERN,Male,1,Yes,No,28,Yes,Yes,Fiber optic,Yes,No,Yes,Yes,No,No,Month-to-month,Yes,Electronic check,61.52,1679.11,2,No
4541-MGHRG,Male,0,No,No,46,No,No phone service,Fiber optic,Yes,No,No,No,Yes,No,One year,Yes,Mailed check,65.81,3011.63,1,No
4542-TQPKS,Male,0,No,No,54,No,No phone service,Fiber optic,Yes,No,No,Yes,No,Yes,One year,Yes,Bank transfer (automatic),59.01,3260.37,1,No
4543-AUHAI,Male,0,No,No,35,No,No phone service,DSL,No,No,No,No,Yes,Yes,Two year,Yes,Electronic check,51.74,1832.62,0,No
4544-SUIUY,Female,0,No,Yes,38,Yes,No,No,No internet service,No internet service,No internet service,No internet service,No internet service,No internet service,Month-to-month,Yes,Credit card (automatic),18.0,665.0,0,No
4545-JXWKA,Female,0,Yes,Yes,32,Yes,Yes,DSL,No,No,Yes,Yes,Yes,No,Month-to-month,Yes,Electronic check,45.85,1481.13,0,Yes
4546-TYZHT,Male,0,No,No,33,Yes,Yes,Fiber optic,No,No,No,Yes,No,No,Month-to-month,Yes,Bank transfer (automatic),69.1,2206.77,0,No
4547-LAJDO,Male,1,Yes,No,72,Yes,No,Fiber optic,No,No,Yes,No,Yes,Yes,Month-to-month,Yes,Electronic check,55.42,3930.15,3,No
4548-SFEER,Female,0,No,No,6,Yes,Yes,Fiber optic,No,No,Yes,No,No,Yes,Month-to-month,No,Electronic check,64.4,332.81,0,No
4549-CVBDR,Female,0,Yes,Yes,10,Yes,No,DSL,Yes,No,No,Yes,No,No,Month-to-month,No,Mailed check,49.53,519.31,1,No
4550-ISZJV,Male,0,Yes,Yes,3,Yes,Yes,DSL,Yes,Yes,No,Yes,No,No,Month-to-month,No,Mailed check,50.0,93.96,1,No
4551-OAKNJ,Male,0,Yes,Yes,58,Yes,No,Fiber optic,No,No,No,No,Yes,No,One year,No,Credit card (automatic),56.93,3349.9,3,No
4552-SXUPH,Male,0,Yes,Yes,19,Yes,Yes,Fiber optic,Yes,No,Yes,No,No,No,One year,No,Credit card (automatic),72.53,1350.78,2,No
4553-BWYGS,Female,0,No,No,72,Yes,Yes,DSL,No,Yes,Yes,Yes,Yes,Yes,Month-to-month,Yes,Bank transfer (automatic),58.01,4136.64,0,No
4554-GOHNA,Female,0,No,Yes,16,Yes,No,Fiber optic,No,No,No,No,Yes,No,Month-to-month,Yes,Bank transfer (automatic),72.11,1173.21,2,No
4555-MCUFS,Female,0,No,No,18,Yes,Yes,DSL,Yes,No,No,Yes,No,No,Month-to-month,Yes,Credit card (automatic),45.51,862.7,0,No
4556-ODUCD,Female,1,No,No,19,Yes,Yes,No,No internet service,No internet service,No internet service,No internet service,No internet service,No internet service,Month-to-month,Yes,Credit card (automatic),18.0,330.65,3,No
4557-ERZYJ,Male,0,Yes,No,30,Yes,Yes,Fiber optic,Yes,No,No,No,No,No,Two year,No,Electronic check,84.31,2586.1,0,No
4558-HLVZC,Male,0,No,No,46,Yes,No,DSL,No,No,Yes,Yes,No,Yes,Two year,Yes,Electronic check,41.93,1950.71,0,No
4559-RWHZA,Male,1,No,No,13,Yes,No,Fiber optic,No,No,Yes,Yes,No,No,One year,Yes,Electronic check,83.08,999.06,2,Yes
4560-NVWMY,Female,0,No,No,31,Yes,No,DSL,No,No,Yes,No,No,Yes,One year,No,Bank transfer (automatic),51.39,1598.13,0,No
4561-LCRUM,Female,0,Yes,No,7,Yes,No,Fiber optic,Yes,Yes,Yes,Yes,Yes,Yes,Month-to-month,No,Credit card (automatic),78.46,562.58,0,No
4562-OJAFI,Male,0,Yes,Yes,25,Yes,Yes,Fiber optic,No,No,Yes,No,No,No,One year,No,Credit card (automatic),64.86,1596.7,3,No
4563-JOIWN,Male,0,Yes,No,25,Yes,No,Fiber optic,Yes,No,Yes,No,No,Yes,Month-to-month,No,Credit card (automatic),65.23,1625.3,1,No
4564-KGXZB,Female,0,No,No,70,Yes,Yes,DSL,Yes,Yes,No,No,No,Yes,Two year,No,Credit card (automatic),48.11,3354.3,3,No
4565-NFEES,Male,1,No,No,72,Yes,Yes,No,No internet service,No internet service,No internet service,No internet service,No internet service,No internet service,One year,Yes,Mailed check,34.53,2445.7,1,No
4566-SFZJW,Male,0,Yes,No,21,Yes,No,Fiber optic,No,No,No,No,Yes,No,Month-to-month,No,Electronic check,49.2,1005.42,2,No
4567-NQCAJ,Female,1,No,No,1,Yes,No,Fiber optic,No,No,No,No,Yes,No,Two year,No,Electronic check,61.36,72.11,2,Yes
4568-CEYSJ,Male,0,Yes,No,59,Yes,No,DSL,Yes,No,No,No,No,No,Month-to-month,No,Bank transfer (automatic),38.06,2246.73,0,No
4569-ZYPAF,Female,0,Yes,No,1,Yes,No,Fiber optic,Yes,No,No,No,No,No,Month-to-month,No,Bank transfer (automatic),85.71,71.12,2,No
4570-IENJB,Male,0,No,No,20,Yes,No,Fiber optic,Yes,No,Yes,No,Yes,Yes,Two year,No,Credit card (automatic),67.54,1370.65,2,No
4571-EAYJZ,Male,0,Yes,No,1,Yes,No,Fiber optic,Yes,Yes,No,Yes,Yes,No,Month-to-month,No,Electronic check,77.62,129.4,2,No
4572-YVICO,Male,0,Yes,No,13,Yes,No,No,No internet service,No internet service,No internet service,No internet service,No internet service,No internet service,Month-to-month,Yes,Mailed check,18.22,306.13,0,Yes
4573-DMFTQ,Female,0,No,Yes,32,Yes,No,DSL,No,Yes,No,No,Yes,No,Month-to-month,Yes,Credit card (automatic),44.1,1497.07,2,Yes
4574-WEOHY,Female,1,No,No,14,Yes,Yes,DSL,No,Yes,No,No,No,No,Month-to-month,Yes,Electronic check,40.92,584.86,3,No
4575-EXMAA,Female,0,No,No,72,Yes,Yes,Fiber optic,No,Yes,No,No,No,Yes,Month-to-month,No,Mailed check,65.4,4836.49,0,No
4576-GVENO,Female,0,Yes,No,32,Yes,No,DSL,No,No,No,No,No,No,Month-to-month,Yes,Electronic check,38.09,1339.64,2,No
4577-UYQXR,Male,1,Yes,No,33,Yes,Yes,Fiber optic,Yes,No,No,No,No,No,Month-to-month,Yes,Bank transfer (automatic),73.36,2481.12,0,No
4578-GVZRS,Female,0,Yes,No,15,Yes,Yes,Fiber optic,No,No,No,No,Yes,No,One year,No,Electronic check,59.69,873.67,3,Yes
4579-TGHMR,Male,0,No,Yes,1,Yes,Yes,No,No internet service,No internet service,No internet service,No internet service,No internet service,No internet service,Month-to-month,Yes,Credit card (automatic),31.55,89.12,0,No
4580-XKIWA,Male,0,Yes,Yes,42,Yes,No,Fiber optic,No,Yes,No,No,Yes,No,Month-to-month,Yes,Credit card (automatic),83.51,3590.08,0,No
4581-VHULB,Male,0,Yes,No,40,Yes,No,Fiber optic,No,No,No,No,No,No,Month-to-month,Yes,Electronic check,70.54,2832.71,2,No
4582-OUXRQ,Male,0,Yes,No,24,No,No phone service,Fiber optic,No,No,No,No,Yes,No,Month-to-month,Yes,Credit card (automatic),58.27,1430.34,3,Yes
4583-OTTIC,Male,1,No,No,17,Yes,No,Fiber optic,No,Yes,No,No,No,Yes,Two year,Yes,Electronic check,68.04,1185.79,4,Yes
4584-TSRTH,Male,1,Yes,Yes,24,Yes,No,Fiber optic,No,No,Yes,No,Yes,No,Month-to-month,Yes,Bank transfer (automatic),66.84,1577.5,1,No
4585-AXXOS,Male,0,Yes,No,43,No,No phone service,DSL,No,No,Yes,No,No,No,Two year,Yes,Bank transfer (automatic),35.07,1499.44,1,No
4586-ZJLFM,Female,0,Yes,Yes,39,Yes,No,No,No internet service,No internet service,No internet service,No internet service,No internet service,No internet service,Two year,Yes,Credit card (automatic),23.88,953.99,4,No
4587-DMQAE,Male,0,Yes,Yes,34,Yes,No,Fiber optic,No,No,No,Yes,No,Yes,Month-to-month,Yes,Mailed check,59.72,2074.23,0,No
4588-XQRGP,Female,0,Yes,Yes,72,No,No phone service,No,No internet service,No internet service,No internet service,No internet service,No internet service,No internet service,Two year,No,Bank transfer (automatic),35.94,2527.78,1,No
4589-HLNSK,Male,0,Yes,No,30,Yes,Yes,No,No internet service,No internet service,No internet service,No internet service,No internet service,No internet service,Month-to-month,Yes,Mailed check,27.25,809.38,1,No
4590-LMHAI,Female,0,No,Yes,1,Yes,Yes,Fiber optic,No,No,No,No,No,No,Month-to-month,No,Credit card (automatic),53.53,70.74,0,Yes
4591-BNMPB,Male,0,Yes,Yes,30,Yes,No,DSL,Yes,No,Yes,Yes,Yes,No,Two year,Yes,Mailed check,57.16,1686.38,1,No
4592-DLPJC,Female,0,Yes,No,30,Yes,No,No,No internet service,No internet service,No internet service,No internet service,No internet service,No internet service,One year,No,Credit card (automatic),30.25,897.28,3,No
4593-DFWER,Male,1,Yes,Yes,2,Yes,Yes,Fiber optic,Yes,No,No,No,No,No,Month-to-month,Yes,Mailed check,72.72,183.08,4,No
4594-CJKSN,Female,0,No,No,17,Yes,Yes,Fiber optic,No,No,No,No,No,No,Month-to-month,Yes,Electronic check,71.63,1246.05,3,No
4595-UKUDX,Female,0,Yes,No,33,Yes,No,No,No internet service,No internet service,No internet service,No internet service,No internet service,No internet service,One year,Yes,Mailed check,24.04,814.14,1,No
4596-VFQVS,Female,0,No,No,39,Yes,Yes,No,No internet service,No internet service,No internet service,No internet service,No internet service,No internet service,Month-to-month,Yes,Mailed check,18.0,687.56,2,No
4597-MVJKF,Male,0,No,No,71,Yes,No,DSL,No,Yes,Yes,No,No,Yes,Month-to-month,Yes,Bank transfer (automatic),51.2,3548.7,2,No
4598-BAKPC,Male,0,Yes,No,58,Yes,No,DSL,No,No,Yes,No,No,Yes,Month-to-month,No,Bank transfer (automatic),32.25,1866.31,1,No
4599-EOODW,Female,1,Yes,No,3,Yes,Yes,DSL,No,No,No,No,No,Yes,Month-to-month,Yes,Electronic check,24.18,149.72,2,Yes
4600-DHGZY,Female,0,No,No,30,Yes,Yes,Fiber optic,No,No,No,No,No,No,Month-to-month,Yes,Electronic check,78.32,2441.8,1,Yes
4601-QOEMD,Male,0,No,No,29,Yes,No,Fiber optic,No,Yes,No,No,Yes,Yes,Month-to-month,No,Mailed check,71.95,2146.93,2,No
4602-VQVQN,Male,0,No,No,11,Yes,No,DSL,No,Yes,No,Yes,Yes,No,Month-to-month,No,Electronic check,42.66,404.39,2,No
4603-NQHBZ,Male,0,No,No,6,Yes,No,DSL,No,No,Yes,No,No,No,Month-to-month,No,Bank transfer (automatic),56.01,369.22,1,No
4604-MVPPF,Male,0,Yes,No,7,Yes,No,Fiber optic,No,No,No,Yes,Yes,No,Two year,Yes,Bank transfer (automatic),60.98,472.17,2,No
4605-VXDCF,Male,0,No,No,6,No,No phone service,DSL,No,No,No,No,Yes,Yes,Two year,Yes,Electronic check,50.79,362.16,1,No
4606-DRFZE,Female,0,Yes,Yes,52,Yes,No,No,No internet service,No internet service,No internet service,No internet service,No internet service,No internet service,Month-to-month,No,Credit card (automatic),24.43,1247.53,1,No
4607-IKFPS,Female,0,No,No,5,Yes,No,Fiber optic,No,No,No,No,No,Yes,Month-to-month,No,Bank transfer (automatic),61.31,244.46,1,No
4608-KUOZX,Female,0,No,No,9,Yes,Yes,No,No internet service,No internet service,No internet service,No internet service,No internet service,No internet service,Two year,No,Credit card (automatic),37.89,388.38,1,No
4609-IXSYS,Female,0,Yes,Yes,7,Yes,Yes,No,No internet service,No internet service,No internet service,No internet service,No internet service,No internet service,Month-to-month,Yes,Electronic check,18.0,149.65,1,Yes
4610-XZIWD,Male,0,Yes,No,39,No,No phone service,Fiber optic,No,No,Yes,No,Yes,No,Month-to-month,No,Bank transfer (automatic),66.28,2692.33,2,Yes
4611-JISOS,Male,0,Yes,Yes,5,Yes,No,Fiber optic,No,Yes,No,Yes,No,No,Month-to-month,Yes,Electronic check,83.56,432.17,2,Yes
4612-BJSQT,Female,0,Yes,Yes,1,Yes,No,No,No internet service,No internet service,No internet service,No internet service,No internet service,No internet service,Two year,Yes,Mailed check,20.84, ,1,No
4613-XUBSQ,Male,1,No,No,15,Yes,Yes,No,No internet service,No internet service,No internet service,No internet service,No internet service,No internet service,Month-to-month,Yes,Electronic check,18.0,264.89,1,Yes
4614-RQBSA,Male,1,No,Yes,11,Yes,Yes,No,No internet service,No internet service,No internet service,No internet service,No internet service,No internet service,Month-to-month,Yes,Electronic check,30.2,346.88,3,No
4615-KYJEP,Female,0,No,No,16,Yes,No,Fiber optic,No,Yes,No,No,Yes,Yes,One year,Yes,Electronic check,69.2,1058.97,1,No
4616-XEXWL,Female,0,Yes,Yes,44,Yes,No,Fiber optic,No,No,Yes,Yes,Yes,No,One year,Yes,Bank transfer (automatic),62.8,2715.22,3,No
4617-DWFSI,Male,0,Yes,No,1,Yes,No,No,No internet service,No internet service,No internet service,No internet service,No internet service,No internet service,Month-to-month,No,Credit card (automatic),18.0, ,2,Yes
4618-LZOPM,Female,0,Yes,No,1,Yes,No,No,No internet service,No internet service,No internet service,No internet service,No internet service,No internet service,Month-to-month,Yes,Electronic check,21.4,18.0,3,No
4619-YUXGY,Male,1,Yes,No,9,Yes,Yes,Fiber optic,No,No,No,Yes,No,No,Month-to-month,Yes,Electronic check,80.21,720.23,0,Yes
4620-WTDKH,Female,0,No,No,70,No,No phone service,DSL,Yes,No,Yes,No,Yes,No,Two year,Yes,Credit card (automatic),35.63,2496.8,1,No
4621-FYJGG,Male,1,No,Yes,5,Yes,Yes,DSL,Yes,Yes,Yes,No,No,No,Two year,Yes,Bank transfer (automatic),47.47,225.52,4,No
4622-DCXGD,Female,0,Yes,No,72,Yes,Yes,Fiber optic,Yes,No,No,No,Yes,No,Two year,No,Electronic check,70.13,5053.49,3,Yes
4623-MTQGQ,Male,0,No,No,52,Yes,Yes,DSL,No,No,No,No,No,Yes,Two year,No,Electronic check,26.4,1300.32,0,No
4624-ZZDKC,Male,0,Yes,No,19,No,No phone service,DSL,Yes,No,No,No,No,Yes,Month-to-month,Yes,Mailed check,41.98,834.32,2,No
4625-KCLAD,Male,1,Yes,No,44,Yes,Yes,DSL,No,No,No,No,No,No,Month-to-month,Yes,Electronic check,56.08,2440.48,1,Yes
4626-NANMM,Female,0,Yes,No,23,No,No phone service,DSL,No,Yes,No,No,No,No,Month-to-month,Yes,Bank transfer (automatic),47.0,1123.94,1,No
4627-XOQLV,Male,0,No,No,26,Yes,Yes,No,No internet service,No internet service,No internet service,No internet service,No internet service,No internet service,Month-to-month,Yes,Electronic check,24.91,560.54,1,No
4628-WZNLR,Male,0,No,No,27,Yes,Yes,DSL,No,No,No,No,Yes,Yes,Two year,Yes,Mailed check,47.1,1316.61,1,No
4629-DNSMY,Female,1,Yes,No,33,Yes,Yes,No,No internet service,No internet service,No internet service,No internet service,No internet service,No internet service,Month-to-month,No,Mailed check,18.0,579.39,2,No
4630-WRKFI,Female,0,No,Yes,2,Yes,Yes,DSL,No,No,No,No,Yes,Yes,Month-to-month,Yes,Bank transfer (automatic),25.93,34.0,1,No
4631-LSNOK,Male,0,No,No,30,Yes,Yes,Fiber optic,No,No,No,No,Yes,No,Month-to-month,No,Credit card (automatic),60.26,1777.63,2,No
4632-FNCST,Male,0,Yes,Yes,40,Yes,Yes,No,No internet service,No internet service,No internet service,No internet service,No internet service,No internet service,Month-to-month,Yes,Mailed check,18.0,769.41,2,Yes
4633-YKXQQ,Female,1,No,No,11,Yes,No,No,No internet service,No internet service,No internet service,No internet service,No internet service,No internet service,Month-to-month,No,Mailed check,23.68,273.99,0,Yes
4634-WCNGY,Female,0,No,Yes,72,Yes,No,No,No internet service,No internet service,No internet service,No internet service,No internet service,No internet service,Two year,No,Credit card (automatic),18.0,1244.88,1,No
4635-SCBZQ,Male,0,Yes,No,4,Yes,Yes,DSL,Yes,No,No,No,No,Yes,Month-to-month,Yes,Bank transfer (automatic),30.63,25.9,2,No
4636-IVFXU,Male,0,No,No,72,Yes,No,No,No internet service,No internet service,No internet service,No internet service,No internet service,No internet service,Month-to-month,No,Electronic check,23.02,1726.64,0,No
4637-IEBVO,Female,0,Yes,Yes,36,Yes,No,DSL,No,No,Yes,No,Yes,No,Month-to-month,No,Electronic check,43.79,1491.24,0,No
4638-ISJDJ,Male,0,No,No,34,Yes,No,No,No internet service,No internet service,No internet service,No internet service,No internet service,No internet service,Two year,Yes,Credit card (automatic),18.0,614.72,1,No
4639-HVMGG,Male,0,No,No,66,No,No phone service,Fiber optic,No,No,No,Yes,No,No,Two year,No,Electronic check,86.38,5650.32,1,Yes
4640-DOLPF,Male,0,Yes,No,57,Yes,No,DSL,No,No,Yes,No,Yes,No,One year,No,Credit card (automatic),36.16,2096.79,1,No
4641-ICHGD,Female,0,Yes,No,13,Yes,No,No,No internet service,No internet service,No internet service,No internet service,No internet service,No internet service,One year,Yes,Mailed check,25.32,297.65,2,No
4642-ZMSGJ,Female,0,Yes,Yes,39,Yes,No,No,No internet service,No internet service,No internet service,No internet service,No internet service,No internet service,One year,Yes,Mailed check,22.33,999.74,0,No
4643-YLZCZ,Male,0,Yes,No,1,Yes,Yes,DSL,Yes,No,No,Yes,No,Yes,Month-to-month,Yes,Credit card (automatic),45.94,31.49,2,No
4644-YXLSO,Male,1,Yes,No,19,Yes,No,No,No internet service,No internet service,No internet service,No internet service,No internet service,No internet service,One year,No,Mailed check,18.0,290.44,3,No
4645-HLTFJ,Male,0,No,No,72,Yes,No,DSL,No,No,Yes,Yes,No,No,One year,No,Credit card (automatic),61.56,4406.57,0,No
4646-BXMYG,Female,0,Yes,No,10,Yes,No,DSL,No,No,Yes,Yes,No,Yes,One year,No,Bank transfer (automatic),35.81,358.99,1,No
4647-HWPKZ,Male,0,Yes,Yes,1,Yes,Yes,No,No internet service,No internet service,No internet service,No internet service,No internet service,No internet service,Two year,Yes,Bank transfer (automatic),23.96,55.97,2,No
4648-DQPSW,Female,0,No,No,27,Yes,No,DSL,No,No,No,No,No,Yes,Month-to-month,Yes,Electronic check,52.79,1468.35,1,No
4649-KGMSQ,Male,0,No,Yes,14,Yes,Yes,DSL,No,No,Yes,No,No,No,Month-to-month,No,Electronic check,21.52,258.57,3,Yes
4650-ZYVML,Female,1,Yes,No,15,Yes,Yes,No,No internet service,No internet service,No internet service,No internet service,No internet service,No internet service,Month-to-month,No,Bank transfer (automatic),27.3,368.41,2,No
4651-GAATW,Male,0,No,No,27,Yes,No,Fiber optic,Yes,Yes,Yes,No,No,No,Two year,No,Mailed check,51.14,1431.05,1,No
4652-NOKXZ,Female,0,No,Yes,31,Yes,No,Fiber optic,No,No,Yes,Yes,No,No,Month-to-month,No,Credit card (automatic),74.6,2281.72,2,No
4653-IQDTS,Female,0,Yes,No,18,Yes,Yes,Fiber optic,No,Yes,Yes,No,No,Yes,Month-to-month,No,Electronic check,64.67,1261.25,4,No
4654-GAIMX,Male,0,Yes,No,22,Yes,No,Fiber optic,No,No,Yes,No,Yes,No,Month-to-month,Yes,Credit card (automatic),57.39,1223.25,4,No
4655-BBXOQ,Female,0,No,No,72,Yes,Yes,No,No internet service,No internet service,No internet service,No internet service,No internet service,No internet service,Two year,Yes,Bank transfer (automatic),18.0,1222.55,0,No
4656-MGILC,Male,1,No,No,72,Yes,No,Fiber optic,No,No,Yes,No,Yes,Yes,Month-to-month,No,Electronic check,95.09,6819.28,1,Yes
4657-WVOGW,Female,0,Yes,Yes,39,Yes,Yes,Fiber optic,No,Yes,No,Yes,Yes,No,Month-to-month,Yes,Credit card (automatic),68.73,2655.54,2,Yes
4658-ZANSP,Male,0,Yes,Yes,5,Yes,No,DSL,No,No,Yes,Yes,No,No,Month-to-month,Yes,Credit card (automatic),37.5,248.51,2,Yes
4659-JAECQ,Female,1,No,Yes,14,Yes,Yes,Fiber optic,Yes,Yes,Yes,No,No,Yes,Month-to-month,Yes,Mailed check,70.1,995.36,3,Yes
4660-RZUSV,Female,0,No,Yes,68,Yes,Yes,Fiber optic,Yes,Yes,Yes,No,Yes,No,Month-to-month,Yes,Mailed check,58.96,3984.43,2,No
4661-YVRPB,Male,0,No,No,17,Yes,Yes,Fiber optic,No,Yes,No,Yes,No,Yes,Two year,Yes,Bank transfer (automatic),63.55,1040.36,1,Yes
4662-OMMPH,Female,0,No,No,72,Yes,No,DSL,Yes,No,Yes,No,Yes,No,One year,Yes,Bank transfer (automatic),50.49,3667.82,0,No
4663-KHVJW,Male,1,No,Yes,21,Yes,No,No,No internet service,No internet service,No internet service,No internet service,No internet service,No internet service,Two year,No,Bank transfer (automatic),22.16,412.88,1,No
4664-ALIEI,Male,0,No,No,63,Yes,No,DSL,No,No,Yes,No,No,No,Month-to-month,No,Mailed check,50.22,3093.74,2,No
4665-PRHWK,Male,1,No,No,1,Yes,No,DSL,Yes,No,No,No,Yes,Yes,Month-to-month,Yes,Credit card (automatic),53.33,54.99,1,No
4666-TSDTZ,Female,0,No,No,18,Yes,No,DSL,No,No,No,No,No,No,Month-to-month,Yes,Electronic check,36.89,714.61,3,Yes
4667-JXMTN,Female,0,Yes,Yes,38,Yes,Yes,Fiber optic,No,No,No,Yes,Yes,Yes,Two year,No,Electronic check,58.64,2220.96,2,No
4668-UBDGS,Female,0,No,No,63,Yes,No,DSL,Yes,No,Yes,No,Yes,No,Month-to-month,No,Bank transfer (automatic),51.54,3256.01,2,No
4669-QPMXX,Male,0,Yes,No,30,Yes,No,No,No internet service,No internet service,No internet service,No internet service,No internet service,No internet service,Month-to-month,No,Bank transfer (automatic),18.0,530.23,1,No
4670-VWZRU,Male,0,Yes,No,6,Yes,No,No,No internet service,No internet service,No internet service,No internet service,No internet service,No internet service,Month-to-month,No,Mailed check,28.36,176.77,1,No
4671-LWYAO,Female,0,No,Yes,69,Yes,No,DSL,No,Yes,Yes,No,Yes,No,Month-to-month,Yes,Electronic check,51.98,3564.05,1,No
4672-CFNWF,Male,0,Yes,No,27,Yes,No,Fiber optic,Yes,No,Yes,Yes,No,Yes,One year,Yes,Electronic check,64.45,1797.08,3,No
4673-ATFHZ,Female,0,Yes,No,3,Yes,No,DSL,Yes,Yes,No,No,No,No,Month-to-month,Yes,Mailed check,44.98,156.49,2,No
4674-ONPTW,Female,1,No,No,19,Yes,Yes,Fiber optic,No,No,No,Yes,No,No,Month-to-month,Yes,Electronic check,67.8,1296.48,1,Yes
4675-PSXAD,Male,1,No,Yes,38,Yes,Yes,Fiber optic,Yes,No,No,No,Yes,No,Month-to-month,Yes,Credit card (automatic),59.45,2229.98,2,Yes
4676-XJTRB,Male,0,No,No,19,Yes,No,No,No internet service,No internet service,No internet service,No internet service,No internet service,No internet service,One year,No,Mailed check,27.92,560.71,0,No
4677-DODPO,Male,1,No,No,65,Yes,No,DSL,Yes,Yes,No,No,No,No,Month-to-month,Yes,Mailed check,50.33,3225.36,0,No
4678-RGOVK,Male,0,Yes,Yes,17,Yes,No,No,No internet service,No internet service,No internet service,No internet service,No internet service,No internet service,One year,Yes,Bank transfer (automatic),26.61,519.95,0,No
4679-SHXAC,Female,0,Yes,No,28,No,No phone service,No,No internet service,No internet service,No internet service,No internet service,No internet service,No internet service,Month-to-month,Yes,Electronic check,29.86,803.08,2,No
4680-ERLLU,Male,0,Yes,No,7,Yes,Yes,Fiber optic,No,No,Yes,No,No,No,One year,Yes,Credit card (automatic),72.66,521.11,0,Yes
4681-ZSIKQ,Male,1,No,No,23,Yes,No,Fiber optic,No,Yes,No,No,Yes,No,Two year,Yes,Mailed check,82.45,1901.58,2,No
4682-PDJVO,Male,0,No,No,8,Yes,Yes,Fiber optic,No,Yes,No,Yes,Yes,No,Month-to-month,Yes,Electronic check,70.06,594.23,1,No
4683-YSCUW,Female,0,Yes,Yes,8,No,No phone service,DSL,No,No,Yes,No,Yes,No,Two year,No,Credit card (automatic),56.27,531.32,4,No
4684-EKXEG,Male,0,Yes,Yes,10,Yes,No,Fiber optic,No,No,No,Yes,Yes,No,Month-to-month,Yes,Credit card (automatic),79.35,817.7,0,Yes
4685-FZMBS,Male,0,Yes,Yes,1,Yes,Yes,Fiber optic,No,Yes,Yes,No,No,No,Month-to-month,Yes,Electronic check,73.06,34.4,1,Yes
4686-KTEIF,Female,0,Yes,Yes,5,Yes,No,DSL,No,Yes,No,No,No,No,Two year,No,Bank transfer (automatic),48.08,279.07,0,No
4687-QSWHG,Female,0,Yes,Yes,17,Yes,Yes,Fiber optic,No,No,No,Yes,No,Yes,Month-to-month,No,Bank transfer (automatic),75.11,1302.41,2,No
4688-EOJXP,Female,0,No,No,4,Yes,No,DSL,No,No,No,No,No,Yes,Month-to-month,Yes,Electronic check,40.97,188.51,0,Yes
4689-IGKIQ,Male,1,Yes,No,4,Yes,Yes,Fiber optic,No,No,Yes,No,No,Yes,Month-to-month,No,Mailed check,67.64,294.46,4,No
4690-ICVHS,Female,0,Yes,No,72,Yes,No,Fiber optic,No,No,No,No,No,No,Month-to-month,No,Mailed check,84.05,5994.5,3,Yes
4691-TPGGT,Female,0,Yes,No,17,Yes,Yes,Fiber optic,No,No,Yes,Yes,No,No,Two year,No,Bank transfer (automatic),70.24,1221.14,1,Yes
4692-YMCLX,Male,0,No,Yes,16,Yes,Yes,DSL,No,No,Yes,Yes,No,Yes,Two year,Yes,Mailed check,51.48,900.24,4,No
4693-HMTPG,Male,0,Yes,No,9,Yes,Yes,No,No internet service,No internet service,No internet service,No internet service,No internet service,No internet service,Month-to-month,No,Bank transfer (automatic),18.0,107.12,1,No
4694-DLQAQ,Female,0,Yes,No,22,Yes,No,Fiber optic,No,Yes,No,No,No,No,One year,No,Electronic check,79.67,1703.8,2,No
4695-BFLZK,Male,0,No,No,29,No,No phone service,Fiber optic,No,Yes,No,Yes,No,Yes,Two year,Yes,Electronic check,71.9,2124.31,2,No
4696-UKRHY,Male,0,No,No,17,Yes,Yes,Fiber optic,No,Yes,No,No,Yes,Yes,Month-to-month,Yes,Electronic check,85.66,1426.38,5,Yes
4697-GNPLI,Female,0,No,Yes,16,Yes,No,DSL,Yes,No,No,No,No,Yes,Month-to-month,Yes,Mailed check,33.74,553.88,3,No
4698-TWUPU,Male,0,Yes,No,38,No,No phone service,DSL,Yes,No,No,No,No,No,Month-to-month,Yes,Mailed check,64.58,2447.85,3,No
4699-SPIMZ,Male,0,No,No,72,No,No phone service,Fiber optic,No,Yes,No,No,No,No,One year,No,Credit card (automatic),74.62,5398.85,2,No
4700-EVSJG,Female,1,Yes,No,67,Yes,Yes,No,No internet service,No internet service,No internet service,No internet service,No internet service,No internet service,Month-to-month,No,Electronic check,18.0,1231.77,1,No
4701-IYNOM,Female,0,Yes,Yes,4,Yes,Yes,Fiber optic,Yes,No,Yes,No,No,No,Two year,Yes,Electronic check,65.5,251.54,1,No
4702-JNZUW,Male,0,No,No,33,No,No phone service,No,No internet service,No internet service,No internet service,No internet service,No internet service,No internet service,Two year,No,Mailed check,25.89,921.03,1,No
4703-LSFLX,Female,0,Yes,Yes,1,Yes,Yes,DSL,Yes,Yes,No,Yes,No,No,Two year,No,Mailed check,28.95,37.85,2,No
4704-MHPBV,Female,0,No,No,32,Yes,No,Fiber optic,Yes,Yes,No,No,No,No,Two year,Yes,Bank transfer (automatic),75.79,2445.71,0,No
4705-GLGSN,Male,0,No,Yes,19,No,No phone service,DSL,No,No,No,No,No,No,Month-to-month,Yes,Mailed check,48.68,863.9,1,No
4706-IRKPS,Male,0,Yes,No,21,Yes,No,Fiber optic,Yes,No,No,Yes,No,No,Two year,No,Bank transfer (automatic),73.98,1510.93,0,No
4707-KRKYD,Male,1,Yes,No,28,Yes,No,DSL,No,Yes,No,No,No,No,Two year,No,Bank transfer (automatic),49.18,1280.38,2,No
4708-RSMDJ,Female,0,Yes,No,43,Yes,Yes,Fiber optic,Yes,Yes,Yes,No,No,No,One year,Yes,Bank transfer (automatic),50.58,2206.09,2,No
4709-VECPZ,Female,0,No,No,41,Yes,Yes,Fiber optic,No,No,No,Yes,No,No,Two year,Yes,Credit card (automatic),72.25,2927.1,2,No
4710-HXGSN,Male,0,No,No,1,Yes,Yes,Fiber optic,Yes,No,No,No,No,Yes,One year,No,Electronic check,58.77,63.05,0,No
4711-OQUAF,Male,0,No,Yes,42,Yes,No,DSL,Yes,Yes,No,Yes,No,No,Two year,No,Bank transfer (automatic),44.71,1874.64,0,No
4712-WOLUT,Male,0,No,No,56,Yes,No,DSL,No,No,Yes,Yes,No,Yes,One year,No,Electronic check,35.6,2015.82,2,No
4713-BEITN,Male,0,Yes,No,2,Yes,Yes,DSL,No,No,Yes,No,No,No,Month-to-month,Yes,Bank transfer (automatic),43.7,18.0,0,Yes
4714-RVHBI,Female,0,No,No,12,Yes,Yes,Fiber optic,No,Yes,Yes,No,No,No,Month-to-month,Yes,Electronic check,72.79,806.45,1,Yes
4715-GRPUE,Female,0,Yes,Yes,50,Yes,No,DSL,Yes,Yes,No,No,No,Yes,Two year,No,Electronic check,31.35,1536.91,2,No
4716-WOEKV,Female,0,No,Yes,21,No,No phone service,DSL,No,No,No,No,No,No,Month-to-month,No,Mailed check,54.47,1129.04,4,No
4717-NYSCX,Female,0,Yes,No,37,Yes,Yes,Fiber optic,No,No,No,No,No,No,One year,No,Bank transfer (automatic),78.86,2891.37,3,No
4718-JFZCB,Female,0,No,No,22,Yes,Yes,DSL,Yes,No,No,No,No,No,Month-to-month,Yes,Credit card (automatic),40.38,923.97,0,No
4719-MRBOE,Female,0,Yes,Yes,72,Yes,No,Fiber optic,No,Yes,Yes,No,Yes,Yes,One year,Yes,Electronic check,67.82,4808.38,0,No
4720-OUQBR,Male,0,Yes,Yes,72,No,No phone service,DSL,No,No,No,No,No,No,Month-to-month,No,Mailed check,56.05,4026.19,1,No
4721-OTWCE,Female,0,No,No,10,Yes,No,No,No internet service,No internet service,No internet service,No internet service,No internet service,No internet service,Month-to-month,Yes,Mailed check,21.29,213.72,1,No
4722-KIEYA,Female,0,No,Yes,15,Yes,Yes,Fiber optic,Yes,Yes,No,No,Yes,Yes,One year,No,Bank transfer (automatic),53.21,780.99,3,No
4723-YNEHU,Female,0,No,No,18,Yes,No,Fiber optic,No,No,No,Yes,No,No,One year,No,Electronic check,72.86,1284.58,1,Yes
4724-NPFHB,Female,0,No,No,3,Yes,Yes,No,No internet service,No internet service,No internet service,No internet service,No internet service,No internet service,One year,Yes,Credit card (automatic),28.02,30.63,1,No
4725-SIEEY,Male,0,Yes,No,16,Yes,No,No,No internet service,No internet service,No internet service,No internet service,No internet service,No internet service,Month-to-month,No,Credit card (automatic),39.11,649.76,1,No
4726-ZSDPP,Male,0,No,No,47,Yes,Yes,Fiber optic,No,No,No,Yes,No,No,Two year,No,Credit card (automatic),57.43,2629.28,1,No
4727-PGRXU,Female,0,No,Yes,60,Yes,Yes,DSL,No,No,No,No,No,No,One year,No,Bank transfer (automatic),42.66,2562.07,1,No
4728-ACYUH,Male,0,Yes,No,69,Yes,No,DSL,No,No,No,No,No,Yes,One year,No,Bank transfer (automatic),38.26,2585.55,1,No
4729-AGGHS,Male,0,No,No,1,Yes,No,DSL,No,Yes,Yes,No,No,No,Two year,Yes,Bank transfer (automatic),52.24,81.59,0,No
4730-QKOIQ,Male,0,No,No,49,No,No phone service,Fiber optic,No,Yes,Yes,No,No,No,One year,Yes,Mailed check,87.73,4277.42,2,No
4731-KFIRT,Male,0,No,No,22,No,No phone service,Fiber optic,No,Yes,Yes,No,No,Yes,Two year,Yes,Electronic check,78.76,1791.55,1,No
4732-BDRAK,Female,0,Yes,No,7,No,No phone service,No,No internet service,No internet service,No internet service,No internet service,No internet service,No internet service,Month-to-month,Yes,Credit card (automatic),18.0,160.5,3,No
4733-CHETU,Female,1,No,No,22,Yes,No,Fiber optic,Yes,Yes,No,Yes,Yes,No,Month-to-month,No,Bank transfer (automatic),74.68,1540.96,0,Yes
4734-VVEKL,Female,0,Yes,No,59,Yes,Yes,Fiber optic,No,Yes,No,No,No,No,One year,No,Electronic check,70.41,4243.72,2,No
4735-VIUMV,Female,0,No,No,18,Yes,No,DSL,No,No,No,No,No,Yes,One year,No,Mailed check,57.64,1050.95,2,No
4736-TCMVK,Female,0,No,No,72,Yes,No,Fiber optic,No,Yes,No,Yes,Yes,No,Month-to-month,No,Mailed check,77.32,5588.88,0,Yes
4737-KUTUG,Male,0,No,Yes,30,Yes,No,Fiber optic,No,No,No,No,Yes,Yes,Month-to-month,Yes,Electronic check,70.52,2103.88,2,Yes
4738-QPNAK,Female,0,No,No,21,Yes,Yes,Fiber optic,No,Yes,No,No,No,Yes,Month-to-month,No,Mailed check,66.64,1451.68,3,Yes
4739-MABIM,Female,0,Yes,No,11,Yes,Yes,No,No internet service,No internet service,No internet service,No internet service,No internet service,No internet service,Month-to-month,Yes,Electronic check,19.15,200.57,1,Yes
4740-EIMEO,Male,0,No,No,1,No,No phone service,DSL,No,No,No,No,No,No,Two year,Yes,Electronic check,53.78,22.87,1,Yes
4741-GNPFB,Male,0,Yes,No,30,Yes,Yes,Fiber optic,No,No,No,No,Yes,No,Month-to-month,Yes,Electronic check,62.28,1872.54,0,No
4742-PSEDN,Female,0,Yes,No,27,Yes,No,DSL,Yes,Yes,Yes,No,No,No,Month-to-month,No,Electronic check,45.11,1189.78,0,Yes
4743-FHXCD,Male,0,Yes,Yes,23,Yes,No,Fiber optic,No,No,Yes,No,Yes,No,One year,No,Electronic check,81.94,1934.91,4,No
4744-ABMIL,Female,1,Yes,No,24,Yes,No,DSL,No,Yes,No,No,Yes,Yes,Month-to-month,Yes,Credit card (automatic),23.59,548.17,3,Yes
4745-JJRLV,Male,0,No,No,59,Yes,Yes,Fiber optic,Yes,Yes,No,No,Yes,No,Month-to-month,No,Credit card (automatic),65.18,3938.8,3,Yes
4746-PWFXY,Female,0,No,No,12,Yes,No,No,No internet service,No internet service,No internet service,No internet service,No internet service,No internet service,Month-to-month,No,Mailed check,18.0,255.89,1,No
4747-XUXJO,Female,0,No,No,25,Yes,No,DSL,Yes,No,No,No,No,No,Two year,Yes,Bank transfer (automatic),57.05,1447.13,0,No
4748-ZIXBR,Female,0,Yes,No,36,Yes,Yes,DSL,No,Yes,No,No,No,Yes,Month-to-month,Yes,Credit card (automatic),53.32,1897.72,1,No
4749-LCGIH,Female,0,No,No,7,No,No phone service,Fiber optic,No,No,No,No,No,No,Two year,No,Bank transfer (automatic),60.64,432.98,3,No
4750-YFANP,Male,1,No,No,72,Yes,No,No,No internet service,No internet service,No internet service,No internet service,No internet service,No internet service,Two year,No,Mailed check,18.0,1310.42,2,No
4751-PDFOV,Female,0,Yes,No,42,Yes,Yes,DSL,Yes,No,Yes,No,No,No,Two year,No,Mailed check,45.34,1863.29,0,No
4752-HAMRR,Female,1,No,No,1,No,No phone service,No,No internet service,No internet service,No internet service,No internet service,No internet service,No internet service,Month-to-month,Yes,Bank transfer (automatic),18.0,48.34,2,Yes
4753-MVNKG,Female,0,No,Yes,64,Yes,No,DSL,Yes,No,No,No,Yes,Yes,Two year,No,Electronic check,62.14,3987.95,3,No
4754-RUVDQ,Female,0,No,No,72,Yes,Yes,Fiber optic,No,No,No,No,Yes,No,Month-to-month,Yes,Bank transfer (automatic),66.31,4765.29,0,No
4755-SNJYF,Male,0,Yes,Yes,50,Yes,Yes,Fiber optic,No,Yes,Yes,No,No,No,Two year,No,Electronic check,79.77,3973.44,1,No
4756-RYDKM,Male,0,Yes,No,17,Yes,Yes,Fiber optic,No,Yes,Yes,No,No,No,Month-to-month,Yes,Mailed check,62.02,970.89,1,No
4757-HJWKC,Female,0,No,No,72,Yes,No,No,No internet service,No internet service,No internet service,No internet service,No internet service,No internet service,Month-to-month,No,Electronic check,18.0,1404.23,1,No
4758-OHTRU,Female,0,No,Yes,4,Yes,No,DSL,No,No,No,No,No,No,One year,No,Bank transfer (automatic),52.79,214.33,4,No
4759-AXHCA,Male,1,No,No,24,Yes,No,Fiber optic,Yes,No,No,No,No,Yes,Two year,No,Credit card (automatic),83.24,1996.08,4,No
4760-TYPIQ,Female,0,No,Yes,5,Yes,No,DSL,No,No,Yes,No,No,Yes,Month-to-month,Yes,Bank transfer (automatic),26.78,109.87,0,No
4761-PWFWG,Female,0,No,No,18,Yes,No,No,No internet service,No internet service,No internet service,No internet service,No internet service,No internet service,Month-to-month,Yes,Bank transfer (automatic),35.85,684.49,2,Yes
4762-XPHJN,Male,0,No,No,72,Yes,No,DSL,No,No,Yes,No,No,No,One year,No,Electronic check,40.08,2856.26,0,No
4763-KBLTT,Male,0,Yes,No,50,Yes,Yes,Fiber optic,No,No,No,No,No,Yes,One year,Yes,Mailed check,84.1,4200.22,0,No
4764-MOZLM,Male,0,No,No,48,Yes,No,DSL,No,Yes,No,No,No,No,Month-to-month,No,Bank transfer (automatic),25.31,1268.52,2,No
4765-HPCML,Female,0,Yes,No,13,Yes,Yes,No,No internet service,No internet service,No internet service,No internet service,No internet service,No internet service,Month-to-month,Yes,Credit card (automatic),18.0,172.53,3,No
4766-SBAHI,Female,0,Yes,Yes,72,Yes,No,DSL,Yes,No,No,No,No,No,Month-to-month,Yes,Credit card (automatic),34.47,2515.7,1,No
4767-YHUQI,Female,0,No,No,14,Yes,No,DSL,No,Yes,Yes,Yes,No,No,Month-to-month,No,Bank transfer (automatic),44.13,706.11,1,No
4768-FOWXM,Female,1,Yes,No,1,Yes,Yes,Fiber optic,No,No,Yes,Yes,No,No,Month-to-month,Yes,Bank transfer (automatic),71.62,109.46,1,Yes
4769-UVLMG,Male,0,Yes,No,32,Yes,No,No,No internet service,No internet service,No internet service,No internet service,No internet service,No internet service,Month-to-month,Yes,Credit card (automatic),22.7,794.87,0,No
4770-WRNKN,Male,0,Yes,Yes,14,Yes,Yes,No,No internet service,No internet service,No internet service,No internet service,No internet service,No internet service,One year,No,Electronic check,30.77,357.1,1,No
4771-QXUZB,Male,0,Yes,Yes,5,Yes,No,DSL,Yes,No,No,No,Yes,No,Month-to-month,Yes,Credit card (automatic),46.84,203.14,0,No
4772-SPVJV,Male,0,Yes,Yes,72,Yes,No,DSL,No,No,No,Yes,No,No,Month-to-month,Yes,Bank transfer (automatic),39.17,2824.03,2,No
4773-HUEGZ,Female,0,Yes,No,32,Yes,No,No,No internet service,No internet service,No internet service,No internet service,No internet service,No internet service,One year,Yes,Electronic check,33.21,1175.24,2,No
4774-MPEPO,Female,0,No,No,72,Yes,No,DSL,No,No,No,No,No,No,One year,Yes,Credit card (automatic),51.58,3665.45,1,No
4775-IVWLH,Male,0,No,No,27,Yes,Yes,Fiber optic,No,No,No,No,No,No,Month-to-month,Yes,Credit card (automatic),76.21,2014.27,1,No
4776-MENPK,Female,0,No,No,2,Yes,No,Fiber optic,No,Yes,Yes,Yes,No,Yes,One year,Yes,Credit card (automatic),67.47,178.65,1,No
4777-TLOXL,Male,0,No,No,1,Yes,No,Fiber optic,No,Yes,No,Yes,No,No,Month-to-month,Yes,Credit card (automatic),75.74,107.17,0,Yes
4778-ZIACL,Male,0,No,No,72,No,No phone service,Fiber optic,No,No,Yes,No,No,Yes,Month-to-month,No,Electronic check,69.76,5058.42,2,Yes
4779-TMWFJ,Female,0,Yes,No,1,Yes,No,Fiber optic,Yes,Yes,No,No,No,No,Month-to-month,Yes,Mailed check,63.39,98.78,2,Yes
4780-JPAPD,Female,0,Yes,Yes,30,Yes,Yes,Fiber optic,Yes,Yes,No,No,No,No,Month-to-month,No,Credit card (automatic),70.32,2076.58,1,No
4781-FSBRJ,Female,0,No,No,11,No,No phone service,Fiber optic,No,Yes,No,No,No,Yes,Two year,Yes,Bank transfer (automatic),61.54,689.05,1,Yes
4782-DAOJR,Female,0,No,No,37,Yes,Yes,Fiber optic,No,Yes,No,No,Yes,No,Month-to-month,Yes,Credit card (automatic),71.05,2600.37,1,Yes
4783-PMZOB,Female,0,Yes,No,10,Yes,No,Fiber optic,No,No,No,Yes,No,Yes,Two year,Yes,Electronic check,80.86,832.46,1,No
4784-TDAGW,Female,0,Yes,No,1,Yes,Yes,Fiber optic,Yes,No,No,No,Yes,Yes,One year,No,Credit card (automatic),64.37,70.75,4,No
4785-ZKZJA,Female,0,No,No,41,Yes,No,Fiber optic,No,No,No,Yes,Yes,No,Month-to-month,No,Electronic check,63.55,2535.9,1,No
4786-KXJNN,Female,0,No,No,11,Yes,No,No,No internet service,No internet service,No internet service,No internet service,No internet service,No internet service,One year,No,Mailed check,35.79,457.51,1,No
4787-GWKVD,Male,0,No,Yes,25,Yes,Yes,No,No internet service,No internet service,No internet service,No internet service,No internet service,No internet service,Month-to-month,Yes,Electronic check,18.0,468.35,0,Yes
4788-XBGSN,Male,0,Yes,No,47,Yes,Yes,DSL,Yes,No,Yes,No,No,Yes,Month-to-month,Yes,Mailed check,38.86,1827.51,0,No
4789-SGLCO,Female,0,No,No,38,No,No phone service,Fiber optic,No,No,No,No,No,No,Two year,No,Electronic check,62.92,2411.27,0,No
4790-EHNDG,Female,0,No,No,13,Yes,No,No,No internet service,No internet service,No internet service,No internet service,No internet service,No internet service,Month-to-month,Yes,Mailed check,18.0,190.87,4,No
4791-GRNHZ,Male,0,No,No,44,Yes,Yes,Fiber optic,No,No,No,No,Yes,No,Month-to-month,Yes,Bank transfer (automatic),92.4,4105.4,1,No
4792-LJNIF,Male,1,No,No,72,Yes,No,Fiber optic,No,No,Yes,Yes,No,Yes,Month-to-month,Yes,Electronic check,74.35,5385.8,3,Yes
4793-EAAYT,Male,0,No,No,30,Yes,No,DSL,No,No,No,No,No,No,One year,Yes,Electronic check,37.23,1135.3,2,Yes
4794-QKZLC,Male,0,No,Yes,38,No,No phone service,DSL,No,No,No,No,No,Yes,Month-to-month,Yes,Electronic check,53.5,2075.35,1,No
4795-FKMKH,Female,0,No,Yes,64,Yes,No,Fiber optic,No,No,No,No,Yes,No,Two year,Yes,Electronic check,71.61,4435.82,3,No
4796-JBXNP,Male,1,Yes,Yes,59,Yes,Yes,No,No internet service,No internet service,No internet service,No internet service,No internet service,No internet service,One year,No,Bank transfer (automatic),19.03,1152.43,3,No
4797-QKBXW,Male,0,No,Yes,13,Yes,No,DSL,No,No,Yes,No,Yes,No,Month-to-month,No,Electronic check,49.18,663.94,0,No
4798-EPPZB,Male,1,No,Yes,72,Yes,No,DSL,No,Yes,No,Yes,Yes,No,Month-to-month,Yes,Bank transfer (automatic),55.3,3969.64,2,No
4799-PYEHT,Male,0,No,Yes,1,Yes,Yes,DSL,No,Yes,No,No,Yes,Yes,Month-to-month,No,Electronic check,41.6, ,1,No
4800-NYJWB,Female,1,No,No,72,Yes,No,DSL,No,No,No,No,Yes,No,Month-to-month,Yes,Credit card (automatic),65.0,4659.2,1,No
4801-CRUBU,Male,1,No,No,9,Yes,No,Fiber optic,No,No,Yes,Yes,Yes,No,Month-to-month,No,Credit card (automatic),61.55,501.35,2,Yes
4802-IBYGG,Female,0,No,Yes,18,Yes,No,DSL,No,No,No,Yes,No,No,One year,No,Bank transfer (automatic),48.26,870.16,3,No
4803-NEHWV,Female,0,Yes,No,68,Yes,No,No,No internet service,No internet service,No internet service,No internet service,No internet service,No internet service,Month-to-month,No,Bank transfer (automatic),25.25,1753.45,4,No
4804-RFNRQ,Female,0,Yes,No,8,Yes,No,Fiber optic,No,No,No,Yes,No,No,Two year,Yes,Bank transfer (automatic),67.85,624.38,2,No
4805-IMPUJ,Female,1,No,No,8,Yes,No,Fiber optic,Yes,No,No,No,No,No,Month-to-month,No,Bank transfer (automatic),86.12,706.26,1,No
4806-JDLHO,Female,1,Yes,No,32,Yes,No,Fiber optic,No,No,Yes,Yes,No,No,Two year,Yes,Electronic check,84.26,2655.49,0,Yes
4807-UWSOH,Male,0,No,No,39,Yes,No,No,No internet service,No internet service,No internet service,No internet service,No internet service,No internet service,Month-to-month,No,Credit card (automatic),34.72,1311.07,0,No
4808-HSIXQ,Female,0,Yes,No,1,Yes,Yes,Fiber optic,No,Yes,No,No,No,No,One year,Yes,Credit card (automatic),69.82,67.0,1,Yes
4809-HLODF,Male,0,No,Yes,19,Yes,Yes,Fiber optic,No,No,Yes,No,No,No,Month-to-month,No,Bank transfer (automatic),72.89,1332.83,0,Yes
4810-PZYEW,Male,0,No,Yes,21,Yes,Yes,Fiber optic,Yes,No,Yes,No,No,No,Month-to-month,No,Electronic check,85.54,1890.78,1,Yes
4811-MOQYV,Female,1,Yes,No,10,Yes,Yes,DSL,No,No,No,No,Yes,No,Month-to-month,No,Bank transfer (automatic),37.2,431.59,1,Yes
4812-TVESG,Female,0,No,No,25,Yes,No,DSL,No,No,No,Yes,Yes,No,Month-to-month,Yes,Credit card (automatic),53.76,1375.47,1,No
4813-CMNPM,Male,1,No,No,5,Yes,Yes,Fiber optic,No,No,No,No,Yes,No,Month-to-month,Yes,Mailed check,86.36,500.54,0,Yes
4814-BNTGE,Female,0,Yes,No,12,Yes,Yes,Fiber optic,No,No,Yes,No,No,No,One year,No,Electronic check,59.21,724.19,4,Yes
4815-NIJGN,Female,0,Yes,Yes,39,Yes,Yes,DSL,No,Yes,No,No,No,No,One year,Yes,Credit card (automatic),23.89,940.11,2,No
4816-YNYBQ,Female,0,No,No,66,Yes,No,Fiber optic,No,No,No,Yes,No,Yes,Two year,No,Electronic check,61.93,4067.12,2,No
4817-TDMRC,Male,1,Yes,Yes,28,Yes,Yes,Fiber optic,No,Yes,No,No,No,No,Month-to-month,No,Credit card (automatic),62.32,1761.77,1,Yes
4818-SEAIX,Male,0,No,No,2,Yes,No,No,No internet service,No internet service,No internet service,No internet service,No internet service,No internet service,Month-to-month,No,Credit card (automatic),18.0,18.0,0,No
4819-HCBAL,Female,0,Yes,Yes,36,Yes,Yes,Fiber optic,No,No,Yes,Yes,No,No,Two year,No,Electronic check,74.62,2674.22,2,No
4820-VMJQK,Female,0,Yes,No,72,Yes,No,Fiber optic,Yes,Yes,No,No,Yes,Yes,Two year,Yes,Electronic check,66.76,4815.77,0,No
4821-EYIMT,Female,0,Yes,No,22,Yes,Yes,DSL,No,No,Yes,Yes,Yes,No,One year,Yes,Credit card (automatic),48.5,1083.98,0,No
4822-WKWDU,Male,0,Yes,Yes,21,Yes,Yes,DSL,No,No,Yes,No,No,No,Month-to-month,Yes,Electronic check,30.21,661.07,2,No
4823-KIGPW,Female,0,Yes,No,72,Yes,Yes,Fiber optic,No,No,No,Yes,Yes,No,Two year,Yes,Mailed check,96.56,6948.03,1,Yes
4824-ZWYEF,Female,0,No,Yes,32,Yes,No,Fiber optic,No,No,No,No,Yes,No,Month-to-month,No,Bank transfer (automatic),74.18,2372.3,2,No
4825-SAPRX,Female,0,Yes,Yes,52,Yes,No,No,No internet service,No internet service,No internet service,No internet service,No internet service,No internet service,Month-to-month,Yes,Bank transfer (automatic),22.86,1173.3,0,No
4826-MAJGE,Female,1,Yes,No,33,Yes,No,Fiber optic,Yes,No,No,No,No,No,Month-to-month,No,Mailed check,67.0,2159.96,0,Yes
4827-MVPXT,Male,0,Yes,Yes,7,Yes,No,No,No internet service,No internet service,No internet service,No internet service,No internet service,No internet service,Month-to-month,Yes,Electronic check,18.0,207.28,0,No
4828-VNKSW,Female,0,No,No,10,Yes,Yes,DSL,No,No,Yes,No,No,No,Month-to-month,No,Electronic check,39.82,405.05,1,No
4829-BHMGL,Female,0,No,No,35,Yes,No,Fiber optic,Yes,Yes,No,Yes,No,No,Month-to-month,No,Mailed check,59.53,2104.2,1,No
4830-HPRSD,Male,0,No,Yes,19,Yes,Yes,DSL,No,No,No,Yes,Yes,No,Month-to-month,Yes,Bank transfer (automatic),28.43,548.09,0,Yes
4831-YLPUV,Female,0,Yes,No,16,Yes,Yes,No,No internet service,No internet service,No internet service,No internet service,No internet service,No internet service,Month-to-month,Yes,Bank transfer (automatic),18.0,254.44,1,No
4832-QDTZX,Female,0,No,Yes,1,Yes,No,Fiber optic,No,No,Yes,No,No,No,One year,Yes,Electronic check,67.09,183.64,1,No
4833-XZVXI,Male,0,No,Yes,69,Yes,Yes,DSL,No,No,No,No,No,No,Month-to-month,Yes,Electronic check,37.4,2512.4,0,Yes
4834-EQQBB,Female,0,No,Yes,69,Yes,No,DSL,No,No,Yes,No,Yes,No,One year,Yes,Electronic check,47.92,3311.62,2,No
4835-UWGDM,Male,0,Yes,Yes,19,Yes,Yes,DSL,Yes,No,No,Yes,No,Yes,Two year,No,Bank transfer (automatic),50.59,924.23,0,No
4836-TKZCB,Female,1,No,No,38,Yes,Yes,No,No internet service,No internet service,No internet service,No internet service,No internet service,No internet service,One year,Yes,Electronic check,24.83,1025.86,2,No
4837-PCXOQ,Female,0,Yes,No,6,Yes,No,DSL,Yes,No,No,No,Yes,No,Month-to-month,No,Electronic check,46.11,252.07,3,No
4838-PTGPE,Female,0,Yes,No,22,Yes,Yes,Fiber optic,Yes,No,No,No,No,Yes,Month-to-month,Yes,Mailed check,61.81,1393.83,3,No
4839-BAVMP,Male,0,Yes,No,18,Yes,No,DSL,Yes,No,No,Yes,Yes,Yes,Month-to-month,Yes,Mailed check,30.37,466.05,3,Yes
4840-ECOPK,Female,1,Yes,No,34,Yes,No,Fiber optic,Yes,No,No,No,No,No,Month-to-month,No,Mailed check,65.54,2247.74,5,No
4841-YSRUI,Male,0,Yes,Yes,20,Yes,Yes,No,No internet service,No internet service,No internet service,No internet service,No internet service,No internet service,Two year,No,Credit card (automatic),31.5,680.99,1,No
4842-HVSVE,Male,1,No,No,22,Yes,No,DSL,No,Yes,No,No,Yes,No,Two year,Yes,Mailed check,39.89,903.28,1,No
4843-QENGI,Male,0,No,No,11,No,No phone service,DSL,No,No,No,No,Yes,No,Month-to-month,No,Electronic check,45.41,411.48,2,No
4844-QCHVM,Male,0,No,Yes,1,Yes,No,Fiber optic,No,No,No,Yes,No,Yes,One year,No,Electronic check,62.93,18.0,0,No
4845-PUJRC,Male,0,Yes,No,72,Yes,Yes,DSL,Yes,No,Yes,No,Yes,No,Two year,Yes,Mailed check,42.78,3076.18,3,No
4846-LPRQG,Male,0,No,No,1,Yes,No,Fiber optic,No,No,No,No,No,No,Two year,No,Bank transfer (automatic),70.59,116.89,1,No
4847-SWWHQ,Female,0,No,No,10,Yes,No,Fiber optic,No,No,No,No,No,Yes,Two year,No,Bank transfer (automatic),66.83,638.7,1,No
4848-UZYGA,Female,0,Yes,Yes,18,Yes,Yes,Fiber optic,No,No,No,Yes,No,Yes,Month-to-month,Yes,Electronic check,53.16,929.45,3,Yes
4849-HSTTJ,Female,0,No,Yes,12,Yes,No,Fiber optic,No,Yes,Yes,No,No,Yes,Two year,Yes,Electronic check,53.9,616.24,1,No
4850-LXAXY,Female,0,No,Yes,25,Yes,No,DSL,No,No,No,Yes,No,No,One year,No,Credit card (automatic),53.44,1287.71,5,No
4851-YUDDI,Male,1,Yes,No,19,Yes,No,Fiber optic,No,No,Yes,No,No,Yes,One year,Yes,Mailed check,57.81,1117.89,4,No
4852-OXZOZ,Female,0,Yes,No,9,Yes,No,Fiber optic,No,Yes,Yes,No,No,No,Two year,Yes,Electronic check,68.34,577.55,0,No
4853-GLCTI,Female,0,Yes,No,2,Yes,No,DSL,Yes,No,Yes,No,Yes,No,Month-to-month,Yes,Bank transfer (automatic),41.62,180.55,3,No
4854-NMXLA,Male,0,No,No,4,Yes,Yes,DSL,Yes,No,No,No,No,Yes,Month-to-month,Yes,Bank transfer (automatic),38.57,141.67,1,No
4855-SPLJB,Female,0,Yes,No,21,Yes,No,Fiber optic,No,No,No,No,No,No,Month-to-month,Yes,Bank transfer (automatic),73.18,1497.97,3,Yes
4856-RMXFL,Male,0,Yes,Yes,59,Yes,No,Fiber optic,No,Yes,No,No,No,No,Month-to-month,No,Electronic check,79.74,4617.65,1,No
4857-VDAKW,Female,0,Yes,No,3,Yes,No,Fiber optic,Yes,No,No,Yes,Yes,No,Month-to-month,Yes,Credit card (automatic),76.86,121.36,3,No
4858-HBBPA,Female,0,No,No,36,Yes,No,Fiber optic,No,No,No,No,No,No,One year,Yes,Electronic check,80.45,2983.06,1,No
4859-DFUTN,Male,0,Yes,No,50,Yes,No,DSL,Yes,No,Yes,Yes,No,No,Month-to-month,No,Electronic check,52.93,2686.91,0,No
4860-TZOGG,Female,0,No,No,10,Yes,No,Fiber optic,No,Yes,Yes,Yes,No,No,Month-to-month,Yes,Mailed check,68.82,690.73,1,Yes
4861-RWBTO,Female,0,No,No,35,Yes,No,No,No internet service,No internet service,No internet service,No internet service,No internet service,No internet service,One year,Yes,Credit card (automatic),32.89,1146.09,2,No
4862-AUQTY,Female,0,No,Yes,37,Yes,No,DSL,Yes,Yes,No,Yes,No,Yes,One year,Yes,Credit card (automatic),59.37,2103.92,0,No
4863-MLXVO,Female,0,No,No,39,Yes,Yes,Fiber optic,No,No,Yes,Yes,Yes,No,Two year,Yes,Credit card (automatic),58.17,2247.21,2,No
4864-XEGHW,Male,1,Yes,No,70,Yes,No,DSL,Yes,Yes,Yes,No,No,Yes,One year,Yes,Bank transfer (automatic),61.71,4251.26,0,No
4865-NDUNJ,Female,0,No,No,16,Yes,No,Fiber optic,Yes,Yes,No,No,Yes,No,Month-to-month,Yes,Bank transfer (automatic),76.43,1206.75,1,Yes
4866-VPKVY,Male,0,No,No,8,Yes,Yes,Fiber optic,Yes,Yes,Yes,No,No,No,Two year,No,Bank transfer (automatic),85.61,649.17,1,Yes
4867-ZNNBV,Male,0,No,No,25,Yes,Yes,DSL,Yes,No,No,No,Yes,Yes,Month-to-month,No,Electronic check,62.31,1572.6,0,No
4868-MCRVD,Female,0,No,Yes,2,Yes,No,DSL,No,Yes,No,No,Yes,No,Two year,No,Electronic check,49.1,72.93,0,No
4869-UUSPD,Male,0,No,No,13,Yes,No,Fiber optic,No,No,No,No,Yes,No,Month-to-month,Yes,Credit card (automatic),72.54,883.23,1,No
4870-SWOAP,Female,0,Yes,No,68,Yes,Yes,Fiber optic,No,No,Yes,No,No,No,Month-to-month,Yes,Credit card (automatic),73.36,4978.86,2,No
4871-OPVTA,Male,1,Yes,No,24,Yes,No,Fiber optic,Yes,No,Yes,No,No,No,Month-to-month,No,Mailed check,67.7,1627.84,1,Yes
4872-QEEZG,Male,0,Yes,No,18,Yes,Yes,Fiber optic,No,Yes,Yes,No,No,No,Month-to-month,Yes,Bank transfer (automatic),61.86,1147.49,0,No
4873-MLDYD,Male,0,Yes,No,9,Yes,No,DSL,No,No,Yes,No,Yes,Yes,One year,Yes,Mailed check,53.07,570.37,2,No
4874-WUUFX,Male,0,No,No,9,Yes,No,DSL,Yes,Yes,Yes,Yes,No,No,Month-to-month,No,Electronic check,57.75,639.29,4,No
4875-OUSFL,Female,0,Yes,No,8,Yes,No,DSL,No,No,No,No,No,No,Month-to-month,Yes,Electronic check,56.74,402.81,3,No
4876-NRLXX,Female,0,Yes,Yes,56,Yes,No,Fiber optic,Yes,No,Yes,No,No,Yes,Month-to-month,No,Mailed check,59.29,3303.87,2,No
4877-OSHIE,Female,0,No,Yes,72,No,No phone service,Fiber optic,Yes,No,No,No,No,Yes,Month-to-month,Yes,Bank transfer (automatic),54.88,3915.47,2,No
4878-EFWCE,Female,0,No,No,24,Yes,Yes,Fiber optic,No,No,No,Yes,Yes,Yes,Two year,No,Credit card (automatic),70.55,1570.87,2,No
4879-AKZUT,Male,0,No,Yes,2,Yes,No,Fiber optic,Yes,Yes,No,Yes,No,No,Month-to-month,Yes,Bank transfer (automatic),61.3,156.34,3,No
4880-AGOQH,Female,1,No,No,44,Yes,No,Fiber optic,Yes,No,No,No,Yes,Yes,One year,Yes,Bank transfer (automatic),67.62,3017.89,1,No
4881-ZBZML,Female,1,No,Yes,67,Yes,Yes,DSL,No,No,Yes,Yes,No,No,Two year,Yes,Credit card (automatic),45.55,3001.15,1,No
4882-EMFYO,Female,0,No,No,72,Yes,No,Fiber optic,Yes,No,No,No,Yes,No,Month-to-month,Yes,Electronic check,71.0,5167.27,1,No
4883-WVUVK,Male,0,No,No,31,Yes,No,No,No internet service,No internet service,No internet service,No internet service,No internet service,No internet service,Two year,Yes,Mailed check,18.0,572.53,0,No
4884-DAOLI,Male,0,No,No,22,Yes,Yes,Fiber optic,No,Yes,No,Yes,Yes,No,Month-to-month,Yes,Credit card (automatic),78.53,1769.13,0,No
4885-KEXGH,Male,0,Yes,No,31,Yes,Yes,Fiber optic,Yes,No,Yes,No,Yes,No,One year,Yes,Mailed check,85.43,2653.13,2,No
4886-AYACH,Male,0,No,Yes,1,Yes,Yes,DSL,No,Yes,No,Yes,No,Yes,Month-to-month,No,Electronic check,60.72,43.59,4,No
4887-KANAF,Male,0,No,No,34,Yes,Yes,Fiber optic,No,No,No,No,Yes,No,One year,No,Mailed check,70.11,2424.44,1,No
4888-UFCJL,Female,0,No,No,39,No,No phone service,Fiber optic,Yes,No,No,No,No,No,Month-to-month,No,Bank transfer (automatic),79.43,3118.36,2,Yes
4889-JVBXV,Male,1,No,No,40,Yes,Yes,Fiber optic,Yes,No,Yes,No,No,Yes,Two year,Yes,Bank transfer (automatic),77.28,3072.33,2,Yes
4890-MPMDD,Female,0,No,Yes,26,Yes,No,DSL,No,Yes,Yes,No,No,Yes,Month-to-month,No,Electronic check,45.92,1236.51,1,Yes
4891-KWNCS,Male,0,No,No,38,Yes,No,DSL,No,Yes,No,No,Yes,No,Two year,Yes,Electronic check,39.21,1485.52,1,Yes
4892-VYAEQ,Male,0,Yes,Yes,32,Yes,No,Fiber optic,No,Yes,Yes,No,No,Yes,One year,Yes,Credit card (automatic),81.93,2598.18,2,No
4893-ASSDS,Male,0,Yes,No,3,Yes,Yes,No,No internet service,No internet service,No internet service,No internet service,No internet service,No internet service,Two year,Yes,Electronic check,20.26,18.0,1,No
4894-FODXA,Male,0,Yes,No,72,Yes,Yes,No,No internet service,No internet service,No internet service,No internet service,No internet service,No internet service,Two year,No,Credit card (automatic),18.0,1392.45,2,No
4895-XQKQW,Male,0,Yes,No,31,Yes,No,Fiber optic,Yes,Yes,No,Yes,Yes,Yes,Month-to-month,Yes,Mailed check,80.64,2464.36,3,No
4896-AINOX,Male,0,Yes,No,41,No,No phone service,Fiber optic,No,No,No,Yes,No,Yes,One year,No,Credit card (automatic),65.63,2592.06,3,No
4897-ABRRF,Female,0,No,Yes,13,Yes,No,DSL,No,Yes,No,No,Yes,No,One year,No,Electronic check,38.23,568.03,2,No
4898-THAOJ,Male,0,Yes,No,72,Yes,No,DSL,No,Yes,No,Yes,No,Yes,Month-to-month,Yes,Bank transfer (automatic),42.59,3093.39,2,Yes
4899-DJKEI,Male,0,No,No,22,Yes,No,DSL,Yes,No,Yes,No,Yes,Yes,One year,Yes,Credit card (automatic),53.33,1066.73,2,No
4900-EKCDJ,Female,0,No,No,36,Yes,Yes,Fiber optic,Yes,Yes,No,No,No,Yes,Two year,Yes,Mailed check,68.25,2514.14,2,No
4901-GAFHQ,Male,1,No,No,72,Yes,Yes,DSL,No,Yes,No,Yes,Yes,No,Two year,No,Electronic check,51.66,3750.81,1,No
4902-XGAIK,Male,0,Yes,No,72,Yes,Yes,Fiber optic,No,No,No,No,No,Yes,Month-to-month,Yes,Electronic check,52.55,3824.73,3,Yes
4903-SBWKC,Female,1,No,No,33,Yes,Yes,Fiber optic,Yes,No,No,No,No,No,Two year,No,Electronic check,62.37,2069.46,3,No
4904-QJCVC,Female,0,No,No,5,No,No phone service,No,No internet service,No internet service,No internet service,No internet service,No internet service,No internet service,Month-to-month,Yes,Electronic check,19.73,119.46,2,No
4905-UYGBA,Male,1,Yes,No,72,Yes,Yes,No,No internet service,No internet service,No internet service,No internet service,No internet service,No internet service,Month-to-month,Yes,Credit card (automatic),21.79,1576.23,1,No
4906-GTKWF,Male,0,Yes,Yes,72,No,No phone service,No,No internet service,No internet service,No internet service,No internet service,No internet service,No internet service,Month-to-month,No,Bank transfer (automatic),18.0,1289.52,2,No
4907-WDSUS,Male,0,Yes,No,3,Yes,Yes,Fiber optic,No,No,No,No,No,Yes,Month-to-month,Yes,Bank transfer (automatic),73.78,253.28,1,Yes
4908-NCDHR,Male,0,No,No,19,Yes,No,No,No internet service,No internet service,No internet service,No internet service,No internet service,No internet service,Month-to-month,Yes,Bank transfer (automatic),35.48,688.1,0,No
4909-DKPCG,Male,0,No,No,25,Yes,Yes,Fiber optic,No,Yes,No,Yes,Yes,No,Month-to-month,Yes,Bank transfer (automatic),62.66,1496.18,1,No
4910-BAZAF,Male,0,No,No,3,Yes,No,DSL,Yes,No,No,No,No,Yes,Month-to-month,Yes,Electronic check,57.87,124.82,2,No
4911-SGXEU,Female,0,Yes,No,6,Yes,Yes,Fiber optic,Yes,Yes,No,Yes,Yes,Yes,Month-to-month,Yes,Bank transfer (automatic),66.78,389.43,0,No
4912-RXZMA,Female,0,Yes,Yes,24,Yes,Yes,No,No internet service,No internet service,No internet service,No internet service,No internet service,No internet service,Month-to-month,No,Mailed check,34.81,753.93,2,No
4913-JIQAA,Female,0,Yes,No,72,Yes,No,Fiber optic,No,No,No,No,Yes,No,One year,No,Electronic check,77.45,5560.9,0,No
4914-GDWUL,Female,0,Yes,No,1,Yes,No,DSL,Yes,No,No,Yes,No,No,Month-to-month,No,Bank transfer (automatic),38.44,44.15,2,No
4915-PNWJN,Male,0,Yes,Yes,72,No,No phone service,DSL,Yes,No,Yes,Yes,No,No,Month-to-month,Yes,Mailed check,50.29,3566.46,2,No
4916-GDBXR,Female,0,Yes,Yes,72,Yes,Yes,DSL,No,No,No,Yes,Yes,No,Two year,Yes,Electronic check,31.34,2316.72,0,No
4917-PIEIY,Male,0,No,No,62,Yes,No,DSL,Yes,No,No,No,No,No,Month-to-month,Yes,Bank transfer (automatic),34.19,2059.53,2,No
4918-HXTPT,Male,1,Yes,No,15,Yes,Yes,No,No internet service,No internet service,No internet service,No internet service,No internet service,No internet service,Month-to-month,Yes,Electronic check,18.0,236.79,1,No
4919-RDPDF,Female,0,Yes,Yes,21,Yes,Yes,Fiber optic,No,Yes,Yes,No,No,No,Month-to-month,No,Mailed check,71.37,1518.63,1,No
4920-CROHR,Male,1,No,No,16,Yes,No,Fiber optic,No,No,Yes,No,Yes,No,One year,No,Electronic check,58.68,898.94,3,Yes
4921-XWCFV,Female,0,No,No,72,Yes,No,DSL,No,Yes,No,No,No,No,Month-to-month,No,Electronic check,24.46,1778.77,2,Yes
4922-ZUXOL,Female,1,No,Yes,23,Yes,No,No,No internet service,No internet service,No internet service,No internet service,No internet service,No internet service,One year,No,Electronic check,18.0,363.84,2,No
4923-EGVOG,Female,0,Yes,No,2,Yes,Yes,No,No internet service,No internet service,No internet service,No internet service,No internet service,No internet service,One year,No,Electronic check,18.0,103.03,1,No
4924-MYCZW,Female,0,No,No,10,Yes,Yes,DSL,No,No,No,No,No,No,One year,Yes,Electronic check,29.5,255.51,1,No
4925-MZCBW,Female,0,No,Yes,19,Yes,No,Fiber optic,Yes,No,Yes,No,No,No,Month-to-month,No,Bank transfer (automatic),65.56,1180.82,2,Yes
4926-DQFKF,Male,0,Yes,Yes,72,Yes,No,No,No internet service,No internet service,No internet service,No internet service,No internet service,No internet service,One year,No,Mailed check,26.58,1933.64,0,No
4927-VBQCL,Female,0,Yes,No,26,Yes,Yes,Fiber optic,No,No,No,No,No,Yes,Two year,No,Credit card (automatic),60.61,1572.39,2,No
4928-NBVVE,Male,0,No,Yes,38,Yes,No,Fiber optic,Yes,No,No,No,Yes,No,Month-to-month,No,Credit card (automatic),70.25,2582.37,1,No
4929-JJUIU,Male,0,No,No,2,No,No phone service,Fiber optic,No,Yes,No,No,Yes,No,Month-to-month,Yes,Credit card (automatic),66.7,143.33,2,Yes
4930-MJFKD,Male,0,Yes,No,67,Yes,No,DSL,No,No,No,Yes,Yes,No,Two year,Yes,Electronic check,39.25,2662.52,1,No
4931-ZNQTB,Male,0,Yes,No,24,Yes,No,DSL,No,No,Yes,No,No,No,Two year,Yes,Mailed check,20.38,599.49,2,No
4932-JCGGA,Female,0,No,No,72,Yes,No,Fiber optic,No,No,No,No,No,No,Month-to-month,Yes,Electronic check,80.9,5834.26,4,Yes
4933-HWAHN,Male,0,Yes,No,18,Yes,No,No,No internet service,No internet service,No internet service,No internet service,No internet service,No internet service,Month-to-month,Yes,Mailed check,23.96,349.88,2,No
4934-NBHSJ,Female,0,No,Yes,36,Yes,No,Fiber optic,No,No,Yes,No,No,No,Month-to-month,Yes,Electronic check,60.79,2309.63,1,No
4935-GMVUO,Male,0,Yes,No,20,Yes,Yes,DSL,No,Yes,No,No,No,No,Month-to-month,Yes,Electronic check,59.23,1206.94,0,Yes
4936-KZNKB,Female,0,No,No,4,Yes,No,Fiber optic,Yes,No,Yes,Yes,Yes,No,Month-to-month,Yes,Credit card (automatic),75.86,199.66,6,No
4937-BLOQN,Female,0,Yes,No,10,Yes,Yes,Fiber optic,No,No,Yes,No,No,No,Month-to-month,No,Mailed check,61.39,642.76,2,No
4938-YPHXQ,Female,1,Yes,No,2,Yes,No,DSL,No,Yes,No,No,No,Yes,Two year,Yes,Bank transfer (automatic),56.73,118.99,2,Yes
4939-ELFRZ,Female,0,No,No,18,Yes,Yes,DSL,No,No,Yes,No,No,Yes,Two year,Yes,Electronic check,39.61,748.35,1,No
4940-EFIOJ,Female,0,Yes,No,33,Yes,No,Fiber optic,No,No,No,No,Yes,No,Month-to-month,Yes,Bank transfer (automatic),59.7,2003.55,1,No
4941-QZSLI,Male,0,Yes,No,8,Yes,Yes,DSL,No,No,Yes,No,No,Yes,Two year,No,Credit card (automatic),44.79,388.24,0,No
4942-ONAQA,Male,0,No,No,21,Yes,Yes,Fiber optic,No,No,No,No,No,No,Month-to-month,Yes,Credit card (automatic),69.42,1467.81,1,No
4943-WUVMH,Male,0,Yes,No,19,Yes,Yes,DSL,No,No,Yes,No,No,No,Month-to-month,Yes,Electronic check,46.19,879.14,0,Yes
4944-MPBMR,Male,0,Yes,Yes,24,Yes,No,Fiber optic,No,Yes,No,Yes,No,No,Month-to-month,Yes,Credit card (automatic),66.24,1627.73,2,Yes
4945-CMSMS,Female,0,Yes,No,6,Yes,No,Fiber optic,Yes,Yes,Yes,No,Yes,No,Two year,No,Mailed check,76.28,354.79,1,No
4946-DSRYF,Male,0,No,No,24,Yes,Yes,Fiber optic,No,No,Yes,No,Yes,No,Month-to-month,Yes,Electronic check,56.56,1320.28,1,Yes
4947-SYDDX,Male,0,No,Yes,14,Yes,Yes,DSL,No,No,No,Yes,No,Yes,Month-to-month,No,Mailed check,40.77,586.74,1,No
4948-GGZWZ,Male,0,No,No,10,Yes,Yes,DSL,No,Yes,No,Yes,No,Yes,Two year,No,Bank transfer (automatic),46.19,424.69,2,Yes
4949-PPEOW,Male,0,No,No,28,Yes,Yes,DSL,No,No,No,No,No,No,Month-to-month,No,Electronic check,39.43,1112.26,4,No
4950-DXYMS,Male,1,Yes,Yes,5,Yes,No,DSL,No,Yes,No,Yes,No,No,Two year,No,Bank transfer (automatic),51.22,200.25,1,No
4951-GLZIQ,Female,0,Yes,No,72,Yes,No,DSL,No,No,No,Yes,No,Yes,One year,No,Bank transfer (automatic),53.27,3813.53,0,No
4952-BPGRG,Female,0,No,No,72,Yes,Yes,DSL,No,No,No,Yes,No,Yes,Month-to-month,Yes,Mailed check,48.42,3494.23,3,No
4953-ACUKV,Male,0,No,No,34,Yes,Yes,Fiber optic,No,No,No,No,Yes,No,Month-to-month,Yes,Credit card (automatic),60.21,2085.29,3,Yes
4954-OYYCX,Female,0,No,No,11,Yes,Yes,Fiber optic,No,No,Yes,No,No,No,Month-to-month,Yes,Electronic check,56.42,696.55,3,Yes
4955-MDWVH,Male,0,No,No,31,Yes,No,DSL,No,Yes,Yes,No,No,No,Month-to-month,Yes,Electronic check,43.89,1407.34,0,No
4956-VDRGK,Female,0,Yes,Yes,29,Yes,No,DSL,No,Yes,Yes,No,No,Yes,One year,No,Bank transfer (automatic),43.92,1303.04,0,No
4957-DMIIW,Female,1,No,No,15,Yes,No,DSL,No,Yes,Yes,No,No,Yes,Month-to-month,Yes,Mailed check,61.49,879.81,1,No
4958-USCYY,Male,0,No,No,10,Yes,No,DSL,No,No,No,No,No,No,Two year,No,Mailed check,41.48,441.31,1,No
4959-LKTKQ,Female,0,Yes,No,5,No,No phone service,DSL,No,No,No,No,No,Yes,Two year,Yes,Bank transfer (automatic),46.59,193.0,5,No
4960-ZUNPX,Male,0,Yes,No,7,Yes,No,DSL,Yes,No,No,No,Yes,No,Two year,Yes,Mailed check,43.55,275.16,3,No
4961-JDJZT,Male,0,No,Yes,33,Yes,Yes,Fiber optic,No,Yes,No,No,No,No,One year,No,Credit card (automatic),60.19,1948.99,3,No
4962-LIOIG,Female,0,No,No,69,Yes,No,No,No internet service,No internet service,No internet service,No internet service,No internet service,No internet service,Month-to-month,No,Credit card (automatic),18.92,1384.98,1,Yes
4963-ZXLTX,Female,1,No,No,15,Yes,Yes,Fiber optic,No,No,No,No,No,No,Month-to-month,Yes,Electronic check,82.43,1235.33,1,No
4964-NVPSW,Female,1,No,Yes,4,Yes,Yes,DSL,No,No,No,No,No,No,One year,No,Electronic check,37.03,111.43,2,No
4965-CKWUT,Female,0,No,No,1,Yes,No,Fiber optic,No,Yes,No,Yes,Yes,No,Month-to-month,No,Electronic check,75.1,179.4,0,Yes
4966-SHTHZ,Male,0,Yes,Yes,16,Yes,Yes,Fiber optic,No,Yes,Yes,Yes,Yes,No,Month-to-month,Yes,Bank transfer (automatic),81.67,1221.12,0,No
4967-CJMIF,Male,1,No,Yes,8,Yes,Yes,No,No internet service,No internet service,No internet service,No internet service,No internet service,No internet service,Two year,Yes,Bank transfer (automatic),18.0,106.92,2,No
4968-OPEUM,Male,0,Yes,Yes,12,Yes,Yes,Fiber optic,No,Yes,No,No,No,No,Two year,No,Mailed check,69.11,862.0,2,No
4969-SBFAO,Male,0,No,No,8,Yes,No,Fiber optic,Yes,Yes,No,No,Yes,No,Month-to-month,No,Bank transfer (automatic),67.8,530.2,0,No
4970-ONGET,Male,0,No,No,34,Yes,No,DSL,No,No,No,No,Yes,Yes,One year,No,Bank transfer (automatic),68.62,2370.49,0,No
4971-YZPQK,Male,0,No,Yes,32,Yes,Yes,Fiber optic,No,No,No,No,Yes,Yes,Month-to-month,Yes,Electronic check,72.13,2283.58,2,Yes
4972-OTPCF,Female,0,Yes,No,72,Yes,Yes,DSL,No,Yes,No,No,Yes,No,Two year,Yes,Credit card (automatic),43.55,3132.53,0,No
4973-UWMAU,Male,0,No,Yes,38,No,No phone service,Fiber optic,Yes,No,No,No,No,Yes,One year,Yes,Mailed check,70.79,2714.27,2,No
4974-NBBOR,Male,0,No,No,5,No,No phone service,No,No internet service,No internet service,No internet service,No internet service,No internet service,No internet service,Two year,Yes,Electronic check,29.71,156.84,1,No
4975-IZCDO,Female,0,No,Yes,44,Yes,No,Fiber optic,Yes,No,Yes,Yes,No,Yes,Month-to-month,Yes,Credit card (automatic),68.64,2978.45,5,Yes
4976-ETTEJ,Female,0,Yes,No,6,Yes,No,No,No internet service,No internet service,No internet service,No internet service,No internet service,No internet service,Month-to-month,Yes,Mailed check,20.02,84.14,2,No
4977-PYLYN,Male,0,Yes,No,26,Yes,No,Fiber optic,No,No,Yes,No,No,Yes,Two year,Yes,Electronic check,59.57,1518.51,2,Yes
4978-VKSFJ,Male,0,No,No,2,Yes,Yes,Fiber optic,Yes,No,No,No,No,Yes,Two year,No,Bank transfer (automatic),47.41,46.71,0,No
4979-TCVOK,Female,0,No,Yes,1,Yes,No,Fiber optic,No,No,No,No,No,No,Month-to-month,No,Bank transfer (automatic),56.89,90.7,4,Yes
4980-VBYXF,Male,0,Yes,No,19,Yes,No,Fiber optic,No,No,No,Yes,Yes,No,One year,Yes,Bank transfer (automatic),80.01,1544.31,1,No
4981-QRDWI,Female,0,No,No,3,Yes,No,Fiber optic,Yes,Yes,No,Yes,No,No,Two year,No,Bank transfer (automatic),66.65,154.64,1,No
4982-JUZBK,Female,0,No,No,11,Yes,No,DSL,No,No,Yes,No,Yes,Yes,Two year,Yes,Electronic check,39.21,486.37,0,No
4983-KKAZN,Female,0,Yes,No,13,Yes,No,DSL,No,No,No,No,Yes,No,Two year,No,Credit card (automatic),50.42,711.12,3,No
4984-AUWYI,Male,0,Yes,No,46,No,No phone service,DSL,No,No,No,No,No,Yes,Month-to-month,Yes,Mailed check,51.77,2463.94,1,Yes
4985-XAUVV,Male,0,Yes,Yes,12,Yes,Yes,Fiber optic,No,No,No,No,No,Yes,Two year,Yes,Mailed check,80.7,1124.86,1,No
4986-DASJO,Female,0,Yes,No,21,Yes,Yes,Fiber optic,No,No,No,No,No,No,Two year,Yes,Electronic check,70.44,1395.49,2,No
4987-TDTNE,Female,0,Yes,No,47,Yes,No,Fiber optic,No,No,Yes,No,No,No,Month-to-month,Yes,Mailed check,76.5,3528.69,0,No
4988-OOYPP,Male,0,No,No,7,No,No phone service,DSL,No,Yes,Yes,No,No,No,One year,Yes,Mailed check,37.68,269.07,2,No
4989-DYIAE,Male,0,Yes,Yes,52,Yes,No,Fiber optic,Yes,No,No,Yes,Yes,Yes,One year,Yes,Credit card (automatic),81.06,4225.73,1,No
4990-ITEDP,Male,0,Yes,Yes,57,Yes,Yes,DSL,No,Yes,Yes,No,No,Yes,One year,No,Electronic check,52.7,3030.73,1,No
4991-BZPRB,Female,0,No,No,72,Yes,Yes,Fiber optic,No,No,No,Yes,No,No,One year,Yes,Bank transfer (automatic),74.73,5365.03,0,No
4992-PAPCO,Female,0,No,No,18,Yes,Yes,Fiber optic,No,No,Yes,No,No,No,Month-to-month,Yes,Bank transfer (automatic),75.5,1390.75,3,Yes
4993-KJQDQ,Female,1,Yes,No,14,Yes,No,Fiber optic,Yes,Yes,No,No,No,Yes,Month-to-month,No,Credit card (automatic),87.85,1141.88,0,No
4994-DSYAN,Male,0,No,Yes,38,Yes,No,DSL,No,No,Yes,No,No,No,Month-to-month,Yes,Credit card (automatic),61.97,2305.79,3,No
4995-XKYGQ,Female,0,Yes,Yes,1,Yes,No,Fiber optic,Yes,Yes,No,No,No,No,Two year,Yes,Electronic check,78.48,92.51,2,No
4996-DJQDS,Female,0,Yes,No,1,No,No phone service,Fiber optic,No,Yes,Yes,No,No,Yes,Month-to-month,Yes,Credit card (automatic),89.32,144.54,0,Yes
4997-RQFGF,Female,0,No,No,13,Yes,No,No,No internet service,No internet service,No internet service,No internet service,No internet service,No internet service,Month-to-month,Yes,Electronic check,18.0,236.5,3,No
4998-YLIRB,Male,0,No,No,41,Yes,No,Fiber optic,No,Yes,No,No,No,No,Month-to-month,Yes,Electronic check,58.58,2322.77,0,No
4999-YQUAW,Female,0,No,No,3,Yes,No,Fiber optic,No,No,Yes,No,Yes,No,Two year,Yes,Credit card (automatic),73.15,276.22,1,No
5000-IFBFI,Female,0,No,No,32,No,No phone service,No,No internet service,No internet service,No internet service,No internet service,No internet service,No internet service,Month-to-month,No,Electronic check,18.0,584.48,2,No
5001-CPYXO,Male,1,Yes,No,10,Yes,Yes,DSL,No,Yes,Yes,No,Yes,Yes,Month-to-month,Yes,Electronic check,41.63,371.1,3,No
5002-LWHZF,Female,0,No,Yes,33,Yes,No,Fiber optic,Yes,No,No,Yes,No,Yes,Two year,Yes,Electronic check,62.67,2022.07,1,Yes
5003-CWDJN,Male,1,No,No,19,Yes,No,DSL,No,Yes,Yes,No,No,No,Month-to-month,No,Mailed check,53.33,976.89,2,Yes
5004-UXOGG,Male,0,No,No,3,Yes,No,No,No internet service,No internet service,No internet service,No internet service,No internet service,No internet service,One year,Yes,Credit card (automatic),18.0,18.0,1,No
5005-HJSSB,Female,1,Yes,No,9,Yes,No,Fiber optic,Yes,No,Yes,No,Yes,No,Month-to-month,Yes,Credit card (automatic),77.29,615.07,3,Yes
5006-OAJFV,Male,1,Yes,Yes,7,Yes,Yes,Fiber optic,No,No,No,No,Yes,Yes,Month-to-month,Yes,Mailed check,79.71,581.73,1,Yes
5007-MJLXF,Female,1,No,No,5,Yes,Yes,DSL,No,No,Yes,No,Yes,No,Month-to-month,No,Bank transfer (automatic),48.14,179.0,2,Yes
5008-FALWW,Male,0,No,No,20,Yes,Yes,Fiber optic,No,Yes,No,No,No,Yes,Month-to-month,Yes,Credit card (automatic),72.6,1437.99,0,Yes
5009-JYNOW,Female,1,Yes,No,72,Yes,No,DSL,Yes,No,Yes,No,No,Yes,Month-to-month,No,Bank transfer (automatic),47.7,3428.22,0,No
5010-XDYAH,Male,1,Yes,No,34,Yes,No,Fiber optic,No,No,No,Yes,Yes,No,Two year,No,Bank transfer (automatic),75.47,2542.17,1,No
5011-CNQBO,Male,0,Yes,No,57,Yes,Yes,DSL,Yes,No,Yes,No,No,Yes,Month-to-month,Yes,Electronic check,54.38,3132.39,3,No
5012-FENSI,Male,0,No,No,72,Yes,Yes,DSL,No,Yes,Yes,Yes,No,No,Month-to-month,Yes,Mailed check,40.15,2904.76,0,No
5013-HCRHP,Female,0,Yes,No,24,Yes,Yes,DSL,No,No,No,No,Yes,No,Month-to-month,Yes,Credit card (automatic),48.82,1153.49,3,No
5014-OUOPY,Female,0,Yes,Yes,8,Yes,No,DSL,No,Yes,No,Yes,No,No,Month-to-month,No,Electronic check,37.82,250.68,1,No
5015-AJSER,Female,0,No,No,72,Yes,Yes,Fiber optic,No,Yes,No,Yes,Yes,No,Two year,Yes,Electronic check,58.35,4135.05,1,No
5016-CDDKI,Male,0,Yes,No,38,Yes,Yes,DSL,Yes,No,Yes,No,No,No,Month-to-month,No,Electronic check,28.78,1138.1,1,No
5017-AYPIK,Male,0,Yes,No,72,Yes,No,DSL,No,No,No,No,Yes,Yes,Month-to-month,No,Bank transfer (automatic),26.31,1898.27,2,No
5018-FQLVH,Female,0,Yes,No,33,Yes,No,No,No internet service,No internet service,No internet service,No internet service,No internet service,No internet service,Two year,No,Electronic check,18.0,637.93,2,No
5019-PEUAQ,Female,0,Yes,No,47,Yes,No,DSL,No,Yes,No,No,No,No,One year,No,Electronic check,20.28,895.69,1,No
5020-XUHJR,Male,0,Yes,Yes,70,Yes,Yes,Fiber optic,Yes,No,Yes,Yes,No,Yes,Month-to-month,Yes,Credit card (automatic),76.35,5367.08,1,No
5021-OTMJI,Male,0,Yes,No,45,Yes,Yes,DSL,No,Yes,No,Yes,No,No,Two year,Yes,Credit card (automatic),36.66,1492.17,2,No
5022-MCVWC,Male,0,Yes,Yes,26,Yes,Yes,No,No internet service,No internet service,No internet service,No internet service,No internet service,No internet service,Two year,Yes,Credit card (automatic),23.59,753.04,0,No
5023-ABKNJ,Female,0,No,Yes,20,Yes,Yes,Fiber optic,No,No,Yes,No,No,No,Two year,Yes,Mailed check,76.17,1595.52,3,No
5024-GWAZG,Male,0,Yes,No,55,Yes,Yes,Fiber optic,No,No,No,No,No,No,Month-to-month,Yes,Credit card (automatic),74.14,3993.04,1,No
5025-OZKFV,Female,0,No,No,47,Yes,Yes,Fiber optic,No,No,No,No,Yes,No,Month-to-month,Yes,Electronic check,61.51,2854.89,1,Yes
5026-GGAJU,Male,0,Yes,No,14,Yes,No,No,No internet service,No internet service,No internet service,No internet service,No internet service,No internet service,Month-to-month,Yes,Credit card (automatic),19.37,247.87,1,No
5027-OHXSC,Female,0,Yes,No,22,Yes,No,Fiber optic,No,No,No,No,No,Yes,One year,Yes,Electronic check,86.08,1858.23,1,No
5028-WODFY,Male,0,No,Yes,32,Yes,No,Fiber optic,Yes,No,No,No,No,No,Two year,No,Mailed check,69.85,2210.44,1,No
5029-JRPRF,Male,0,Yes,No,1,Yes,No,Fiber optic,No,No,No,No,Yes,No,Month-to-month,No,Bank transfer (automatic),65.35,78.53,0,No
5030-SQRMG,Female,0,Yes,Yes,9,Yes,Yes,No,No internet service,No internet service,No internet service,No internet service,No internet service,No internet service,One year,Yes,Bank transfer (automatic),18.0,113.64,3,No
5031-TLBLL,Male,1,No,Yes,9,Yes,Yes,DSL,Yes,No,Yes,No,No,Yes,Month-to-month,Yes,Mailed check,46.84,349.68,0,Yes
5032-XDDRP,Male,0,No,Yes,68,Yes,No,DSL,No,No,No,No,No,Yes,Month-to-month,No,Electronic check,53.7,3733.25,3,No
5033-NQQCF,Male,0,No,Yes,12,Yes,No,Fiber optic,No,No,Yes,No,Yes,No,One year,Yes,Credit card (automatic),66.05,841.93,2,No
5034-WMIUI,Female,1,No,No,25,Yes,No,No,No internet service,No internet service,No internet service,No internet service,No internet service,No internet service,Two year,No,Credit card (automatic),19.27,466.51,3,No
5035-HQPPS,Male,1,Yes,Yes,57,Yes,No,DSL,No,Yes,No,No,No,Yes,Month-to-month,Yes,Electronic check,63.13,3581.33,2,No
5036-XPYNT,Female,1,No,No,9,Yes,No,DSL,No,No,Yes,No,No,Yes,Month-to-month,Yes,Bank transfer (automatic),44.41,378.97,0,No
5037-NNNLF,Male,0,No,No,4,Yes,No,DSL,Yes,No,No,No,No,Yes,Two year,Yes,Electronic check,32.54,121.52,5,No
5038-TMPIB,Male,0,Yes,No,72,No,No phone service,DSL,Yes,No,No,No,No,No,One year,Yes,Credit card (automatic),47.23,3385.52,3,No
5039-VCJTB,Female,1,No,No,39,Yes,Yes,DSL,No,No,No,Yes,Yes,Yes,Two year,No,Electronic check,37.13,1407.92,1,No
5040-XJHQZ,Female,1,Yes,No,6,Yes,No,No,No internet service,No internet service,No internet service,No internet service,No internet service,No internet service,Month-to-month,No,Electronic check,25.82,111.64,0,No
5041-VAFGO,Female,0,No,No,54,Yes,No,DSL,No,No,Yes,No,Yes,Yes,Month-to-month,No,Bank transfer (automatic),57.69,3079.93,6,No
5042-RIHYJ,Female,0,Yes,No,49,Yes,Yes,Fiber optic,No,No,Yes,No,No,No,Month-to-month,No,Electronic check,42.68,2055.93,2,No
5043-DTHAH,Female,0,No,No,58,No,No phone service,DSL,No,Yes,No,No,Yes,No,One year,Yes,Credit card (automatic),39.66,2329.25,1,No
5044-WLWYO,Female,0,Yes,Yes,10,Yes,No,No,No internet service,No internet service,No internet service,No internet service,No internet service,No internet service,Month-to-month,Yes,Electronic check,18.0,219.93,1,Yes
5045-MPZWR,Male,0,No,No,19,Yes,Yes,Fiber optic,No,Yes,No,No,No,Yes,Month-to-month,Yes,Credit card (automatic),66.5,1209.09,4,No
5046-AQPWE,Male,0,Yes,No,37,Yes,Yes,Fiber optic,No,Yes,No,Yes,No,No,Month-to-month,No,Mailed check,82.29,3083.24,1,Yes
5047-TUJZF,Male,0,Yes,Yes,15,Yes,Yes,Fiber optic,No,No,No,Yes,No,No,One year,Yes,Electronic check,72.22,1156.77,2,No
5048-LJVQB,Male,0,No,No,2,Yes,No,No,No internet service,No internet service,No internet service,No internet service,No internet service,No internet service,Month-to-month,Yes,Mailed check,18.0,65.13,1,No
5049-STFMI,Female,0,No,No,4,Yes,No,Fiber optic,No,No,No,No,Yes,No,Two year,No,Bank transfer (automatic),52.92,192.19,1,No
5050-LRHYR,Male,0,Yes,No,29,Yes,No,No,No internet service,No internet service,No internet service,No internet service,No internet service,No internet service,Month-to-month,Yes,Mailed check,18.13,457.26,2,No
5051-YWYVB,Male,0,No,Yes,15,Yes,No,DSL,No,Yes,Yes,Yes,Yes,No,Two year,Yes,Credit card (automatic),62.78,863.95,2,No
5052-HJIXR,Male,0,Yes,No,1,No,No phone service,Fiber optic,No,Yes,Yes,Yes,No,Yes,Month-to-month,No,Bank transfer (automatic),58.62,81.33,1,No
5053-HSCIM,Female,0,No,No,46,Yes,Yes,DSL,No,Yes,No,Yes,No,Yes,One year,Yes,Electronic check,45.71,2130.64,1,No
5054-IYTLW,Female,0,No,No,17,Yes,Yes,DSL,No,No,Yes,No,No,No,Two year,Yes,Electronic check,49.69,924.91,0,No
5055-MHOMU,Male,0,No,No,12,Yes,Yes,Fiber optic,No,No,Yes,Yes,Yes,Yes,One year,Yes,Mailed check,70.37,794.79,2,No
5056-MQOYV,Female,0,No,No,40,Yes,Yes,No,No internet service,No internet service,No internet service,No internet service,No internet service,No internet service,Month-to-month,No,Bank transfer (automatic),18.0,649.67,1,No
5057-SCNJQ,Male,0,No,Yes,19,Yes,Yes,DSL,No,No,Yes,No,Yes,No,One year,Yes,Credit card (automatic),40.15,737.98,2,No
5058-HRLQW,Female,0,Yes,No,37,Yes,No,Fiber optic,No,No,Yes,No,No,No,Month-to-month,No,Credit card (automatic),89.82,3212.57,1,No
5059-KIVXX,Male,0,No,No,1,Yes,Yes,No,No internet service,No internet service,No internet service,No internet service,No internet service,No internet service,One year,Yes,Electronic check,18.0,18.0,1,No
5060-YWYOI,Female,0,No,No,1,Yes,No,DSL,No,No,Yes,Yes,Yes,No,Month-to-month,Yes,Credit card (automatic),23.26,160.46,2,No
5061-LKQFH,Male,0,Yes,Yes,26,Yes,No,DSL,No,No,No,Yes,Yes,No,One year,Yes,Electronic check,52.4,1384.27,0,No
5062-JYODR,Male,1,Yes,No,72,Yes,Yes,Fiber optic,Yes,Yes,No,Yes,Yes,No,Month-to-month,No,Credit card (automatic),75.67,5402.17,1,No
5063-KIIHC,Female,0,No,No,10,Yes,No,DSL,Yes,Yes,No,No,No,Yes,Month-to-month,Yes,Mailed check,48.77,454.08,2,No
5064-URNCQ,Female,0,No,No,36,Yes,No,Fiber optic,No,No,No,No,Yes,No,Month-to-month,Yes,Electronic check,62.98,2367.57,1,Yes
5065-DUROS,Female,0,Yes,Yes,6,Yes,No,DSL,Yes,No,Yes,No,No,Yes,Month-to-month,No,Credit card (automatic),50.91,222.3,1,No
5066-VFOGL,Female,0,No,No,11,No,No phone service,DSL,No,Yes,Yes,No,Yes,No,Two year,Yes,Electronic check,32.84,387.49,1,Yes
5067-PITEK,Male,1,Yes,No,2,Yes,No,Fiber optic,No,No,No,Yes,No,No,Month-to-month,Yes,Electronic check,76.84,18.0,1,No
5068-BVPDE,Male,0,No,No,68,Yes,Yes,No,No internet service,No internet service,No internet service,No internet service,No internet service,No internet service,One year,No,Mailed check,20.39,1454.09,3,No
5069-GFXVJ,Male,1,No,No,11,Yes,Yes,DSL,Yes,Yes,No,No,No,No,Month-to-month,No,Electronic check,48.17,522.25,3,No
5070-NHNNT,Male,0,Yes,No,8,Yes,Yes,Fiber optic,No,No,Yes,Yes,No,No,Month-to-month,No,Credit card (automatic),89.18,694.65,2,No
5071-WCAII,Male,1,Yes,No,41,Yes,Yes,Fiber optic,No,No,No,No,No,No,Month-to-month,Yes,Mailed check,60.9,2537.15,1,Yes
5072-VBPHZ,Male,0,No,Yes,7,Yes,No,No,No internet service,No internet service,No internet service,No internet service,No internet service,No internet service,Month-to-month,No,Mailed check,27.62,207.39,0,Yes
5073-FWMAS,Male,1,No,Yes,8,Yes,No,Fiber optic,Yes,Yes,No,No,Yes,No,Month-to-month,No,Mailed check,71.82,587.6,1,Yes
5074-OAJAL,Male,0,No,No,3,Yes,Yes,No,No internet service,No internet service,No internet service,No internet service,No internet service,No internet service,Month-to-month,Yes,Credit card (automatic),36.32,111.24,1,Yes
5075-KQDWG,Female,0,No,No,72,Yes,No,DSL,No,Yes,No,No,No,Yes,Month-to-month,No,Mailed check,45.8,3328.1,0,No
5076-LMEFB,Male,1,No,No,9,Yes,No,No,No internet service,No internet service,No internet service,No internet service,No internet service,No internet service,Month-to-month,Yes,Bank transfer (automatic),18.0,161.4,0,Yes
5077-UGNYV,Female,0,No,No,72,Yes,Yes,No,No internet service,No internet service,No internet service,No internet service,No internet service,No internet service,One year,Yes,Electronic check,20.32,1483.36,1,No
5078-NJDCY,Female,0,No,Yes,6,Yes,Yes,No,No internet service,No internet service,No internet service,No internet service,No internet service,No internet service,One year,Yes,Bank transfer (automatic),18.0,96.6,1,No
5079-WNFWO,Female,0,No,No,1,Yes,No,No,No internet service,No internet service,No internet service,No internet service,No internet service,No internet service,Month-to-month,No,Electronic check,18.19,18.0,2,No
5080-HECCM,Female,0,No,No,72,Yes,No,No,No internet service,No internet service,No internet service,No internet service,No internet service,No internet service,Month-to-month,No,Credit card (automatic),35.03,2588.23,2,No
5081-BXALH,Male,0,No,No,27,No,No phone service,No,No internet service,No internet service,No internet service,No internet service,No internet service,No internet service,Month-to-month,No,Credit card (automatic),21.18,601.73,1,No
5082-SINRJ,Female,0,Yes,No,13,Yes,Yes,No,No internet service,No internet service,No internet service,No internet service,No internet service,No internet service,One year,Yes,Electronic check,18.0,310.18,1,No
5083-IFAEJ,Male,0,No,No,23,Yes,Yes,Fiber optic,No,Yes,No,No,No,No,Month-to-month,No,Electronic check,72.76,1706.88,1,No
5084-YMVWD,Male,0,Yes,Yes,9,No,No phone service,No,No internet service,No internet service,No internet service,No internet service,No internet service,No internet service,Month-to-month,Yes,Credit card (automatic),18.67,55.68,0,Yes
5085-AUBXD,Female,0,No,Yes,32,Yes,No,Fiber optic,No,No,No,No,Yes,No,Month-to-month,Yes,Bank transfer (automatic),65.06,2059.5,2,No
5086-QJWLB,Male,0,Yes,No,30,Yes,No,Fiber optic,Yes,Yes,No,No,No,No,Two year,Yes,Credit card (automatic),71.52,2160.99,1,No
5087-CNYOM,Male,0,No,No,2,Yes,Yes,Fiber optic,Yes,No,Yes,No,No,Yes,Month-to-month,No,Credit card (automatic),77.94,119.8,1,Yes
5088-IBSPK,Female,0,Yes,No,72,Yes,No,No,No internet service,No internet service,No internet service,No internet service,No internet service,No internet service,Month-to-month,Yes,Mailed check,30.18,2101.59,1,No
5089-LYABP,Female,0,Yes,No,19,Yes,No,Fiber optic,No,Yes,No,No,No,Yes,Month-to-month,No,Credit card (automatic),77.08,1488.1,1,No
5090-BZSJS,Male,0,Yes,Yes,6,Yes,No,DSL,Yes,No,Yes,No,Yes,No,Two year,No,Credit card (automatic),26.05,169.94,1,No
5091-JPMPR,Male,0,Yes,No,11,Yes,No,Fiber optic,No,No,No,Yes,No,Yes,Two year,No,Electronic check,82.9,903.16,2,No
5092-XHXRM,Male,0,No,No,64,Yes,No,DSL,No,No,No,No,Yes,No,Month-to-month,Yes,Electronic check,60.34,3893.33,1,No
5093-YGUWX,Male,0,Yes,No,15,Yes,No,Fiber optic,No,No,No,No,No,No,Month-to-month,Yes,Credit card (automatic),59.98,944.15,6,No
5094-YRFIF,Female,0,Yes,No,26,Yes,No,No,No internet service,No internet service,No internet service,No internet service,No internet service,No internet service,One year,No,Electronic check,25.39,655.53,2,No
5095-RQLCE,Female,1,No,No,72,Yes,No,No,No internet service,No internet service,No internet service,No internet service,No internet service,No internet service,Month-to-month,Yes,Bank transfer (automatic),18.0,1234.73,2,No
5096-GJJSY,Female,0,Yes,No,33,Yes,Yes,No,No internet service,No internet service,No internet service,No internet service,No internet service,No internet service,Month-to-month,Yes,Bank transfer (automatic),18.0,612.49,0,Yes
5097-ZDJRC,Female,1,Yes,Yes,36,No,No phone service,Fiber optic,No,No,No,No,No,Yes,Two year,Yes,Bank transfer (automatic),66.9,2415.24,1,No
5098-UCEPT,Male,0,No,Yes,9,Yes,No,DSL,No,Yes,No,Yes,No,Yes,One year,No,Bank transfer (automatic),44.19,345.09,2,No
5099-MKZMS,Female,0,No,Yes,35,Yes,No,Fiber optic,Yes,Yes,No,No,Yes,No,Month-to-month,No,Electronic check,70.79,2444.71,0,Yes
5100-FXMDY,Male,0,Yes,No,16,Yes,No,Fiber optic,No,No,Yes,No,No,No,One year,Yes,Bank transfer (automatic),52.0,815.87,1,Yes
5101-VESEU,Male,0,Yes,Yes,72,Yes,No,DSL,No,No,No,Yes,No,No,Month-to-month,No,Mailed check,45.48,3232.76,3,No
5102-NDLFS,Female,0,No,No,4,Yes,No,Fiber optic,Yes,No,Yes,Yes,No,No,One year,No,Electronic check,71.26,309.49,1,No
5103-JAWWP,Male,0,Yes,No,10,Yes,No,No,No internet service,No internet service,No internet service,No internet service,No internet service,No internet service,Month-to-month,No,Mailed check,25.04,324.86,2,No
5104-DIRQO,Male,0,No,No,2,Yes,Yes,Fiber optic,Yes,No,No,Yes,No,No,One year,Yes,Bank transfer (automatic),76.67,124.81,2,No
5105-SGYRF,Male,0,No,No,15,Yes,Yes,Fiber optic,No,Yes,No,Yes,No,No,Two year,No,Credit card (automatic),91.32,1382.75,0,No
5106-SULYC,Female,0,No,Yes,5,Yes,No,Fiber optic,Yes,No,No,No,No,Yes,One year,No,Bank transfer (automatic),66.89,401.78,1,No
5107-AEAHG,Male,0,No,No,59,Yes,No,Fiber optic,No,Yes,No,No,Yes,Yes,Month-to-month,No,Mailed check,76.24,4525.25,1,Yes
5108-OKRNI,Male,0,Yes,No,72,Yes,No,DSL,No,No,No,No,No,Yes,One year,Yes,Electronic check,30.38,2215.82,0,No
5109-EWDLA,Male,1,Yes,Yes,35,Yes,Yes,No,No internet service,No internet service,No internet service,No internet service,No internet service,No internet service,Month-to-month,No,Electronic check,23.62,844.56,3,No
5110-XMACV,Male,0,No,Yes,3,Yes,No,Fiber optic,No,Yes,No,No,No,No,Month-to-month,No,Electronic check,69.14,247.23,0,No
5111-HXRYP,Female,1,No,Yes,13,No,No phone service,Fiber optic,No,Yes,No,Yes,No,No,Month-to-month,Yes,Electronic check,55.95,710.03,0,Yes
5112-TTPBQ,Female,1,No,No,72,Yes,No,Fiber optic,No,No,No,No,No,Yes,Month-to-month,Yes,Electronic check,79.33,5695.14,1,No
5113-JGJST,Male,1,No,Yes,4,Yes,No,No,No internet service,No internet service,No internet service,No internet service,No internet service,No internet service,Two year,No,Credit card (automatic),18.0,50.35,2,No
5114-IVQII,Male,1,No,No,26,Yes,No,DSL,Yes,Yes,No,No,Yes,No,Month-to-month,No,Electronic check,38.18,1060.35,1,No
5115-EXGKH,Male,1,Yes,No,13,Yes,Yes,No,No internet service,No internet service,No internet service,No internet service,No internet service,No internet service,One year,Yes,Electronic check,21.92,286.95,1,No
5116-YNBJU,Female,0,Yes,Yes,72,Yes,Yes,No,No internet service,No internet service,No internet service,No internet service,No internet service,No internet service,One year,Yes,Bank transfer (automatic),30.29,2233.95,0,No
5117-XPPSK,Female,0,Yes,No,10,No,No phone service,No,No internet service,No internet service,No internet service,No internet service,No internet service,No internet service,Month-to-month,No,Mailed check,18.0,220.83,0,No
5118-FFGPM,Male,0,Yes,Yes,1,Yes,No,Fiber optic,Yes,No,Yes,Yes,No,No,Two year,Yes,Credit card (automatic),76.73,54.51,3,No
5119-CXXIX,Male,0,No,Yes,38,Yes,No,No,No internet service,No internet service,No internet service,No internet service,No internet service,No internet service,Month-to-month,Yes,Electronic check,18.0,681.49,0,No
5120-CFYQC,Female,0,No,Yes,12,Yes,No,Fiber optic,No,No,No,No,No,Yes,Two year,No,Mailed check,72.43,912.39,1,No
5121-BLXFJ,Male,0,No,No,34,Yes,No,Fiber optic,No,Yes,No,Yes,Yes,No,Month-to-month,Yes,Electronic check,65.43,2267.64,2,No
5122-KPPXR,Female,0,No,No,3,Yes,Yes,No,No internet service,No internet service,No internet service,No internet service,No internet service,No internet service,Month-to-month,Yes,Bank transfer (automatic),18.0,52.92,0,No
5123-VWXIU,Male,1,Yes,Yes,23,Yes,Yes,Fiber optic,No,Yes,No,No,No,Yes,Month-to-month,No,Bank transfer (automatic),75.44,1795.6,4,No
5124-SBXAZ,Male,0,No,Yes,15,Yes,Yes,DSL,No,Yes,Yes,No,No,No,Month-to-month,No,Credit card (automatic),55.8,765.86,2,No
5125-PVRCX,Male,0,Yes,No,24,Yes,Yes,DSL,No,No,No,Yes,Yes,Yes,Month-to-month,No,Electronic check,44.91,1066.88,0,No
5126-AFSVS,Male,0,No,No,61,Yes,Yes,Fiber optic,Yes,Yes,No,No,No,No,Two year,Yes,Electronic check,60.35,3668.95,0,No
5127-KHETI,Female,0,Yes,Yes,72,Yes,No,No,No internet service,No internet service,No internet service,No internet service,No internet service,No internet service,Two year,Yes,Credit card (automatic),18.0,1282.6,0,No
5128-OUNDX,Female,1,No,No,44,Yes,No,No,No internet service,No internet service,No internet service,No internet service,No internet service,No internet service,Month-to-month,No,Mailed check,18.0,866.91,2,No
5129-XHTQB,Female,0,Yes,No,46,Yes,No,No,No internet service,No internet service,No internet service,No internet service,No internet service,No internet service,Two year,No,Electronic check,33.59,1568.19,1,No
5130-TPJBK,Male,0,No,Yes,24,Yes,No,DSL,No,No,Yes,Yes,Yes,Yes,Month-to-month,Yes,Bank transfer (automatic),45.22,1083.59,0,No
5131-JSYYN,Male,0,Yes,Yes,3,Yes,Yes,Fiber optic,Yes,No,No,No,No,No,Month-to-month,No,Electronic check,73.7,163.77,2,No
5132-KIGOT,Female,0,Yes,Yes,35,No,No phone service,Fiber optic,No,No,Yes,No,Yes,No,One year,No,Mailed check,76.8,2791.45,2,No
5133-QCONH,Female,0,Yes,No,5,Yes,No,Fiber optic,Yes,No,No,Yes,No,No,One year,No,Mailed check,65.89,323.48,1,No
5134-DZJBN,Male,0,No,Yes,9,Yes,No,DSL,No,No,No,No,Yes,No,Month-to-month,No,Credit card (automatic),49.64,375.5,2,No
5135-HWJYR,Female,0,No,No,39,Yes,Yes,DSL,No,No,Yes,No,No,No,Month-to-month,No,Bank transfer (automatic),70.97,2770.61,3,Yes
5136-OEVMR,Male,0,No,No,34,No,No phone service,DSL,Yes,Yes,Yes,No,No,Yes,Month-to-month,Yes,Mailed check,41.97,1475.33,3,No
5137-BMNJD,Female,1,No,No,12,Yes,Yes,Fiber optic,No,Yes,No,No,Yes,Yes,Month-to-month,Yes,Mailed check,56.94,596.03,1,No
5138-OHONU,Male,0,Yes,Yes,47,Yes,No,Fiber optic,No,No,No,Yes,Yes,Yes,Month-to-month,Yes,Credit card (automatic),78.98,3691.81,2,Yes
5139-ITCZO,Male,0,No,No,72,Yes,No,DSL,No,No,Yes,No,No,No,Month-to-month,Yes,Credit card (automatic),50.32,3588.9,1,No
5140-XQYPD,Female,0,No,No,25,Yes,Yes,Fiber optic,No,Yes,Yes,Yes,No,No,Month-to-month,No,Electronic check,71.35,1804.83,2,No
5141-KYHCS,Female,0,Yes,No,36,Yes,No,DSL,Yes,Yes,Yes,No,No,No,Month-to-month,Yes,Mailed check,55.04,1965.94,1,No
5142-NICDY,Male,1,No,No,10,Yes,No,Fiber optic,No,No,Yes,No,Yes,Yes,One year,No,Mailed check,77.27,856.54,1,No
5143-DKSPW,Male,0,Yes,No,72,Yes,No,DSL,No,No,No,Yes,No,No,Month-to-month,Yes,Electronic check,49.05,3622.36,2,No
5144-VQJXQ,Female,1,Yes,No,10,Yes,Yes,DSL,No,No,Yes,No,No,No,Month-to-month,Yes,Electronic check,43.54,466.86,5,No
5145-PTVFG,Male,0,No,No,69,Yes,Yes,Fiber optic,No,No,Yes,Yes,Yes,No,Month-to-month,Yes,Electronic check,74.48,5184.3,2,No
5146-NKLNE,Female,0,No,Yes,72,Yes,No,DSL,Yes,No,No,No,No,Yes,Two year,Yes,Bank transfer (automatic),49.21,3600.82,2,No
5147-ETVWZ,Male,0,No,No,40,Yes,Yes,Fiber optic,Yes,No,No,No,No,No,Month-to-month,Yes,Credit card (automatic),81.74,3228.14,0,No
5148-OZAYX,Female,0,Yes,No,53,Yes,No,DSL,No,No,No,No,No,Yes,One year,Yes,Credit card (automatic),41.23,2162.52,2,No
5149-WICZD,Male,0,No,No,19,Yes,No,DSL,Yes,No,No,No,No,No,Two year,No,Credit card (automatic),47.66,861.66,1,No
5150-PGVNP,Male,0,No,No,72,Yes,Yes,DSL,Yes,No,Yes,Yes,No,No,Month-to-month,Yes,Bank transfer (automatic),47.59,3399.27,0,No
5151-RPPBJ,Male,0,No,No,43,No,No phone service,DSL,No,No,No,Yes,No,No,Two year,No,Electronic check,49.81,2180.51,1,No
5152-GYOIG,Male,0,No,Yes,12,Yes,Yes,DSL,Yes,Yes,Yes,No,No,Yes,Month-to-month,No,Electronic check,53.17,644.62,0,No
5153-XPZCQ,Male,0,No,No,1,Yes,No,Fiber optic,Yes,Yes,Yes,Yes,No,Yes,Month-to-month,Yes,Electronic check,58.63,180.32,1,No
5154-WHBYT,Male,0,Yes,Yes,24,Yes,Yes,Fiber optic,Yes,No,Yes,No,Yes,No,Month-to-month,Yes,Electronic check,76.58,1838.21,4,No
5155-ZYCHB,Male,0,No,No,58,Yes,Yes,Fiber optic,No,No,No,Yes,No,No,Month-to-month,Yes,Mailed check,89.89,5194.2,2,Yes
5156-SQETQ,Female,1,No,Yes,63,Yes,Yes,DSL,No,No,Yes,No,No,No,Two year,Yes,Electronic check,45.86,2865.42,1,No
5157-JIVFK,Female,0,Yes,No,57,Yes,No,Fiber optic,Yes,No,Yes,No,Yes,No,Month-to-month,Yes,Mailed check,56.81,3247.5,3,No
5158-BWLLP,Male,0,No,No,7,Yes,No,No,No internet service,No internet service,No internet service,No internet service,No internet service,No internet service,Two year,Yes,Credit card (automatic),27.8,119.27,2,Yes
5159-YVXLU,Female,0,No,Yes,17,Yes,No,DSL,Yes,No,No,No,No,No,Two year,No,Mailed check,65.79,1045.68,2,No
5160-RMOPD,Female,0,No,Yes,30,No,No phone service,DSL,Yes,No,Yes,Yes,No,No,Month-to-month,No,Bank transfer (automatic),57.42,1736.53,1,No
5161-LQAVR,Male,0,Yes,No,35,Yes,No,No,No internet service,No internet service,No internet service,No internet service,No internet service,No internet service,Month-to-month,Yes,Mailed check,18.0,659.85,2,No
5162-VPAJS,Female,1,Yes,Yes,13,Yes,No,Fiber optic,Yes,No,No,No,Yes,No,Month-to-month,No,Credit card (automatic),57.38,709.65,0,No
5163-PNYBX,Male,1,Yes,No,37,Yes,No,No,No internet service,No internet service,No internet service,No internet service,No internet service,No internet service,Two year,Yes,Electronic check,26.58,1008.36,1,Yes
5164-FVWEL,Female,1,No,No,28,Yes,No,Fiber optic,No,No,Yes,Yes,Yes,Yes,Month-to-month,Yes,Credit card (automatic),64.66,1735.26,2,No
5165-DVXDE,Female,0,Yes,No,26,Yes,No,DSL,No,Yes,Yes,No,Yes,No,Month-to-month,No,Mailed check,22.05,575.65,2,No
5166-GFMDM,Female,0,Yes,No,34,Yes,No,Fiber optic,No,No,No,No,No,No,One year,Yes,Credit card (automatic),61.76,2026.75,1,No
5167-DJTAU,Male,0,No,No,29,Yes,Yes,Fiber optic,Yes,Yes,Yes,Yes,Yes,Yes,Month-to-month,Yes,Bank transfer (automatic),68.01,1985.05,0,Yes
5168-HGECO,Female,0,Yes,Yes,5,Yes,No,Fiber optic,No,No,No,No,No,No,Month-to-month,Yes,Electronic check,61.06,308.53,0,Yes
5169-QWMOS,Male,0,No,No,66,Yes,Yes,Fiber optic,No,Yes,No,No,Yes,No,Month-to-month,No,Credit card (automatic),87.05,5763.06,1,Yes
5170-TNUML,Male,0,No,No,8,Yes,No,No,No internet service,No internet service,No internet service,No internet service,No internet service,No internet service,Month-to-month,Yes,Electronic check,27.98,190.78,1,No
5171-XWICK,Female,0,No,No,43,Yes,No,Fiber optic,No,No,No,No,Yes,No,Month-to-month,Yes,Credit card (automatic),65.19,2759.99,5,No
5172-JAQZM,Male,0,No,Yes,6,Yes,No,Fiber optic,No,No,No,No,No,Yes,Month-to-month,Yes,Electronic check,65.72,430.75,1,Yes
5173-NABBG,Male,0,No,No,34,Yes,Yes,Fiber optic,No,No,Yes,Yes,No,No,One year,No,Electronic check,62.44,2203.44,1,No
5174-IXDBS,Female,0,No,Yes,72,Yes,No,DSL,No,No,Yes,No,No,No,Month-to-month,No,Mailed check,34.14,2421.84,1,No
5175-ZEIXM,Male,0,No,Yes,1,Yes,No,Fiber optic,Yes,Yes,Yes,Yes,Yes,No,Two year,No,Electronic check,67.44,67.87,0,No
5176-LSIJS,Female,1,Yes,No,72,Yes,No,No,No internet service,No internet service,No internet service,No internet service,No internet service,No internet service,One year,Yes,Credit card (automatic),28.86,2170.63,2,No
5177-JLNHP,Female,0,No,Yes,1,Yes,No,Fiber optic,No,No,No,No,No,Yes,Month-to-month,Yes,Mailed check,68.37,88.43,1,Yes
5178-QTDFL,Male,0,No,No,1,Yes,Yes,Fiber optic,No,No,No,No,Yes,Yes,Month-to-month,No,Bank transfer (automatic),61.03, ,3,Yes
5179-RGEJF,Female,0,No,No,62,Yes,Yes,Fiber optic,Yes,Yes,Yes,Yes,Yes,Yes,Month-to-month,No,Electronic check,60.93,3791.33,0,No
5180-NFNLV,Female,0,No,Yes,39,Yes,Yes,DSL,No,No,No,No,Yes,Yes,Month-to-month,No,Electronic check,62.25,2408.84,2,No
5181-ZLHJP,Male,0,No,No,3,Yes,No,Fiber optic,No,No,Yes,No,No,Yes,Month-to-month,Yes,Credit card (automatic),79.23,268.26,0,Yes
5182-TZHIM,Male,0,Yes,No,72,Yes,Yes,DSL,No,No,No,Yes,Yes,No,One year,No,Electronic check,37.58,2741.98,4,No
5183-TQSQG,Male,0,Yes,Yes,35,Yes,No,DSL,No,No,No,Yes,No,Yes,Month-to-month,Yes,Credit card (automatic),46.66,1608.74,0,No
5184-ATNQM,Male,0,Yes,No,3,Yes,No,Fiber optic,Yes,No,Yes,Yes,Yes,No,Month-to-month,No,Bank transfer (automatic),73.54,284.2,0,Yes
5185-BNAEG,Female,0,No,Yes,63,Yes,No,Fiber optic,No,No,Yes,Yes,Yes,No,Month-to-month,Yes,Credit card (automatic),75.76,4764.83,0,Yes
5186-SNXNO,Female,0,Yes,No,20,Yes,Yes,Fiber optic,Yes,No,Yes,No,No,No,Two year,No,Bank transfer (automatic),54.46,1055.22,3,No
5187-EEUXB,Female,0,Yes,No,10,Yes,No,No,No internet service,No internet service,No internet service,No internet service,No internet service,No internet service,Two year,Yes,Mailed check,41.05,356.13,4,No
5188-RXIJZ,Female,1,No,No,55,Yes,No,DSL,No,No,Yes,No,No,Yes,Month-to-month,No,Mailed check,52.32,2843.92,2,No
5189-RDHRT,Female,0,Yes,No,42,Yes,No,DSL,No,No,No,Yes,No,Yes,Month-to-month,No,Mailed check,31.15,1370.88,1,No
5190-ZQPRG,Male,1,No,No,31,Yes,Yes,No,No internet service,No internet service,No internet service,No internet service,No internet service,No internet service,Month-to-month,Yes,Electronic check,23.98,681.13,1,Yes
5191-AARDW,Female,0,Yes,Yes,72,Yes,No,No,No internet service,No internet service,No internet service,No internet service,No internet service,No internet service,Month-to-month,Yes,Bank transfer (automatic),18.0,1287.09,2,Yes
5192-TUTDY,Female,0,No,No,63,Yes,No,No,No internet service,No internet service,No internet service,No internet service,No internet service,No internet service,Month-to-month,No,Electronic check,18.0,1113.3,1,No
5193-FCFMW,Female,0,Yes,Yes,8,Yes,Yes,DSL,No,Yes,No,Yes,Yes,Yes,One year,Yes,Mailed check,62.21,450.25,1,No
5194-GXDAF,Female,1,Yes,Yes,67,Yes,Yes,DSL,Yes,Yes,No,No,No,No,Month-to-month,No,Bank transfer (automatic),34.72,2292.44,1,No
5195-XEMSD,Male,0,No,No,14,Yes,No,Fiber optic,No,No,Yes,No,No,No,Month-to-month,Yes,Credit card (automatic),57.17,854.84,4,No
5196-XFMEM,Male,1,No,No,18,Yes,Yes,No,No internet service,No internet service,No internet service,No internet service,No internet service,No internet service,Month-to-month,Yes,Mailed check,18.0,351.3,3,Yes
5197-YJCWY,Male,0,Yes,No,72,Yes,Yes,DSL,No,No,No,No,Yes,No,One year,No,Bank transfer (automatic),48.69,3486.94,0,No
5198-MLDJZ,Female,0,No,Yes,45,Yes,No,No,No internet service,No internet service,No internet service,No internet service,No internet service,No internet service,Month-to-month,Yes,Bank transfer (automatic),20.43,928.41,2,No
5199-CQIAR,Female,0,No,No,12,Yes,Yes,DSL,No,Yes,Yes,No,No,No,One year,Yes,Mailed check,69.2,821.66,2,No
5200-IUTYI,Female,0,Yes,No,33,Yes,Yes,DSL,Yes,No,No,No,Yes,Yes,Month-to-month,No,Electronic check,51.47,1765.16,1,No
5201-BSPCP,Male,0,No,No,24,Yes,No,DSL,Yes,Yes,No,No,No,No,Month-to-month,Yes,Electronic check,41.99,1028.6,4,No
5202-UMCJV,Female,0,Yes,No,3,Yes,No,DSL,Yes,Yes,Yes,Yes,No,No,Two year,No,Electronic check,47.0,141.31,3,No
5203-RFFRF,Male,0,Yes,Yes,69,Yes,No,No,No internet service,No internet service,No internet service,No internet service,No internet service,No internet service,Two year,Yes,Bank transfer (automatic),32.65,2252.11,3,No
5204-FVMNU,Female,0,Yes,No,55,Yes,No,Fiber optic,No,Yes,No,No,No,No,Two year,Yes,Credit card (automatic),86.99,4786.02,3,No
5205-GMOLU,Male,0,Yes,No,48,Yes,No,DSL,No,No,No,Yes,No,No,One year,No,Credit card (automatic),36.07,1718.84,2,No
5206-AYCRZ,Male,0,Yes,No,26,Yes,Yes,DSL,No,Yes,No,No,Yes,No,Month-to-month,No,Bank transfer (automatic),45.29,1174.17,1,No
5207-VHBDR,Female,0,Yes,Yes,7,Yes,No,Fiber optic,Yes,No,Yes,Yes,No,Yes,Two year,Yes,Mailed check,80.0,475.68,2,No
5208-YZMOB,Female,0,Yes,Yes,68,Yes,No,DSL,No,No,No,Yes,No,No,Month-to-month,Yes,Credit card (automatic),41.06,2761.07,1,No
5209-JBULE,Male,0,No,No,13,Yes,No,DSL,No,Yes,No,Yes,No,No,Month-to-month,No,Credit card (automatic),38.86,499.43,1,Yes
5210-LWABP,Male,1,No,Yes,1,Yes,No,DSL,No,No,No,No,Yes,No,One year,Yes,Bank transfer (automatic),51.32,36.52,1,No
5211-VBPTZ,Male,0,No,Yes,72,No,No phone service,DSL,No,Yes,Yes,No,No,No,Month-to-month,Yes,Bank transfer (automatic),33.91,2355.16,2,Yes
5212-PFMLW,Male,1,Yes,No,63,Yes,No,No,No internet service,No internet service,No internet service,No internet service,No internet service,No internet service,Two year,Yes,Electronic check,35.03,2279.42,3,No
5213-JEHFE,Male,0,No,Yes,31,Yes,Yes,Fiber optic,No,No,No,Yes,No,No,One year,No,Mailed check,80.35,2461.43,1,No
5214-TVFVQ,Female,0,Yes,Yes,1,Yes,No,Fiber optic,No,No,Yes,No,No,Yes,Month-to-month,No,Mailed check,69.14,101.27,0,Yes
5215-FQEWQ,Male,0,Yes,Yes,8,Yes,No,Fiber optic,No,No,No,No,No,Yes,One year,No,Credit card (automatic),67.61,522.86,2,No
5216-QMVGV,Female,0,No,No,19,Yes,No,No,No internet service,No internet service,No internet service,No internet service,No internet service,No internet service,Month-to-month,No,Credit card (automatic),28.97,599.95,2,No
5217-UFNPC,Female,0,No,Yes,31,Yes,Yes,DSL,Yes,No,Yes,Yes,Yes,Yes,One year,Yes,Mailed check,44.28,1444.03,1,No
5218-IOURJ,Female,0,Yes,No,39,Yes,No,Fiber optic,No,No,No,Yes,Yes,Yes,Month-to-month,No,Mailed check,79.18,3212.31,3,Yes
5219-JWCAC,Female,0,Yes,No,49,Yes,No,DSL,No,Yes,No,No,No,Yes,Month-to-month,No,Electronic check,59.53,2956.0,4,No
5220-YEGCD,Female,0,No,No,25,Yes,No,Fiber optic,No,No,Yes,No,No,Yes,Month-to-month,No,Credit card (automatic),66.05,1637.54,1,No
5221-QCWDB,Male,0,No,Yes,34,Yes,No,DSL,No,Yes,No,No,Yes,Yes,Two year,Yes,Electronic check,38.03,1328.33,2,No
5222-NEUBO,Female,0,Yes,No,53,Yes,No,DSL,No,No,No,Yes,No,Yes,Two year,Yes,Credit card (automatic),27.04,1351.97,3,No
5223-KVJTA,Male,0,No,No,40,Yes,No,Fiber optic,No,No,Yes,No,No,Yes,Two year,Yes,Bank transfer (automatic),64.52,2607.84,0,No
5224-SNYZW,Female,1,Yes,Yes,72,Yes,No,DSL,No,No,No,No,No,Yes,Month-to-month,Yes,Electronic check,52.99,3822.78,2,Yes
5225-VNAYI,Male,0,No,No,66,Yes,Yes,No,No internet service,No internet service,No internet service,No internet service,No internet service,No internet service,One year,No,Mailed check,18.81,1161.42,4,No
5226-QNMMF,Female,0,Yes,Yes,5,Yes,No,DSL,No,No,Yes,No,Yes,Yes,One year,Yes,Electronic check,49.29,221.04,2,No
5227-GBZHX,Male,0,Yes,No,72,Yes,No,Fiber optic,Yes,No,Yes,No,Yes,Yes,Two year,No,Bank transfer (automatic),94.47,6873.06,2,No
5228-FYCRR,Male,0,Yes,No,7,Yes,No,Fiber optic,Yes,No,No,No,No,Yes,Two year,Yes,Credit card (automatic),85.28,549.68,1,No
5229-VWFKC,Male,0,No,No,72,No,No phone service,DSL,Yes,Yes,No,No,Yes,No,Month-to-month,No,Bank transfer (automatic),47.11,3390.32,1,No
5230-PEXVB,Female,0,Yes,No,38,Yes,Yes,No,No internet service,No internet service,No internet service,No internet service,No internet service,No internet service,One year,Yes,Electronic check,18.0,605.24,1,No
5231-OPGPX,Male,0,No,No,31,Yes,No,Fiber optic,No,No,No,Yes,No,No,Two year,No,Mailed check,84.48,2625.0,0,No
5232-DPQBP,Female,0,No,No,12,Yes,Yes,No,No internet service,No internet service,No internet service,No internet service,No internet service,No internet service,Two year,No,Credit card (automatic),18.0,190.62,1,No
5233-DGRFR,Female,0,No,No,4,Yes,Yes,DSL,Yes,No,No,No,Yes,No,One year,No,Credit card (automatic),46.45,22.72,2,No
5234-GBSID,Male,0,Yes,No,4,Yes,Yes,Fiber optic,Yes,No,No,Yes,No,No,Month-to-month,No,Bank transfer (automatic),61.65,230.73,2,Yes
5235-NEYGH,Female,0,Yes,No,64,Yes,No,DSL,No,No,Yes,No,Yes,No,Two year,No,Mailed check,53.11,3435.6,1,No
5236-OSKTW,Female,0,Yes,No,18,Yes,Yes,Fiber optic,Yes,No,Yes,No,Yes,No,Month-to-month,Yes,Credit card (automatic),63.4,1092.58,1,No
5237-DRNZF,Female,0,Yes,No,26,Yes,No,Fiber optic,No,Yes,Yes,Yes,Yes,Yes,Month-to-month,Yes,Credit card (automatic),68.67,1771.04,0,No
5238-YPRAH,Female,0,No,No,72,Yes,No,Fiber optic,No,No,Yes,No,Yes,No,Month-to-month,Yes,Credit card (automatic),65.87,4772.96,1,No
5239-AASUY,Male,1,No,No,9,Yes,Yes,DSL,No,Yes,Yes,Yes,No,No,Two year,Yes,Credit card (automatic),52.57,424.53,2,No
5240-JRLQA,Female,0,Yes,Yes,46,No,No phone service,Fiber optic,No,No,No,No,No,Yes,Two year,Yes,Bank transfer (automatic),73.05,3310.56,1,No
5241-HJZJR,Male,1,Yes,No,20,Yes,Yes,No,No internet service,No internet service,No internet service,No internet service,No internet service,No internet service,One year,No,Mailed check,20.29,375.8,1,No
5242-IYBCB,Female,0,No,No,7,Yes,No,DSL,No,No,No,No,No,No,Month-to-month,Yes,Mailed check,45.92,334.73,3,Yes
5243-FWLVS,Male,0,No,No,61,Yes,Yes,Fiber optic,No,No,Yes,No,Yes,No,Two year,No,Bank transfer (automatic),69.23,4258.25,4,No
5244-OSLRP,Male,0,No,Yes,36,Yes,Yes,Fiber optic,No,No,Yes,No,No,Yes,One year,No,Mailed check,64.77,2339.03,2,No
5245-BKLEX,Female,0,Yes,No,3,Yes,No,Fiber optic,No,Yes,No,No,Yes,Yes,Two year,Yes,Credit card (automatic),66.73,174.72,3,No
5246-FYKUJ,Female,0,Yes,No,24,Yes,Yes,DSL,No,No,No,No,Yes,Yes,One year,No,Electronic check,49.82,1231.89,0,No
5247-DILJN,Female,0,No,Yes,61,Yes,No,No,No internet service,No internet service,No internet service,No internet service,No internet service,No internet service,Month-to-month,Yes,Bank transfer (automatic),18.0,1118.53,3,No
5248-EAEPE,Female,0,Yes,No,2,Yes,No,No,No internet service,No internet service,No internet service,No internet service,No internet service,No internet service,Two year,Yes,Electronic check,18.0,28.15,3,No
5249-ERFUR,Female,0,No,No,17,Yes,No,Fiber optic,No,No,No,Yes,No,Yes,Month-to-month,Yes,Mailed check,62.29,962.44,2,Yes
5250-JOXVK,Male,0,Yes,No,52,Yes,Yes,Fiber optic,No,No,No,No,No,No,Two year,Yes,Electronic check,69.57,3656.9,2,No
5251-ZSYMT,Male,1,No,No,62,Yes,No,No,No internet service,No internet service,No internet service,No internet service,No internet service,No internet service,Two year,No,Mailed check,18.0,1116.35,0,No
5252-CPGLO,Male,1,No,No,47,Yes,Yes,No,No internet service,No internet service,No internet service,No internet service,No internet service,No internet service,Month-to-month,Yes,Mailed check,40.14,1884.29,0,No
5253-HWQAU,Female,0,Yes,No,11,Yes,No,Fiber optic,Yes,Yes,No,No,No,Yes,Month-to-month,No,Electronic check,68.34,815.31,1,No
5254-HNJSH,Female,0,Yes,No,22,Yes,No,Fiber optic,No,No,Yes,Yes,No,No,Month-to-month,Yes,Electronic check,76.22,1686.12,2,Yes
5255-SDJWC,Female,0,No,No,43,Yes,Yes,Fiber optic,No,Yes,Yes,No,Yes,Yes,Month-to-month,No,Electronic check,65.41,2698.98,1,Yes
5256-DPXDY,Male,0,Yes,Yes,5,Yes,No,Fiber optic,No,No,Yes,Yes,Yes,No,One year,Yes,Mailed check,90.52,489.73,2,Yes
5257-TTMUQ,Female,0,No,No,28,No,No phone service,Fiber optic,No,No,No,No,No,Yes,Month-to-month,Yes,Bank transfer (automatic),67.55,1949.54,2,No
5258-WYPYQ,Male,1,Yes,No,40,Yes,No,Fiber optic,No,No,No,No,No,Yes,Two year,No,Electronic check,61.66,2442.31,1,No
5259-FCTXD,Male,0,Yes,Yes,60,Yes,Yes,No,No internet service,No internet service,No internet service,No internet service,No internet service,No internet service,Month-to-month,No,Mailed check,19.37,1208.05,3,No
5260-HTIVA,Female,1,No,No,3,Yes,Yes,DSL,No,Yes,No,No,Yes,No,One year,Yes,Mailed check,63.94,307.97,2,No
5261-MZBWJ,Male,0,No,No,12,Yes,No,DSL,No,Yes,No,No,Yes,No,One year,No,Credit card (automatic),40.77,542.24,1,No
5262-WSQXM,Male,0,Yes,No,24,Yes,No,DSL,No,No,No,No,No,Yes,Month-to-month,No,Bank transfer (automatic),49.42,1130.85,1,Yes
5263-ZNKJG,Male,0,Yes,Yes,38,Yes,No,No,No internet service,No internet service,No internet service,No internet service,No internet service,No internet service,One year,No,Credit card (automatic),30.32,1165.82,0,No
5264-JXANC,Female,0,No,No,41,Yes,Yes,Fiber optic,Yes,Yes,Yes,No,No,Yes,Month-to-month,Yes,Electronic check,58.69,2450.86,1,No
5265-MBQUC,Male,0,No,Yes,9,Yes,Yes,Fiber optic,No,Yes,Yes,No,No,No,Month-to-month,No,Electronic check,75.69,737.46,2,No
5266-ZOHFZ,Female,0,Yes,No,1,Yes,Yes,Fiber optic,No,No,No,Yes,Yes,No,Month-to-month,Yes,Credit card (automatic),73.15,62.09,0,Yes
5267-IYKVB,Female,0,Yes,Yes,37,No,No phone service,No,No internet service,No internet service,No internet service,No internet service,No internet service,No internet service,Month-to-month,Yes,Bank transfer (automatic),18.0,707.27,4,No
5268-IRSVR,Male,1,Yes,Yes,72,Yes,No,Fiber optic,No,No,No,No,Yes,Yes,Month-to-month,Yes,Mailed check,86.42,6233.59,1,No
5269-ERLDO,Female,1,No,No,51,Yes,Yes,Fiber optic,Yes,Yes,No,No,Yes,No,Two year,Yes,Mailed check,74.63,3855.3,0,No
5270-KSEFM,Male,0,No,No,31,Yes,No,DSL,No,Yes,Yes,No,No,Yes,Month-to-month,No,Bank transfer (automatic),42.91,1311.14,2,No
5271-WJXYN,Female,0,Yes,No,72,No,No phone service,Fiber optic,Yes,No,Yes,No,Yes,No,Month-to-month,Yes,Credit card (automatic),70.36,5098.99,2,No
5272-DTWLO,Female,0,No,Yes,18,No,No phone service,DSL,No,No,No,No,No,Yes,Month-to-month,Yes,Mailed check,53.2,991.89,0,Yes
5273-ZJKIK,Female,1,Yes,No,23,Yes,No,No,No internet service,No internet service,No internet service,No internet service,No internet service,No internet service,Two year,Yes,Electronic check,35.06,742.7,2,Yes
5274-BMVZZ,Female,0,No,Yes,1,Yes,No,Fiber optic,No,Yes,Yes,No,No,Yes,Month-to-month,Yes,Credit card (automatic),76.91,66.93,2,Yes
5275-HUUHA,Female,0,Yes,Yes,72,Yes,No,DSL,No,No,No,Yes,Yes,No,Month-to-month,Yes,Mailed check,39.69,2850.51,1,No
5276-FZMIF,Female,0,No,Yes,28,Yes,No,DSL,No,Yes,Yes,No,Yes,No,Two year,No,Credit card (automatic),42.67,1175.83,1,No
5277-OWPDZ,Female,0,No,Yes,15,Yes,No,DSL,No,No,Yes,Yes,No,Yes,One year,No,Bank transfer (automatic),43.71,592.56,1,No
5278-QILVS,Male,0,No,No,1,No,No phone service,DSL,No,No,No,No,No,No,One year,Yes,Electronic check,34.17,114.99,1,No
5279-TZLVF,Male,0,No,Yes,14,Yes,No,Fiber optic,Yes,No,No,Yes,No,No,Two year,Yes,Electronic check,82.02,1184.81,2,No
5280-LITEU,Male,0,No,No,1,Yes,Yes,No,No internet service,No internet service,No internet service,No internet service,No internet service,No internet service,Month-to-month,No,Mailed check,18.0,18.0,2,No
5281-CBHJO,Female,0,No,No,12,Yes,No,Fiber optic,No,Yes,Yes,No,No,No,Month-to-month,No,Electronic check,66.25,766.03,1,No
5282-IJKIN,Male,1,Yes,Yes,72,No,No phone service,DSL,No,Yes,No,No,No,Yes,Two year,No,Credit card (automatic),43.55,3234.25,2,No
5283-EIDBS,Female,0,Yes,No,5,Yes,No,Fiber optic,No,Yes,Yes,No,Yes,Yes,One year,No,Electronic check,52.16,215.67,0,No
5284-AUALK,Female,0,No,No,25,Yes,No,No,No internet service,No internet service,No internet service,No internet service,No internet service,No internet service,One year,No,Credit card (automatic),40.06,1014.69,0,No
5285-ANKGB,Female,0,No,No,6,Yes,Yes,No,No internet service,No internet service,No internet service,No internet service,No internet service,No internet service,Month-to-month,Yes,Mailed check,18.0,117.54,2,No
5286-OHVTY,Female,0,No,No,48,Yes,Yes,DSL,Yes,Yes,No,No,No,No,Month-to-month,No,Mailed check,58.63,2873.07,0,No
5287-OZHJS,Female,0,Yes,No,26,Yes,No,Fiber optic,No,No,Yes,No,Yes,No,Month-to-month,Yes,Credit card (automatic),70.53,1858.73,0,Yes
5288-CTNII,Female,0,No,No,7,Yes,No,Fiber optic,No,No,Yes,Yes,No,No,One year,No,Mailed check,71.45,450.49,2,No
5289-UYFHK,Female,1,Yes,Yes,64,Yes,No,Fiber optic,No,No,No,No,Yes,Yes,One year,Yes,Mailed check,80.48,5166.63,1,No
5290-HLJWD,Female,0,Yes,Yes,49,Yes,No,Fiber optic,No,Yes,No,No,No,No,Two year,Yes,Electronic check,59.37,2916.71,0,Yes
5291-PTFIW,Male,0,No,No,72,Yes,Yes,Fiber optic,Yes,No,Yes,Yes,No,Yes,One year,Yes,Bank transfer (automatic),75.57,5417.23,0,No
5292-EUXFQ,Female,0,Yes,No,1,Yes,Yes,Fiber optic,Yes,Yes,No,No,Yes,No,Month-to-month,No,Mailed check,62.88,26.94,0,Yes
5293-QYXVM,Male,0,Yes,No,19,Yes,No,DSL,No,Yes,No,No,No,Yes,Two year,Yes,Mailed check,45.54,875.84,1,No
5294-QNBZS,Male,0,No,No,72,Yes,No,Fiber optic,Yes,No,No,No,Yes,Yes,Two year,Yes,Electronic check,77.7,5574.02,1,Yes
5295-ZCBBV,Female,1,Yes,Yes,53,No,No phone service,No,No internet service,No internet service,No internet service,No internet service,No internet service,No internet service,Month-to-month,Yes,Electronic check,19.68,1051.78,1,Yes
5296-GDQFG,Male,0,No,Yes,56,Yes,No,DSL,No,No,No,No,No,No,Month-to-month,Yes,Electronic check,29.58,1668.65,1,No
5297-TFITZ,Female,0,No,Yes,31,Yes,No,Fiber optic,No,No,Yes,No,Yes,No,One year,Yes,Credit card (automatic),59.57,1868.71,2,Yes
5298-DZESJ,Male,0,No,No,39,Yes,Yes,DSL,No,No,Yes,Yes,Yes,No,Two year,Yes,Bank transfer (automatic),26.38,982.35,4,No
5299-ROYAE,Female,0,No,Yes,52,No,No phone service,Fiber optic,No,No,No,No,No,Yes,One year,Yes,Mailed check,76.89,3983.99,1,No
5300-EHVVV,Male,0,No,No,3,Yes,No,No,No internet service,No internet service,No internet service,No internet service,No internet service,No internet service,Two year,Yes,Electronic check,38.28,68.71,1,No
5301-TOQSM,Female,0,No,No,37,Yes,Yes,Fiber optic,No,No,No,No,Yes,No,Month-to-month,No,Electronic check,74.06,2693.83,1,Yes
5302-ZVUJQ,Male,0,No,Yes,54,Yes,No,Fiber optic,Yes,No,No,Yes,Yes,No,Month-to-month,Yes,Electronic check,65.03,3548.98,1,Yes
5303-ERQDV,Female,1,No,No,1,Yes,Yes,Fiber optic,Yes,No,Yes,Yes,No,No,One year,Yes,Mailed check,72.32,91.63,1,No
5304-GYEHH,Female,1,Yes,No,11,Yes,Yes,DSL,No,Yes,No,No,No,No,Month-to-month,Yes,Electronic check,45.56,571.47,1,Yes
5305-KISSI,Male,0,No,No,12,Yes,Yes,Fiber optic,Yes,Yes,Yes,Yes,No,No,Month-to-month,No,Credit card (automatic),74.48,821.55,2,No
5306-WTQPG,Male,0,No,No,61,Yes,No,Fiber optic,Yes,Yes,No,Yes,No,No,Month-to-month,No,Mailed check,59.58,3618.26,1,No
5307-ZVCUS,Male,0,No,Yes,48,Yes,Yes,No,No internet service,No internet service,No internet service,No internet service,No internet service,No internet service,Two year,Yes,Credit card (automatic),20.43,957.37,1,No
5308-HEZZF,Male,0,No,No,34,No,No phone service,Fiber optic,Yes,No,Yes,No,Yes,Yes,Two year,No,Electronic check,66.25,2333.33,0,No
5309-BXYSM,Female,0,No,No,52,Yes,Yes,Fiber optic,Yes,Yes,No,Yes,Yes,Yes,Month-to-month,Yes,Electronic check,70.46,3627.37,1,No
5310-FFBZX,Male,0,No,No,19,Yes,Yes,No,No internet service,No internet service,No internet service,No internet service,No internet service,No internet service,Two year,No,Credit card (automatic),20.97,376.14,1,No
5311-EKKXN,Male,0,No,No,66,Yes,No,No,No internet service,No internet service,No internet service,No internet service,No internet service,No internet service,Month-to-month,Yes,Bank transfer (automatic),34.67,2352.57,1,No
5312-MHOLC,Female,0,Yes,No,8,No,No phone service,Fiber optic,No,Yes,No,No,No,No,Two year,No,Bank transfer (automatic),68.08,628.19,0,No
5313-UWEFB,Female,0,No,No,39,Yes,Yes,Fiber optic,No,Yes,Yes,No,Yes,Yes,Month-to-month,Yes,Mailed check,88.12,3330.02,0,No
5314-HEVQZ,Female,1,Yes,Yes,8,Yes,No,No,No internet service,No internet service,No internet service,No internet service,No internet service,No internet service,Month-to-month,Yes,Mailed check,23.53,205.84,0,No
5315-BKDKI,Male,0,No,No,1,Yes,Yes,DSL,Yes,No,Yes,No,No,No,Month-to-month,Yes,Electronic check,61.51,18.0,1,No
5316-FXBZO,Male,0,No,No,10,Yes,No,DSL,Yes,Yes,Yes,No,Yes,Yes,Month-to-month,Yes,Electronic check,22.73,285.28,1,Yes
5317-ELMQD,Male,0,No,No,21,Yes,No,DSL,Yes,No,Yes,Yes,No,No,Month-to-month,Yes,Electronic check,50.78,1107.84,0,Yes
5318-JAKPK,Male,0,No,No,59,Yes,Yes,DSL,No,No,No,No,No,Yes,Two year,Yes,Mailed check,54.62,3191.33,3,No
5319-IBGSR,Female,0,No,No,22,Yes,Yes,Fiber optic,No,Yes,No,No,No,No,Two year,No,Electronic check,62.25,1332.84,0,No
5320-TGWIL,Male,0,Yes,No,6,Yes,No,No,No internet service,No internet service,No internet service,No internet service,No internet service,No internet service,Month-to-month,Yes,Bank transfer (automatic),25.56,131.11,1,Yes
5321-CWVZP,Male,0,No,Yes,72,Yes,No,DSL,No,Yes,No,No,No,No,Month-to-month,Yes,Bank transfer (automatic),47.92,3460.03,0,No
5322-GWZEY,Female,1,Yes,Yes,10,Yes,No,No,No internet service,No internet service,No internet service,No internet service,No internet service,No internet service,Month-to-month,Yes,Bank transfer (automatic),32.71,261.15,1,No
5323-WGSQP,Female,0,Yes,No,72,Yes,No,Fiber optic,No,No,No,No,Yes,Yes,Month-to-month,Yes,Credit card (automatic),56.5,4037.05,4,No
5324-UXUZS,Female,0,Yes,Yes,72,Yes,No,Fiber optic,No,No,Yes,Yes,Yes,Yes,Month-to-month,Yes,Bank transfer (automatic),64.71,4693.74,2,No
5325-YRSDZ,Male,0,No,No,25,Yes,Yes,Fiber optic,No,No,Yes,No,No,No,Two year,No,Mailed check,73.85,1825.82,1,No
5326-ADDIH,Male,0,No,No,3,Yes,Yes,Fiber optic,Yes,No,Yes,Yes,No,No,Two year,Yes,Mailed check,70.88,217.02,3,Yes
5327-BWFWK,Female,1,Yes,Yes,38,Yes,No,DSL,No,Yes,No,No,No,Yes,Two year,No,Electronic check,47.73,1762.4,0,No
5328-DNUVI,Male,0,Yes,No,59,Yes,No,DSL,No,No,Yes,No,No,Yes,Month-to-month,Yes,Mailed check,45.41,2672.62,5,Yes
5329-BYZAD,Male,0,No,No,18,Yes,Yes,No,No internet service,No internet service,No internet service,No internet service,No internet service,No internet service,Two year,No,Bank transfer (automatic),18.0,321.54,3,No
5330-LEIVD,Female,0,Yes,Yes,8,Yes,No,DSL,No,Yes,No,No,No,Yes,One year,No,Electronic check,38.85,326.36,2,No
5331-PBPPU,Female,0,Yes,Yes,51,Yes,No,DSL,No,No,Yes,No,No,No,Month-to-month,Yes,Credit card (automatic),37.44,1937.29,2,No
5332-XXVKA,Female,0,No,No,25,Yes,Yes,Fiber optic,No,Yes,Yes,No,Yes,No,Month-to-month,No,Mailed check,68.64,1681.59,2,Yes
5333-OXDRQ,Male,0,Yes,No,7,Yes,Yes,No,No internet service,No internet service,No internet service,No internet service,No internet service,No internet service,Two year,Yes,Mailed check,18.0,199.65,0,No
5334-GRMTT,Male,0,Yes,No,72,Yes,Yes,Fiber optic,No,No,No,Yes,No,Yes,Two year,Yes,Electronic check,77.27,5488.6,1,No
5335-JABQV,Male,0,Yes,No,72,Yes,Yes,Fiber optic,Yes,No,No,No,Yes,No,Two year,Yes,Electronic check,64.91,4643.16,1,No
5336-CQLXL,Female,0,No,No,14,Yes,No,Fiber optic,No,Yes,No,No,Yes,No,Two year,No,Credit card (automatic),60.6,763.36,2,No
5337-TJGJR,Male,0,No,Yes,2,Yes,Yes,No,No internet service,No internet service,No internet service,No internet service,No internet service,No internet service,Two year,No,Mailed check,18.74,69.92,1,No
5338-VFGQL,Male,1,No,No,31,No,No phone service,DSL,No,Yes,Yes,No,Yes,Yes,Month-to-month,No,Credit card (automatic),50.72,1554.92,4,No
5339-QRNKB,Female,0,No,No,12,Yes,No,DSL,Yes,No,No,Yes,No,No,One year,Yes,Bank transfer (automatic),45.76,522.89,1,No
5340-UAKBP,Male,0,Yes,Yes,2,Yes,No,DSL,No,Yes,Yes,No,No,No,Month-to-month,No,Credit card (automatic),50.92,83.97,3,Yes
5341-VCTAU,Male,0,Yes,Yes,71,Yes,No,DSL,No,No,No,Yes,No,No,Two year,No,Bank transfer (automatic),40.3,2787.31,1,No
5342-THSZA,Female,0,Yes,No,72,Yes,No,DSL,No,Yes,No,Yes,Yes,No,Two year,Yes,Bank transfer (automatic),51.92,3684.15,3,No
5343-ZEAKU,Female,0,No,No,13,Yes,No,Fiber optic,No,No,No,No,Yes,No,Two year,Yes,Credit card (automatic),77.55,1084.8,2,Yes
5344-IEBMR,Female,0,No,No,43,No,No phone service,No,No internet service,No internet service,No internet service,No internet service,No internet service,No internet service,Month-to-month,Yes,Bank transfer (automatic),27.33,1204.14,2,Yes
5345-ZYLNE,Female,1,No,No,2,Yes,Yes,Fiber optic,No,No,Yes,No,Yes,No,Month-to-month,Yes,Electronic check,55.7,132.56,2,Yes
5346-XJTBD,Female,0,Yes,No,14,Yes,Yes,DSL,No,No,No,No,No,Yes,Month-to-month,Yes,Bank transfer (automatic),44.66,675.22,1,No
5347-LKDKI,Male,0,Yes,Yes,3,Yes,Yes,Fiber optic,No,No,No,No,No,No,Month-to-month,No,Electronic check,61.37,184.34,0,Yes
5348-JFOJV,Female,0,Yes,No,1,No,No phone service,Fiber optic,No,No,Yes,No,Yes,No,Two year,No,Mailed check,70.23,71.41,4,No
5349-UFAUV,Female,0,No,Yes,28,No,No phone service,No,No internet service,No internet service,No internet service,No internet service,No internet service,No internet service,Month-to-month,Yes,Credit card (automatic),28.34,725.45,1,No
5350-XTUDW,Female,0,Yes,No,51,Yes,No,No,No internet service,No internet service,No internet service,No internet service,No internet service,No internet service,Month-to-month,Yes,Credit card (automatic),18.0,860.66,2,No
5351-ZVNTV,Male,1,No,No,19,Yes,Yes,Fiber optic,No,Yes,No,No,No,No,Two year,No,Mailed check,73.13,1441.68,1,No
5352-THKOS,Male,0,Yes,No,23,Yes,No,Fiber optic,Yes,No,Yes,No,Yes,No,Two year,Yes,Credit card (automatic),72.6,1605.55,1,No
5353-HMRVX,Female,0,No,No,10,Yes,Yes,Fiber optic,No,Yes,No,Yes,No,Yes,One year,No,Mailed check,71.66,669.36,3,Yes
5354-QFYOM,Male,0,Yes,Yes,42,Yes,No,No,No internet service,No internet service,No internet service,No internet service,No internet service,No internet service,Month-to-month,No,Electronic check,18.0,693.02,3,Yes
5355-ZZRKM,Male,0,Yes,No,14,Yes,Yes,DSL,No,No,No,No,No,Yes,One year,Yes,Electronic check,44.09,616.92,2,No
5356-AREFA,Male,0,Yes,No,2,Yes,No,DSL,No,Yes,No,No,Yes,No,Month-to-month,Yes,Electronic check,53.68,101.16,3,No
5357-GDIOF,Female,0,Yes,Yes,5,Yes,No,Fiber optic,No,No,Yes,Yes,No,Yes,Month-to-month,Yes,Bank transfer (automatic),68.36,331.76,4,No
5358-YQTRV,Male,0,Yes,Yes,4,Yes,Yes,Fiber optic,No,No,No,No,Yes,No,Two year,No,Mailed check,69.74,154.55,0,No
5359-DINCA,Male,0,No,No,18,No,No phone service,DSL,Yes,No,Yes,No,No,Yes,Month-to-month,Yes,Electronic check,51.36,918.32,2,No
5360-KALYI,Female,0,Yes,No,2,Yes,Yes,Fiber optic,No,Yes,No,No,No,No,One year,Yes,Mailed check,82.94,184.69,2,Yes
5361-EORIM,Female,0,Yes,No,52,Yes,No,DSL,Yes,No,No,No,Yes,No,One year,Yes,Credit card (automatic),51.77,2713.07,1,No
5362-MXMJJ,Male,0,No,No,72,Yes,No,Fiber optic,No,No,No,Yes,Yes,No,Month-to-month,Yes,Electronic check,80.77,5768.33,3,Yes
5363-VGVET,Female,0,No,No,9,No,No phone service,Fiber optic,Yes,No,No,Yes,Yes,Yes,Month-to-month,Yes,Bank transfer (automatic),65.86,649.81,1,Yes
5364-GTJJZ,Female,0,Yes,No,21,Yes,Yes,Fiber optic,No,No,No,Yes,No,Yes,Month-to-month,Yes,Electronic check,70.73,1495.4,0,No
5365-YUXMO,Female,0,No,Yes,23,Yes,Yes,Fiber optic,No,No,No,No,No,Yes,Two year,No,Credit card (automatic),71.19,1624.25,2,No
5366-FTLSK,Female,0,No,No,72,No,No phone service,No,No internet service,No internet service,No internet service,No internet service,No internet service,No internet service,Month-to-month,Yes,Mailed check,30.14,2218.75,1,No
5367-FABWO,Male,0,Yes,Yes,2,Yes,No,DSL,Yes,Yes,No,No,No,No,Two year,No,Electronic check,37.63,52.52,1,No
5368-DEOKJ,Female,0,No,Yes,35,Yes,No,Fiber optic,No,No,No,No,No,No,Month-to-month,Yes,Credit card (automatic),67.32,2400.17,4,No
5369-QBTXJ,Female,1,Yes,No,13,Yes,No,Fiber optic,No,No,Yes,No,Yes,Yes,One year,Yes,Electronic check,80.67,1039.51,2,Yes
5370-TCSEC,Male,0,Yes,Yes,22,Yes,Yes,DSL,No,No,Yes,Yes,No,Yes,One year,Yes,Mailed check,48.55,996.62,5,No
5371-HELNG,Female,0,No,No,7,No,No phone service,DSL,No,No,No,No,Yes,No,Month-to-month,Yes,Electronic check,39.58,271.73,4,Yes
5372-KHEHL,Male,1,Yes,No,5,Yes,No,DSL,No,Yes,Yes,No,No,Yes,Two year,Yes,Credit card (automatic),63.82,381.68,1,Yes
5373-OSPNG,Female,0,Yes,Yes,8,Yes,Yes,Fiber optic,No,No,Yes,Yes,No,No,Month-to-month,Yes,Mailed check,60.04,446.26,0,No
5374-HGRXF,Male,0,No,No,2,Yes,Yes,DSL,Yes,Yes,No,No,No,Yes,Two year,Yes,Electronic check,45.09,87.5,0,No
5375-ZSDWC,Female,0,No,No,10,Yes,No,DSL,No,Yes,No,No,No,No,One year,No,Credit card (automatic),57.02,564.73,3,No
5376-QVSOZ,Female,0,No,No,37,Yes,Yes,Fiber optic,No,No,No,No,No,No,Two year,Yes,Credit card (automatic),86.46,3150.33,2,No
5377-FZLSF,Male,0,No,No,33,Yes,No,Fiber optic,No,Yes,No,No,Yes,No,Two year,Yes,Electronic check,77.56,2513.16,1,No
5378-KTTJZ,Male,0,No,No,25,Yes,Yes,DSL,Yes,Yes,Yes,No,No,No,Month-to-month,Yes,Bank transfer (automatic),46.3,1155.71,1,No
5379-PRNDL,Male,0,No,Yes,1,Yes,No,No,No internet service,No internet service,No internet service,No internet service,No internet service,No internet service,One year,Yes,Mailed check,29.34,39.39,1,No
5380-TWUHG,Male,0,Yes,Yes,4,Yes,Yes,DSL,Yes,No,No,Yes,No,Yes,One year,Yes,Credit card (automatic),41.34,126.7,0,No
5381-ZIXYQ,Male,0,Yes,No,59,Yes,No,DSL,No,Yes,No,Yes,Yes,No,One year,Yes,Mailed check,30.77,1900.88,1,No
5382-JCUYH,Female,0,Yes,No,10,Yes,No,DSL,Yes,No,No,No,No,No,Month-to-month,No,Electronic check,48.82,503.32,0,No
5383-NZGPR,Male,0,Yes,No,72,No,No phone service,DSL,No,No,No,No,No,Yes,Two year,Yes,Credit card (automatic),43.57,3086.3,3,No
5384-KFTUN,Female,0,Yes,No,66,Yes,No,DSL,No,Yes,Yes,No,No,No,Month-to-month,Yes,Mailed check,44.18,2965.48,2,No
5385-UMDTT,Male,0,No,Yes,5,Yes,Yes,Fiber optic,No,No,No,No,No,No,Month-to-month,Yes,Bank transfer (automatic),60.59,343.4,3,No
5386-KRALR,Male,1,Yes,Yes,72,Yes,Yes,No,No internet service,No internet service,No internet service,No internet service,No internet service,No internet service,One year,No,Electronic check,20.03,1534.93,1,No
5387-GLAVD,Female,0,Yes,No,31,Yes,Yes,Fiber optic,No,No,No,No,No,No,Month-to-month,Yes,Credit card (automatic),73.12,2265.46,0,No
5388-ROCGF,Female,0,No,No,31,Yes,No,DSL,Yes,No,No,No,Yes,Yes,Month-to-month,Yes,Credit card (automatic),64.05,1977.55,1,Yes
5389-OOFHH,Female,0,No,Yes,61,No,No phone service,No,No internet service,No internet service,No internet service,No internet service,No internet service,No internet service,Two year,Yes,Electronic check,18.0,1125.91,1,No
5390-VAZMW,Female,0,No,No,16,Yes,No,DSL,No,Yes,No,No,Yes,Yes,One year,No,Electronic check,50.48,820.94,2,No
5391-XUMKD,Male,0,No,No,42,Yes,No,Fiber optic,No,No,Yes,Yes,No,Yes,Month-to-month,Yes,Electronic check,65.65,2742.13,1,No
5392-GLMVL,Female,0,No,No,35,Yes,Yes,DSL,No,No,No,No,No,Yes,Two year,No,Mailed check,19.77,672.09,0,No
5393-PFNSP,Male,0,No,No,47,Yes,No,Fiber optic,No,No,No,Yes,No,No,Month-to-month,No,Electronic check,63.02,2946.65,6,No
5394-ZDEIX,Male,0,No,No,34,Yes,No,Fiber optic,Yes,No,No,No,No,No,One year,No,Electronic check,87.8,2994.92,3,No
5395-CVJQS,Male,0,No,Yes,2,Yes,No,Fiber optic,No,No,No,Yes,No,No,Two year,No,Bank transfer (automatic),62.66,115.81,0,Yes
5396-JLWGR,Female,0,No,Yes,11,No,No phone service,Fiber optic,No,No,Yes,Yes,Yes,No,One year,Yes,Mailed check,71.64,689.08,4,No
5397-SOGLV,Female,0,No,Yes,72,Yes,Yes,No,No internet service,No internet service,No internet service,No internet service,No internet service,No internet service,Month-to-month,No,Bank transfer (automatic),41.42,2998.36,3,No
5398-GJYXV,Female,0,No,Yes,8,Yes,No,DSL,Yes,Yes,No,No,No,No,One year,Yes,Bank transfer (automatic),55.2,504.56,0,No
5399-TJYWE,Female,0,Yes,No,20,Yes,Yes,Fiber optic,No,Yes,Yes,No,No,Yes,One year,No,Mailed check,72.68,1417.34,1,No
5400-RIPGY,Female,0,No,Yes,14,No,No phone service,DSL,No,Yes,Yes,Yes,No,No,Month-to-month,Yes,Bank transfer (automatic),45.98,645.75,2,Yes
5401-YJEGE,Female,0,No,No,2,Yes,Yes,Fiber optic,No,No,Yes,No,No,No,Month-to-month,No,Credit card (automatic),83.88,152.67,2,Yes
5402-OSJHX,Male,0,No,No,6,Yes,No,DSL,No,No,Yes,No,Yes,No,One year,Yes,Bank transfer (automatic),44.31,287.11,2,No
5403-IKVBC,Female,1,Yes,No,10,Yes,Yes,No,No internet service,No internet service,No internet service,No internet service,No internet service,No internet service,Month-to-month,No,Credit card (automatic),27.51,318.51,5,No
5404-MKJOF,Male,0,Yes,No,19,Yes,Yes,Fiber optic,No,No,Yes,No,Yes,No,Month-to-month,Yes,Credit card (automatic),61.38,1219.38,0,No
5405-ANRXK,Male,0,Yes,No,66,Yes,No,Fiber optic,No,Yes,No,No,Yes,No,Month-to-month,No,Mailed check,65.18,4275.3,3,No
5406-HVCNB,Female,0,No,No,23,Yes,No,No,No internet service,No internet service,No internet service,No internet service,No internet service,No internet service,Month-to-month,Yes,Electronic check,27.03,639.54,2,Yes
5407-PFANJ,Female,0,No,No,33,Yes,No,Fiber optic,Yes,Yes,No,No,No,Yes,Month-to-month,Yes,Bank transfer (automatic),59.05,2037.0,1,No
5408-FIGYB,Female,0,Yes,Yes,17,Yes,Yes,No,No internet service,No internet service,No internet service,No internet service,No internet service,No internet service,Two year,Yes,Electronic check,18.0,281.61,0,Yes
5409-KNEIG,Female,1,No,Yes,65,Yes,No,Fiber optic,Yes,No,Yes,No,Yes,Yes,Month-to-month,Yes,Bank transfer (automatic),72.16,4688.47,2,No
5410-YNPVP,Male,0,Yes,No,34,Yes,Yes,DSL,No,Yes,No,Yes,Yes,Yes,Month-to-month,No,Mailed check,32.94,1108.96,2,No
5411-GJUFQ,Female,1,Yes,No,3,Yes,No,Fiber optic,No,No,No,Yes,Yes,Yes,One year,No,Bank transfer (automatic),69.24,258.13,2,No
5412-ABNDI,Female,0,No,No,20,Yes,No,No,No internet service,No internet service,No internet service,No internet service,No internet service,No internet service,Month-to-month,Yes,Electronic check,18.0,330.5,1,Yes
5413-WFQUK,Male,0,No,No,56,Yes,Yes,DSL,Yes,No,Yes,No,No,No,Month-to-month,No,Mailed check,39.61,2352.11,2,No
5414-DUIPC,Male,0,No,No,42,Yes,No,No,No internet service,No internet service,No internet service,No internet service,No internet service,No internet service,Two year,Yes,Credit card (automatic),31.29,1353.22,3,No
5415-DXCMS,Female,0,Yes,No,72,No,No phone service,DSL,No,No,Yes,No,No,Yes,Month-to-month,Yes,Electronic check,44.65,3213.07,2,No
5416-YUZAW,Male,1,No,No,8,Yes,Yes,Fiber optic,No,No,No,No,Yes,Yes,Two year,No,Mailed check,56.91,538.67,2,No
5417-WFVCC,Female,0,No,Yes,72,Yes,No,DSL,No,Yes,No,No,No,No,One year,No,Bank transfer (automatic),44.96,3168.12,0,No
5418-PJYQG,Female,1,Yes,No,10,Yes,Yes,Fiber optic,No,No,No,No,No,No,Two year,No,Bank transfer (automatic),78.46,726.75,4,Yes
5419-MKJGX,Male,0,No,No,1,Yes,Yes,Fiber optic,No,No,No,No,No,No,One year,Yes,Electronic check,73.85,61.98,2,No
5420-FXAQY,Male,1,No,No,21,Yes,No,DSL,No,No,No,No,Yes,No,Month-to-month,No,Bank transfer (automatic),54.87,1149.34,3,Yes
5421-LDCFZ,Female,0,Yes,No,3,No,No phone service,DSL,Yes,No,Yes,Yes,No,No,One year,Yes,Mailed check,44.47,124.83,0,No
5422-PMIZK,Female,0,No,No,36,Yes,No,Fiber optic,No,No,Yes,Yes,No,Yes,Month-to-month,No,Credit card (automatic),66.09,2417.42,2,No
5423-TYUMW,Female,0,Yes,No,72,Yes,No,No,No internet service,No internet service,No internet service,No internet service,No internet service,No internet service,One year,No,Bank transfer (automatic),22.76,1598.44,4,No
5424-SCLSH,Male,0,No,Yes,72,Yes,Yes,DSL,No,No,Yes,No,Yes,No,One year,No,Mailed check,51.52,3741.33,2,No
5425-NVIYX,Male,0,No,No,29,Yes,Yes,DSL,No,Yes,No,Yes,Yes,No,One year,Yes,Credit card (automatic),43.27,1262.32,4,No
5426-QFDDS,Female,0,Yes,No,24,Yes,No,DSL,No,Yes,No,No,Yes,No,One year,Yes,Bank transfer (automatic),51.58,1282.59,1,No
5427-LYBQO,Female,0,No,Yes,72,Yes,Yes,DSL,No,Yes,No,No,No,Yes,Month-to-month,No,Mailed check,43.91,3187.63,0,No
5428-JCTDV,Male,0,No,No,27,Yes,Yes,Fiber optic,No,Yes,No,No,No,No,Two year,Yes,Electronic check,60.71,1595.33,1,No
5429-AARDW,Female,0,No,No,72,Yes,Yes,No,No internet service,No internet service,No internet service,No internet service,No internet service,No internet service,One year,No,Electronic check,18.21,1370.89,4,No
5430-VOYWU,Male,0,Yes,Yes,72,Yes,Yes,Fiber optic,No,No,Yes,No,Yes,Yes,Month-to-month,Yes,Electronic check,72.28,5207.64,4,Yes
5431-VJYQY,Female,0,No,No,10,Yes,Yes,DSL,No,No,Yes,No,Yes,No,Two year,Yes,Credit card (automatic),44.62,412.13,1,No
5432-VLTLP,Male,0,No,No,1,Yes,No,Fiber optic,No,No,Yes,No,Yes,No,Month-to-month,No,Electronic check,61.29,127.06,0,Yes
5433-EPQWO,Female,0,Yes,No,18,Yes,Yes,DSL,Yes,Yes,Yes,Yes,No,Yes,One year,Yes,Credit card (automatic),40.98,657.18,0,No
5434-MHUBH,Female,0,Yes,No,63,Yes,No,DSL,No,Yes,Yes,Yes,No,No,One year,Yes,Bank transfer (automatic),34.73,2103.3,3,No
5435-JGJYD,Female,1,No,No,57,Yes,Yes,Fiber optic,No,Yes,No,No,No,No,Month-to-month,Yes,Electronic check,71.66,4091.32,2,No
5436-KIDCK,Male,0,No,Yes,29,Yes,No,DSL,Yes,No,No,Yes,No,Yes,Month-to-month,No,Credit card (automatic),52.55,1503.92,0,No
5437-CZRZS,Female,0,Yes,Yes,5,Yes,No,Fiber optic,No,Yes,Yes,No,Yes,No,Two year,Yes,Credit card (automatic),73.43,444.69,1,No
5438-NXKXB,Female,0,No,No,3,Yes,No,DSL,No,Yes,No,No,No,No,One year,Yes,Mailed check,29.32,106.2,2,Yes
5439-BBJWO,Female,0,Yes,No,72,Yes,No,No,No internet service,No internet service,No internet service,No internet service,No internet service,No internet service,Month-to-month,Yes,Mailed check,21.36,1519.04,1,No
5440-VLKQR,Female,0,Yes,Yes,17,Yes,No,DSL,Yes,Yes,No,No,No,No,Month-to-month,Yes,Credit card (automatic),35.26,592.41,3,No
5441-NQOLP,Female,0,No,Yes,33,No,No phone service,Fiber optic,No,No,Yes,No,Yes,No,Month-to-month,Yes,Mailed check,54.7,1869.85,3,No
5442-WFBBP,Female,0,No,No,72,No,No phone service,DSL,No,No,Yes,No,No,Yes,One year,No,Mailed check,64.14,4628.23,2,No
5443-BHGAD,Male,0,Yes,Yes,65,Yes,No,DSL,No,No,Yes,No,No,Yes,One year,No,Credit card (automatic),49.77,3256.37,1,No
5444-KTGRD,Male,0,No,No,26,No,No phone service,Fiber optic,Yes,No,Yes,No,Yes,No,Month-to-month,No,Electronic check,59.48,1570.46,2,No
5445-QKKTK,Female,0,No,No,21,No,No phone service,No,No internet service,No internet service,No internet service,No internet service,No internet service,No internet service,Two year,Yes,Credit card (automatic),21.43,533.14,1,No
5446-ONQBR,Female,0,No,No,42,Yes,No,Fiber optic,No,Yes,No,No,Yes,No,One year,Yes,Credit card (automatic),72.85,3080.73,2,No
5447-PLJPC,Male,0,No,No,13,No,No phone service,No,No internet service,No internet service,No internet service,No internet service,No internet service,No internet service,One year,No,Electronic check,18.0,224.05,2,Yes
5448-HVVYX,Male,0,Yes,Yes,31,Yes,No,DSL,No,No,Yes,No,Yes,Yes,One year,Yes,Bank transfer (automatic),48.31,1485.3,0,No
5449-BVANY,Female,0,No,No,1,Yes,Yes,DSL,No,No,No,No,Yes,No,One year,Yes,Electronic check,48.69,45.04,3,Yes
5450-DDICE,Male,1,Yes,Yes,55,No,No phone service,DSL,No,No,No,No,Yes,Yes,Two year,Yes,Mailed check,29.95,1667.2,1,No
5451-AVSAJ,Female,0,No,No,72,Yes,No,Fiber optic,Yes,No,No,No,No,No,Two year,No,Bank transfer (automatic),48.48,3453.88,0,No
5452-VLJBP,Female,1,Yes,No,72,Yes,Yes,No,No internet service,No internet service,No internet service,No internet service,No internet service,No internet service,Month-to-month,Yes,Bank transfer (automatic),18.0,1287.5,1,No
5453-HNOPK,Male,1,Yes,No,14,No,No phone service,Fiber optic,Yes,Yes,No,No,No,Yes,Month-to-month,No,Bank transfer (automatic),63.03,981.98,1,No
5454-LBDCI,Female,0,Yes,No,24,Yes,No,Fiber optic,No,No,Yes,No,No,No,One year,No,Mailed check,75.66,1783.44,2,Yes
5455-RSGDF,Female,0,No,Yes,8,Yes,No,No,No internet service,No internet service,No internet service,No internet service,No internet service,No internet service,Two year,Yes,Bank transfer (automatic),31.97,219.23,2,No
5456-SAPKV,Female,0,Yes,No,11,Yes,No,Fiber optic,No,No,No,No,Yes,Yes,Month-to-month,Yes,Mailed check,74.29,886.11,0,No
5457-DRWZE,Female,0,No,No,19,Yes,Yes,Fiber optic,Yes,Yes,No,No,No,Yes,Two year,Yes,Electronic check,62.33,1181.73,2,No
5458-VFYBL,Male,0,No,No,43,Yes,No,DSL,No,No,No,Yes,No,Yes,One year,Yes,Electronic check,41.33,1807.08,4,No
5459-VITLM,Male,0,Yes,Yes,1,Yes,Yes,Fiber optic,Yes,No,Yes,No,No,No,Month-to-month,Yes,Bank transfer (automatic),57.07,163.54,0,No
5460-VWQET,Male,0,Yes,No,16,Yes,Yes,Fiber optic,No,No,No,Yes,No,Yes,Month-to-month,Yes,Mailed check,67.82,1076.24,2,Yes
5461-MMJOO,Female,0,No,No,26,Yes,No,No,No internet service,No internet service,No internet service,No internet service,No internet service,No internet service,Month-to-month,Yes,Mailed check,19.41,522.4,1,Yes
5462-RRBWK,Male,0,Yes,No,7,Yes,No,Fiber optic,No,No,No,No,Yes,No,Month-to-month,No,Mailed check,89.08,583.67,4,Yes
5463-MKDOV,Male,0,Yes,No,2,Yes,No,DSL,No,No,No,No,No,No,One year,Yes,Credit card (automatic),39.2,65.54,2,Yes
5464-WYKRP,Male,0,Yes,No,24,Yes,No,DSL,No,Yes,No,No,No,No,Two year,Yes,Bank transfer (automatic),52.11,1246.93,0,No
5465-JLMIU,Female,0,Yes,No,32,Yes,No,Fiber optic,No,No,No,Yes,No,No,Month-to-month,No,Bank transfer (automatic),72.59,2228.12,3,No
5466-MFFKS,Female,0,Yes,Yes,32,Yes,No,No,No internet service,No internet service,No internet service,No internet service,No internet service,No internet service,Two year,Yes,Bank transfer (automatic),18.0,627.65,4,No
5467-KJWOM,Female,0,No,No,14,Yes,No,Fiber optic,No,No,No,No,Yes,Yes,Month-to-month,Yes,Bank transfer (automatic),67.97,980.74,1,Yes
5468-WHEBP,Female,0,No,No,8,No,No phone service,DSL,No,No,No,No,No,No,Month-to-month,Yes,Electronic check,35.22,295.9,3,Yes
5469-MSIOF,Female,0,No,Yes,7,Yes,Yes,DSL,No,Yes,Yes,Yes,No,Yes,One year,Yes,Electronic check,60.55,454.26,1,No
5470-HXNEQ,Male,1,Yes,No,1,Yes,Yes,No,No internet service,No internet service,No internet service,No internet service,No internet service,No internet service,Month-to-month,Yes,Bank transfer (automatic),24.34,18.0,0,No
5471-VGIPR,Male,0,No,No,6,Yes,Yes,DSL,No,Yes,No,No,No,No,Month-to-month,Yes,Electronic check,33.9,238.25,0,Yes
5472-MRJAU,Male,0,Yes,No,54,No,No phone service,DSL,No,Yes,No,Yes,No,Yes,Two year,No,Electronic check,53.98,2851.42,4,No
5473-RSBDK,Female,0,No,No,1,No,No phone service,Fiber optic,No,No,No,No,No,Yes,Month-to-month,Yes,Electronic check,81.09,49.41,2,Yes
5474-CIJBG,Male,0,No,No,1,Yes,Yes,DSL,Yes,Yes,No,No,No,Yes,Two year,Yes,Mailed check,58.37,90.5,6,No
5475-OSJXT,Male,0,Yes,No,4,Yes,No,DSL,No,Yes,Yes,No,No,No,Month-to-month,No,Electronic check,49.62,134.0,3,No
5476-NDYKC,Female,0,Yes,No,17,Yes,No,DSL,Yes,No,No,No,Yes,No,Month-to-month,Yes,Electronic check,45.08,777.33,1,Yes
5477-WQGZK,Female,0,Yes,No,12,Yes,No,No,No internet service,No internet service,No internet service,No internet service,No internet service,No internet service,Two year,No,Electronic check,22.45,370.07,1,No
5478-RNNFI,Female,0,Yes,No,6,No,No phone service,DSL,No,Yes,No,Yes,Yes,No,Month-to-month,No,Electronic check,45.82,259.9,2,No
5479-VCQLD,Female,1,No,No,3,Yes,Yes,No,No internet service,No internet service,No internet service,No internet service,No internet service,No internet service,One year,Yes,Mailed check,24.12,115.05,1,No
5480-TPXJZ,Male,0,Yes,No,72,Yes,Yes,DSL,Yes,Yes,No,Yes,No,Yes,Month-to-month,No,Bank transfer (automatic),34.84,2409.47,1,No
5481-GJGWR,Female,0,No,No,72,Yes,Yes,No,No internet service,No internet service,No internet service,No internet service,No internet service,No internet service,Month-to-month,Yes,Bank transfer (automatic),30.49,2270.5,1,No
5482-IVRQK,Female,0,Yes,No,47,Yes,No,No,No internet service,No internet service,No internet service,No internet service,No internet service,No internet service,Two year,Yes,Bank transfer (automatic),18.0,836.45,1,No
5483-AQDDN,Female,1,No,No,9,Yes,No,Fiber optic,No,Yes,No,Yes,No,Yes,Two year,No,Electronic check,79.79,696.77,0,No
5484-IMPAC,Male,0,Yes,No,12,Yes,Yes,Fiber optic,No,Yes,Yes,No,No,No,One year,No,Bank transfer (automatic),66.32,766.92,2,No
5485-SHRFT,Male,0,Yes,No,35,Yes,Yes,DSL,No,No,No,Yes,No,Yes,Month-to-month,Yes,Bank transfer (automatic),51.47,1705.72,1,No
5486-ZFELI,Male,0,No,No,11,Yes,No,Fiber optic,Yes,Yes,No,Yes,No,No,Month-to-month,Yes,Mailed check,83.75,927.78,2,No
5487-IQSQV,Male,0,No,Yes,24,Yes,No,Fiber optic,No,No,No,No,No,No,Month-to-month,No,Bank transfer (automatic),74.45,1712.58,1,Yes
5488-PLCNQ,Male,0,No,No,33,Yes,No,No,No internet service,No internet service,No internet service,No internet service,No internet service,No internet service,One year,Yes,Bank transfer (automatic),26.54,797.26,5,No
5489-VPULX,Female,0,No,No,23,Yes,Yes,Fiber optic,Yes,No,No,No,Yes,Yes,Two year,No,Mailed check,76.42,1714.87,0,No
5490-BHLUP,Female,0,No,Yes,17,Yes,No,DSL,No,Yes,No,No,No,No,Month-to-month,Yes,Credit card (automatic),39.72,696.01,6,No
5491-HPJTO,Female,1,No,No,13,Yes,No,DSL,No,No,Yes,Yes,No,No,Month-to-month,Yes,Electronic check,32.97,350.45,3,No
5492-DZODK,Male,0,Yes,No,48,No,No phone service,No,No internet service,No internet service,No internet service,No internet service,No internet service,No internet service,Month-to-month,Yes,Electronic check,37.68,1760.99,1,No
5493-FDIIC,Female,0,Yes,Yes,42,Yes,Yes,DSL,Yes,No,No,Yes,No,No,Month-to-month,Yes,Electronic check,46.26,2010.05,5,No
5494-WEOIB,Male,0,No,Yes,38,Yes,Yes,Fiber optic,No,No,No,Yes,No,Yes,Month-to-month,No,Bank transfer (automatic),81.75,3102.26,2,No
5495-CZULP,Male,0,No,Yes,15,Yes,No,Fiber optic,No,No,No,No,Yes,No,One year,Yes,Credit card (automatic),81.92,1272.52,1,Yes
5496-EJONN,Female,0,No,Yes,47,Yes,No,DSL,No,No,No,No,Yes,No,Month-to-month,Yes,Credit card (automatic),35.64,1676.67,4,No
5497-WMPHH,Female,1,Yes,No,72,No,No phone service,Fiber optic,No,Yes,Yes,No,No,Yes,Two year,Yes,Credit card (automatic),57.48,4172.1,2,No
5498-QQCAQ,Female,0,No,No,37,Yes,No,No,No internet service,No internet service,No internet service,No internet service,No internet service,No internet service,Month-to-month,Yes,Credit card (automatic),23.12,874.68,3,No
5499-ZXPQY,Female,0,No,No,16,Yes,No,No,No internet service,No internet service,No internet service,No internet service,No internet service,No internet service,Month-to-month,Yes,Credit card (automatic),18.0,312.66,1,No
5500-BYNGY,Male,0,No,No,50,Yes,No,Fiber optic,No,Yes,No,Yes,No,Yes,Month-to-month,Yes,Mailed check,60.29,3075.87,2,No
5501-SAQJF,Male,0,Yes,No,30,Yes,No,Fiber optic,No,No,No,Yes,No,Yes,Two year,Yes,Bank transfer (automatic),45.42,1300.56,2,No
5502-GYFEB,Male,0,No,No,67,Yes,Yes,Fiber optic,Yes,No,Yes,Yes,No,Yes,Two year,No,Electronic check,75.85,5122.39,3,No
5503-RXQXZ,Female,0,No,No,39,Yes,Yes,DSL,Yes,No,No,No,No,No,One year,Yes,Electronic check,41.67,1639.83,0,No
5504-WGUSG,Male,1,No,No,47,Yes,No,Fiber optic,No,No,No,No,No,Yes,Month-to-month,Yes,Credit card (automatic),90.29,4178.93,1,Yes
5505-WGPLO,Female,1,No,No,35,Yes,Yes,No,No internet service,No internet service,No internet service,No internet service,No internet service,No internet service,Two year,No,Mailed check,26.34,912.2,2,No
5506-OKBCS,Male,0,No,Yes,3,Yes,Yes,DSL,No,Yes,Yes,No,No,Yes,One year,Yes,Mailed check,47.88,127.35,1,No
5507-TYZOP,Female,0,Yes,No,21,Yes,No,No,No internet service,No internet service,No internet service,No internet service,No internet service,No internet service,Month-to-month,No,Electronic check,19.58,370.79,1,No
5508-AOLGG,Male,0,No,Yes,1,Yes,No,No,No internet service,No internet service,No internet service,No internet service,No internet service,No internet service,Month-to-month,No,Electronic check,18.0,28.78,0,Yes
5509-KTKQC,Female,1,No,No,18,Yes,No,DSL,No,Yes,No,No,No,No,Month-to-month,Yes,Bank transfer (automatic),58.41,1080.05,0,No
5510-PEBWZ,Female,0,Yes,Yes,40,Yes,No,No,No internet service,No internet service,No internet service,No internet service,No internet service,No internet service,Two year,Yes,Credit card (automatic),30.54,1333.0,2,No
5511-ZGJEO,Male,0,Yes,No,17,Yes,Yes,Fiber optic,No,Yes,No,Yes,Yes,Yes,Month-to-month,Yes,Mailed check,72.02,1224.2,1,No
5512-LJVQT,Female,0,Yes,No,1,Yes,Yes,Fiber optic,No,No,No,Yes,No,No,Two year,Yes,Bank transfer (automatic),48.58,18.0,1,Yes
5513-TKHOB,Male,0,No,No,14,Yes,No,Fiber optic,No,No,Yes,No,Yes,Yes,Month-to-month,Yes,Bank transfer (automatic),78.14,1121.39,1,Yes
5514-QWFUM,Female,0,No,Yes,2,Yes,Yes,Fiber optic,Yes,No,No,No,Yes,No,One year,Yes,Mailed check,35.09,155.48,0,No
5515-HKOMR,Male,0,Yes,Yes,48,Yes,Yes,No,No internet service,No internet service,No internet service,No internet service,No internet service,No internet service,Two year,No,Mailed check,18.0,796.96,3,No
5516-RYQVM,Female,0,No,No,49,Yes,No,DSL,Yes,Yes,Yes,Yes,No,Yes,Two year,Yes,Bank transfer (automatic),49.75,2399.69,0,No
5517-CUXGL,Male,0,No,Yes,52,No,No phone service,Fiber optic,No,No,No,No,Yes,Yes,Month-to-month,Yes,Mailed check,65.4,3352.3,3,No
5518-DXZKN,Male,0,No,No,1,Yes,No,Fiber optic,Yes,Yes,No,Yes,No,No,Month-to-month,No,Electronic check,79.83,18.0,4,No
5519-RGEPK,Male,0,No,No,1,Yes,No,DSL,Yes,Yes,Yes,No,Yes,Yes,Month-to-month,Yes,Electronic check,40.44,69.88,1,Yes
5520-VCPKJ,Male,0,No,Yes,72,Yes,Yes,No,No internet service,No internet service,No internet service,No internet service,No internet service,No internet service,Two year,Yes,Electronic check,18.0,1257.86,2,No
5521-WWBPQ,Female,0,Yes,Yes,4,Yes,No,No,No internet service,No internet service,No internet service,No internet service,No internet service,No internet service,Month-to-month,No,Mailed check,18.0,69.49,4,No
5522-JRLHZ,Female,0,No,No,35,Yes,No,Fiber optic,No,No,No,Yes,Yes,No,Two year,Yes,Credit card (automatic),56.17,2009.01,0,No
5523-CTXCF,Male,0,No,No,50,Yes,Yes,DSL,No,No,No,No,No,No,Two year,No,Mailed check,56.75,2779.22,1,No
5524-BCQID,Male,0,Yes,Yes,19,Yes,No,No,No internet service,No internet service,No internet service,No internet service,No internet service,No internet service,Month-to-month,Yes,Bank transfer (automatic),28.27,504.84,0,Yes
5525-VWBXI,Female,0,No,No,25,Yes,Yes,No,No internet service,No internet service,No internet service,No internet service,No internet service,No internet service,Month-to-month,No,Credit card (automatic),19.04,439.24,2,No
5526-NZKBU,Male,0,Yes,No,8,Yes,No,DSL,No,No,No,No,No,Yes,One year,No,Credit card (automatic),33.57,157.89,3,No
5527-BEGVD,Male,0,No,No,72,Yes,No,Fiber optic,Yes,Yes,No,No,Yes,No,Month-to-month,Yes,Credit card (automatic),63.98,4578.82,1,Yes
5528-NBWLJ,Male,0,No,No,11,No,No phone service,DSL,No,No,No,No,No,No,One year,Yes,Electronic check,30.0,241.19,0,No
5529-YASWP,Female,1,No,Yes,7,Yes,No,DSL,No,Yes,No,Yes,No,No,Month-to-month,Yes,Electronic check,45.58,328.63,4,Yes
5530-ONIUW,Male,0,No,Yes,23,Yes,No,DSL,No,Yes,No,No,Yes,Yes,Month-to-month,Yes,Bank transfer (automatic),53.15,1254.35,0,No
5531-OZGDU,Female,1,No,No,6,Yes,No,Fiber optic,No,No,No,Yes,No,Yes,One year,Yes,Bank transfer (automatic),61.98,298.6,1,Yes
5532-RHLOO,Female,0,No,No,37,Yes,No,No,No internet service,No internet service,No internet service,No internet service,No internet service,No internet service,Month-to-month,No,Credit card (automatic),18.0,747.92,3,No
5533-QBLCG,Female,0,No,No,23,Yes,No,DSL,No,Yes,Yes,No,No,No,Two year,Yes,Bank transfer (automatic),41.84,1016.04,1,No
5534-FNWED,Male,1,No,No,5,Yes,No,Fiber optic,No,No,No,No,No,Yes,Month-to-month,Yes,Bank transfer (automatic),60.71,298.76,2,Yes
5535-OGCMJ,Male,0,No,No,2,Yes,No,No,No internet service,No internet service,No internet service,No internet service,No internet service,No internet service,Two year,Yes,Bank transfer (automatic),18.0,18.0,2,No
5536-WBLXV,Male,0,No,No,4,Yes,Yes,Fiber optic,No,No,No,No,No,Yes,Month-to-month,Yes,Bank transfer (automatic),77.96,303.75,0,No
5537-LSSUC,Female,0,Yes,No,4,No,No phone service,No,No internet service,No internet service,No internet service,No internet service,No internet service,No internet service,One year,No,Credit card (automatic),18.0,163.45,1,No
5538-FBXMI,Male,0,No,No,12,Yes,Yes,No,No internet service,No internet service,No internet service,No internet service,No internet service,No internet service,Two year,No,Mailed check,19.86,256.73,1,No
5539-MWNSK,Male,0,Yes,Yes,57,Yes,Yes,Fiber optic,No,Yes,No,No,Yes,No,Month-to-month,Yes,Electronic check,70.76,3981.18,2,No
5540-NPJTP,Female,0,No,No,1,Yes,No,Fiber optic,No,No,No,No,No,Yes,Month-to-month,No,Electronic check,71.57,30.07,0,Yes
5541-ZBYPN,Female,0,Yes,Yes,4,Yes,No,DSL,Yes,Yes,Yes,Yes,No,No,Month-to-month,No,Electronic check,38.37,86.12,1,Yes
5542-URZFG,Female,0,No,No,11,Yes,Yes,Fiber optic,No,No,No,No,No,Yes,Month-to-month,Yes,Credit card (automatic),71.93,710.12,3,No
5543-MBOQM,Male,0,Yes,No,25,Yes,No,Fiber optic,No,Yes,No,No,No,No,Month-to-month,Yes,Bank transfer (automatic),65.77,1668.28,2,Yes
5544-GACTR,Male,0,Yes,No,46,Yes,No,Fiber optic,No,No,Yes,No,No,Yes,One year,No,Mailed check,62.13,2801.71,2,No
5545-GUQLP,Male,1,No,No,72,Yes,Yes,Fiber optic,No,No,Yes,No,No,No,One year,No,Bank transfer (automatic),74.55,5396.5,0,No
5546-XJWPT,Female,0,Yes,Yes,16,Yes,Yes,No,No internet service,No internet service,No internet service,No internet service,No internet service,No internet service,Month-to-month,Yes,Electronic check,18.0,354.13,2,No
5547-ROWKR,Male,0,Yes,No,3,Yes,Yes,No,No internet service,No internet service,No internet service,No internet service,No internet service,No internet service,Month-to-month,Yes,Bank transfer (automatic),28.7,224.58,1,No
5548-FAWGL,Female,0,Yes,Yes,7,Yes,Yes,DSL,Yes,No,No,No,No,No,Month-to-month,Yes,Credit card (automatic),39.04,279.51,1,No
5549-TDJUB,Male,0,No,Yes,10,Yes,No,Fiber optic,No,No,No,Yes,No,No,One year,No,Bank transfer (automatic),68.38,533.92,1,Yes
5550-IJTKY,Male,0,Yes,No,49,Yes,No,No,No internet service,No internet service,No internet service,No internet service,No internet service,No internet service,Month-to-month,No,Credit card (automatic),18.0,938.08,0,Yes
5551-NCYAG,Male,1,No,Yes,37,Yes,Yes,Fiber optic,No,Yes,No,Yes,No,No,One year,Yes,Bank transfer (automatic),63.79,2362.24,4,No
5552-DGPJO,Male,0,No,Yes,7,Yes,Yes,No,No internet service,No internet service,No internet service,No internet service,No internet service,No internet service,Month-to-month,No,Mailed check,18.0,102.8,1,No
5553-PFDDX,Male,0,Yes,Yes,58,No,No phone service,Fiber optic,Yes,Yes,No,No,Yes,No,One year,Yes,Bank transfer (automatic),78.09,4533.52,3,No
5554-WDVVQ,Female,1,Yes,No,62,Yes,No,Fiber optic,No,Yes,No,Yes,No,Yes,Two year,No,Electronic check,54.95,3367.62,0,No
5555-MBTFV,Female,1,No,No,68,Yes,Yes,DSL,Yes,No,No,Yes,No,Yes,Two year,Yes,Credit card (automatic),53.99,3729.94,0,No
5556-AHRUD,Male,0,No,Yes,10,Yes,No,DSL,No,Yes,No,Yes,Yes,No,Month-to-month,Yes,Bank transfer (automatic),52.79,527.3,0,Yes
5557-EEOJH,Male,0,Yes,No,4,Yes,No,No,No internet service,No internet service,No internet service,No internet service,No internet service,No internet service,One year,No,Mailed check,18.0,99.74,1,Yes
5558-ZGLYK,Female,0,Yes,No,3,No,No phone service,Fiber optic,No,No,No,Yes,Yes,No,Month-to-month,Yes,Credit card (automatic),59.91,174.3,1,No
5559-MOQVV,Male,0,Yes,No,16,No,No phone service,Fiber optic,No,No,Yes,No,No,Yes,Month-to-month,No,Electronic check,63.3,1045.06,2,No
5560-RHFKZ,Female,0,No,No,17,Yes,Yes,Fiber optic,No,No,Yes,Yes,No,No,Month-to-month,Yes,Mailed check,62.0,1051.0,1,Yes
5561-IZEGV,Male,0,No,No,64,Yes,No,Fiber optic,No,No,No,No,No,No,Two year,Yes,Bank transfer (automatic),69.61,4419.47,0,No
5562-OUVDS,Male,0,Yes,No,9,Yes,Yes,Fiber optic,No,No,Yes,No,No,No,Month-to-month,No,Bank transfer (automatic),64.69,620.74,3,Yes
5563-MAAVN,Female,0,Yes,No,31,Yes,No,No,No internet service,No internet service,No internet service,No internet service,No internet service,No internet service,One year,Yes,Electronic check,20.36,720.62,0,No
5564-IXLRI,Female,0,Yes,Yes,49,Yes,Yes,No,No internet service,No internet service,No internet service,No internet service,No internet service,No internet service,Month-to-month,No,Electronic check,18.0,880.74,3,No
5565-HNITY,Male,1,No,Yes,10,Yes,No,No,No internet service,No internet service,No internet service,No internet service,No internet service,No internet service,Month-to-month,No,Credit card (automatic),32.11,417.63,1,No
5566-BAMYJ,Female,0,No,No,9,Yes,Yes,Fiber optic,Yes,Yes,Yes,Yes,Yes,No,Month-to-month,No,Electronic check,76.79,762.8,2,No
5567-HGXLQ,Female,0,No,No,35,Yes,No,Fiber optic,No,No,Yes,No,No,Yes,Month-to-month,Yes,Mailed check,62.66,2205.74,2,No
5568-YLPJY,Male,0,Yes,No,41,Yes,No,DSL,No,Yes,No,No,Yes,Yes,Month-to-month,Yes,Credit card (automatic),50.09,2131.92,1,No
5569-LKYNV,Male,1,No,No,72,No,No phone service,DSL,Yes,Yes,No,Yes,Yes,No,One year,No,Bank transfer (automatic),36.3,2575.04,4,No
5570-TMBTG,Male,1,Yes,No,60,Yes,No,DSL,No,Yes,No,No,Yes,Yes,One year,Yes,Mailed check,34.68,2180.54,1,No
5571-AYCTL,Male,0,No,No,55,Yes,No,Fiber optic,No,No,No,No,No,Yes,Month-to-month,No,Bank transfer (automatic),74.25,4052.1,2,Yes
5572-ELCTE,Female,0,Yes,Yes,37,Yes,No,DSL,No,Yes,Yes,No,No,No,Month-to-month,Yes,Electronic check,56.28,1925.23,1,No
5573-APIJJ,Male,1,No,No,4,Yes,Yes,No,No internet service,No internet service,No internet service,No internet service,No internet service,No internet service,Month-to-month,No,Bank transfer (automatic),26.57,110.8,4,No
5574-MPTYD,Male,1,Yes,No,53,Yes,No,Fiber optic,No,No,No,Yes,No,No,Month-to-month,Yes,Electronic check,75.06,4003.93,0,No
5575-NQEMY,Female,0,No,No,72,No,No phone service,DSL,No,No,No,No,No,No,One year,Yes,Electronic check,58.56,4224.19,1,No
5576-CEPSS,Female,0,Yes,No,15,Yes,Yes,DSL,Yes,No,No,No,No,No,Month-to-month,Yes,Electronic check,48.49,705.4,0,Yes
5577-QRRYW,Male,0,Yes,Yes,12,Yes,No,Fiber optic,No,No,No,No,Yes,Yes,Month-to-month,Yes,Electronic check,68.39,805.77,0,No
5578-HRISJ,Male,0,Yes,No,23,Yes,Yes,No,No internet service,No internet service,No internet service,No internet service,No internet service,No internet service,Month-to-month,Yes,Electronic check,21.1,425.05,3,Yes
5579-BQYXM,Female,1,No,Yes,72,Yes,Yes,No,No internet service,No internet service,No internet service,No internet service,No internet service,No internet service,Two year,Yes,Bank transfer (automatic),18.0,1261.69,3,No
5580-KPTGC,Male,0,Yes,No,1,Yes,Yes,Fiber optic,Yes,No,No,No,No,No,Two year,Yes,Mailed check,68.51,134.28,0,No
5581-PSTPB,Female,0,Yes,No,39,Yes,Yes,DSL,No,No,Yes,No,No,No,Month-to-month,Yes,Electronic check,54.48,2181.4,5,Yes
5582-NZTJS,Female,0,Yes,No,53,Yes,Yes,No,No internet service,No internet service,No internet service,No internet service,No internet service,No internet service,Two year,No,Bank transfer (automatic),18.0,963.26,2,No
5583-XKRKI,Female,0,Yes,No,49,Yes,Yes,No,No internet service,No internet service,No internet service,No internet service,No internet service,No internet service,Month-to-month,Yes,Electronic check,27.56,1310.44,2,No
5584-STJZC,Male,0,Yes,No,26,Yes,No,No,No internet service,No internet service,No internet service,No internet service,No internet service,No internet service,Month-to-month,No,Credit card (automatic),40.97,1038.5,1,No
5585-CXHFT,Male,0,Yes,No,72,Yes,No,DSL,No,No,No,No,Yes,No,Month-to-month,Yes,Credit card (automatic),32.39,2341.24,1,No
5586-ATXFB,Female,0,Yes,Yes,4,Yes,Yes,Fiber optic,No,No,Yes,No,Yes,No,Two year,Yes,Mailed check,58.46,213.99,1,No
5587-SGKKD,Male,1,Yes,No,8,Yes,No,No,No internet service,No internet service,No internet service,No internet service,No internet service,No internet service,Two year,No,Mailed check,36.24,303.22,0,No
5588-TPEXG,Female,0,No,No,11,Yes,Yes,DSL,Yes,No,No,No,Yes,Yes,Two year,Yes,Electronic check,67.55,770.25,1,No
5589-YPOEA,Male,0,Yes,No,1,Yes,No,Fiber optic,Yes,No,Yes,No,Yes,Yes,Two year,Yes,Electronic check,61.98,88.21,2,No
5590-TVVIZ,Male,0,No,Yes,14,Yes,No,DSL,No,No,No,No,Yes,Yes,Month-to-month,Yes,Credit card (automatic),41.03,566.26,0,No
5591-UEVFC,Female,0,Yes,No,5,No,No phone service,DSL,No,No,No,No,No,Yes,Month-to-month,No,Mailed check,54.72,189.72,2,No
5592-FHFPP,Male,0,No,No,41,Yes,No,Fiber optic,Yes,No,No,No,No,Yes,Two year,No,Electronic check,85.51,3522.23,1,No
5593-UCQUF,Male,0,Yes,No,17,No,No phone service,No,No internet service,No internet service,No internet service,No internet service,No internet service,No internet service,Month-to-month,Yes,Mailed check,23.57,387.31,2,Yes
5594-FVSTO,Male,0,No,Yes,39,Yes,Yes,DSL,No,Yes,No,Yes,No,Yes,Month-to-month,No,Electronic check,46.5,1766.43,1,No
5595-SBHGH,Female,0,No,Yes,11,Yes,Yes,No,No internet service,No internet service,No internet service,No internet service,No internet service,No internet service,Month-to-month,No,Mailed check,18.0,193.4,2,No
5596-MVOLO,Male,0,Yes,No,4,Yes,No,Fiber optic,No,Yes,Yes,Yes,Yes,No,Month-to-month,Yes,Electronic check,64.83,320.94,2,Yes
5597-NGQZE,Female,0,Yes,No,4,Yes,No,Fiber optic,No,No,Yes,No,No,Yes,Month-to-month,Yes,Mailed check,63.22,238.27,0,No
5598-TJSRY,Male,0,Yes,No,7,Yes,No,Fiber optic,No,No,No,No,Yes,Yes,One year,No,Electronic check,68.93,468.01,0,No
5599-XJBFC,Male,0,Yes,Yes,3,Yes,No,Fiber optic,No,No,No,No,No,No,Month-to-month,Yes,Mailed check,80.71,241.0,2,No
5600-SEGGJ,Male,0,Yes,Yes,7,Yes,Yes,No,No internet service,No internet service,No internet service,No internet service,No internet service,No internet service,Month-to-month,Yes,Bank transfer (automatic),25.62,122.22,3,No
5601-AKWGF,Female,0,No,No,27,Yes,No,DSL,Yes,No,No,No,No,Yes,One year,Yes,Electronic check,42.72,1185.58,2,No
5602-FMPMB,Female,0,Yes,Yes,9,Yes,No,Fiber optic,Yes,Yes,No,No,Yes,No,Two year,Yes,Electronic check,59.37,596.07,2,No
5603-SSSRY,Female,0,Yes,No,13,Yes,No,DSL,No,No,No,Yes,No,Yes,Month-to-month,Yes,Bank transfer (automatic),49.1,617.16,0,No
5604-FBSZF,Male,0,No,No,1,Yes,No,DSL,Yes,No,No,No,No,No,Month-to-month,Yes,Mailed check,39.11,35.54,0,No
5605-TWVOF,Male,0,No,No,71,Yes,No,Fiber optic,No,No,No,Yes,No,No,One year,Yes,Mailed check,79.64,5590.9,1,No
5606-CKHYV,Male,0,Yes,No,4,Yes,No,DSL,No,Yes,Yes,No,No,No,One year,Yes,Electronic check,46.1,140.49,4,No
5607-RQSSX,Female,0,No,Yes,13,Yes,Yes,DSL,No,Yes,Yes,No,No,No,Month-to-month,Yes,Mailed check,56.23,703.43,2,No
5608-UQDGE,Male,0,No,No,15,Yes,No,DSL,No,Yes,No,No,No,No,Month-to-month,No,Mailed check,56.03,771.69,0,Yes
5609-ZPFNZ,Male,0,Yes,No,47,No,No phone service,DSL,No,No,Yes,No,Yes,No,One year,No,Electronic check,55.06,2642.84,0,No
5610-TBYRR,Female,0,Yes,No,21,Yes,Yes,Fiber optic,Yes,No,Yes,No,Yes,No,Two year,Yes,Credit card (automatic),77.47,1669.37,1,No
5611-MRQML,Male,0,Yes,No,15,Yes,Yes,Fiber optic,Yes,No,No,No,No,Yes,Month-to-month,Yes,Mailed check,62.38,957.99,2,Yes
5612-CVGAE,Female,0,Yes,Yes,38,Yes,Yes,Fiber optic,No,No,Yes,No,No,Yes,Month-to-month,Yes,Electronic check,64.09,2375.41,2,Yes
5613-UADZA,Male,0,Yes,No,29,Yes,No,Fiber optic,No,Yes,Yes,No,No,No,One year,No,Credit card (automatic),67.21,1893.16,3,No
5614-MNOQL,Male,1,Yes,Yes,2,Yes,Yes,DSL,No,No,No,No,No,No,One year,Yes,Mailed check,42.15,46.71,2,No
5615-GWSWC,Male,0,No,No,11,Yes,No,No,No internet service,No internet service,No internet service,No internet service,No internet service,No internet service,Two year,No,Bank transfer (automatic),18.0,182.67,1,No
5616-RZDZC,Male,0,No,No,72,Yes,Yes,DSL,No,Yes,Yes,Yes,Yes,No,Month-to-month,No,Mailed check,51.86,3787.33,3,No
5617-LWLQF,Male,1,No,No,21,Yes,Yes,Fiber optic,No,Yes,Yes,No,Yes,Yes,Two year,No,Bank transfer (automatic),85.16,1865.47,2,No
5618-OBHNE,Female,0,No,Yes,17,Yes,No,DSL,No,No,No,No,No,Yes,Month-to-month,Yes,Electronic check,37.56,657.25,4,Yes
5619-CJGKO,Male,0,No,Yes,5,Yes,No,DSL,No,No,No,No,Yes,No,Month-to-month,Yes,Mailed check,51.76,216.71,1,No
5620-BEKHM,Male,0,No,No,58,Yes,No,Fiber optic,Yes,No,Yes,No,No,No,Two year,Yes,Mailed check,77.42,4552.7,1,No
5621-KQOAS,Female,0,No,Yes,4,Yes,Yes,DSL,Yes,No,Yes,No,No,No,Month-to-month,Yes,Mailed check,38.95,109.16,2,No
5622-PSMWV,Female,0,Yes,No,3,Yes,No,Fiber optic,No,No,No,No,No,No,Two year,Yes,Bank transfer (automatic),63.64,147.3,4,No
5623-WDKRR,Female,0,Yes,No,18,Yes,No,Fiber optic,No,No,Yes,No,No,Yes,Month-to-month,Yes,Bank transfer (automatic),75.54,1338.25,2,Yes
5624-JQMYN,Male,1,No,No,18,Yes,No,No,No internet service,No internet service,No internet service,No internet service,No internet service,No internet service,Two year,Yes,Mailed check,18.0,363.65,2,No
5625-GJCBS,Female,0,Yes,Yes,72,Yes,No,Fiber optic,No,No,Yes,Yes,Yes,No,Month-to-month,No,Bank transfer (automatic),80.63,5817.35,1,No
5626-GECYB,Female,1,Yes,Yes,4,Yes,No,DSL,No,No,No,Yes,Yes,No,Month-to-month,Yes,Electronic check,44.09,207.43,0,Yes
5627-WZVFN,Female,0,Yes,No,21,Yes,Yes,Fiber optic,No,No,No,Yes,No,No,One year,Yes,Electronic check,80.54,1561.96,0,Yes
5628-GVBKU,Female,0,No,No,7,Yes,No,Fiber optic,No,No,Yes,No,No,Yes,Month-to-month,No,Electronic check,89.65,625.79,5,Yes
5629-CIHZK,Male,1,Yes,No,38,Yes,Yes,DSL,No,No,No,No,No,Yes,Month-to-month,Yes,Electronic check,48.31,1801.85,1,No
5630-RAODD,Female,0,Yes,No,15,Yes,No,DSL,No,No,No,Yes,Yes,No,Two year,No,Electronic check,47.13,760.88,2,No
5631-JKRWO,Female,0,Yes,No,33,Yes,Yes,Fiber optic,No,No,No,No,Yes,No,One year,Yes,Mailed check,57.6,1960.06,1,No
5632-CGGQV,Male,0,No,Yes,13,Yes,No,Fiber optic,Yes,Yes,No,No,No,Yes,Month-to-month,No,Electronic check,75.91,1041.39,1,Yes
5633-TXPPH,Male,0,Yes,No,26,Yes,No,DSL,No,No,No,No,No,No,Month-to-month,Yes,Bank transfer (automatic),40.11,1074.12,0,No
5634-CTOAJ,Female,1,Yes,No,20,Yes,Yes,No,No internet service,No internet service,No internet service,No internet service,No internet service,No internet service,Two year,Yes,Bank transfer (automatic),18.0,270.95,3,Yes
5635-BGNPO,Male,0,No,No,15,Yes,No,DSL,Yes,No,Yes,No,No,Yes,Month-to-month,No,Mailed check,41.99,677.21,1,No
5636-GMYJI,Female,0,No,No,24,Yes,No,Fiber optic,Yes,Yes,Yes,Yes,No,No,Two year,No,Credit card (automatic),80.38,1998.86,0,No
5637-IFXYL,Male,0,No,Yes,15,Yes,Yes,No,No internet service,No internet service,No internet service,No internet service,No internet service,No internet service,Two year,No,Bank transfer (automatic),18.0,209.98,2,Yes
5638-WTTVN,Male,0,No,No,52,Yes,No,No,No internet service,No internet service,No internet service,No internet service,No internet service,No internet service,Month-to-month,Yes,Credit card (automatic),33.61,1702.33,0,Yes
5639-TGHHH,Female,0,Yes,Yes,21,Yes,Yes,Fiber optic,No,No,Yes,No,No,No,Two year,Yes,Mailed check,86.76,1806.28,1,No
5640-BNJRR,Male,0,No,No,72,Yes,Yes,DSL,No,No,No,Yes,No,Yes,Month-to-month,Yes,Mailed check,60.46,4346.38,1,No
5641-RPTET,Male,0,Yes,Yes,8,Yes,Yes,No,No internet service,No internet service,No internet service,No internet service,No internet service,No internet service,Two year,No,Mailed check,18.0,212.19,1,No
5642-ETWJQ,Female,0,No,No,3,Yes,No,DSL,No,No,Yes,No,Yes,No,Two year,Yes,Mailed check,53.24,202.34,0,Yes
5643-MQRMQ,Female,0,Yes,No,15,Yes,No,No,No internet service,No internet service,No internet service,No internet service,No internet service,No internet service,One year,Yes,Electronic check,29.33,474.43,5,No
5644-OZLJM,Male,0,Yes,No,6,Yes,No,Fiber optic,No,No,No,No,No,Yes,Month-to-month,No,Electronic check,63.5,427.67,0,Yes
5645-KCVJK,Male,0,Yes,Yes,15,Yes,No,No,No internet service,No internet service,No internet service,No internet service,No internet service,No internet service,One year,No,Mailed check,28.67,422.19,3,No
5646-FAFEG,Female,0,Yes,No,7,Yes,No,Fiber optic,No,Yes,No,No,No,Yes,Month-to-month,No,Bank transfer (automatic),67.43,378.58,2,No
5647-VLLGB,Male,1,Yes,No,64,Yes,Yes,No,No internet service,No internet service,No internet service,No internet service,No internet service,No internet service,Month-to-month,No,Credit card (automatic),26.59,1744.13,0,Yes
5648-AWYRL,Female,0,No,No,26,Yes,Yes,Fiber optic,Yes,Yes,No,Yes,Yes,No,Month-to-month,Yes,Credit card (automatic),79.01,2069.78,0,No
5649-GSVCJ,Male,0,No,No,22,Yes,Yes,DSL,Yes,No,No,No,Yes,No,Month-to-month,No,Electronic check,32.36,756.49,0,Yes
5650-KEBHN,Male,0,Yes,No,49,Yes,No,Fiber optic,No,No,Yes,No,No,No,Month-to-month,No,Mailed check,79.11,3942.52,2,No
5651-HWFAX,Female,0,Yes,No,4,Yes,No,Fiber optic,No,No,No,No,No,No,Month-to-month,Yes,Bank transfer (automatic),69.32,180.22,0,Yes
5652-AHKRX,Female,0,No,Yes,62,No,No phone service,Fiber optic,No,No,No,No,No,No,Month-to-month,Yes,Bank transfer (automatic),72.02,4486.76,2,Yes
5653-JLTWP,Male,0,No,No,21,Yes,No,No,No internet service,No internet service,No internet service,No internet service,No internet service,No internet service,Month-to-month,Yes,Credit card (automatic),22.97,462.75,1,Yes
5654-EPXLF,Male,0,Yes,Yes,4,Yes,No,Fiber optic,Yes,No,Yes,No,No,Yes,Month-to-month,No,Mailed check,69.18,365.16,2,No
5655-EASJY,Male,0,No,No,54,Yes,Yes,Fiber optic,Yes,Yes,No,No,No,Yes,Month-to-month,Yes,Mailed check,53.33,2881.84,0,No
5656-NYUCF,Male,1,No,No,19,Yes,Yes,DSL,No,Yes,No,Yes,No,No,Month-to-month,Yes,Mailed check,46.96,889.63,1,No
5657-EQRLE,Female,0,Yes,Yes,29,No,No phone service,No,No internet service,No internet service,No internet service,No internet service,No internet service,No internet service,One year,No,Credit card (automatic),18.0,518.45,4,No
5658-ILTIC,Male,1,Yes,No,71,Yes,Yes,DSL,No,No,No,No,Yes,No,Month-to-month,Yes,Electronic check,64.49,4681.27,0,Yes
5659-AVOJN,Male,0,Yes,No,70,Yes,No,DSL,Yes,No,No,No,Yes,Yes,Two year,Yes,Bank transfer (automatic),37.68,2654.63,1,No
5660-GDZET,Female,0,No,No,71,Yes,Yes,Fiber optic,No,No,Yes,No,No,No,Month-to-month,Yes,Mailed check,88.57,6317.41,3,No
5661-PCQMF,Female,0,Yes,Yes,17,Yes,No,No,No internet service,No internet service,No internet service,No internet service,No internet service,No internet service,Month-to-month,Yes,Electronic check,28.85,563.61,3,No
5662-ZEPKQ,Female,0,Yes,Yes,44,Yes,No,Fiber optic,Yes,Yes,Yes,No,No,Yes,Month-to-month,No,Electronic check,71.64,3176.0,1,No
5663-EFJUA,Male,0,No,No,8,No,No phone service,Fiber optic,Yes,No,No,No,No,No,Month-to-month,Yes,Bank transfer (automatic),64.53,529.18,2,No
5664-UJQCB,Female,1,Yes,No,56,Yes,Yes,Fiber optic,Yes,No,No,No,Yes,Yes,Month-to-month,Yes,Electronic check,72.2,4095.49,2,No
5665-QDBEJ,Female,0,No,No,13,Yes,Yes,DSL,No,Yes,No,No,No,No,Month-to-month,Yes,Credit card (automatic),45.31,607.08,1,No
5666-AZAZD,Male,0,Yes,No,19,No,No phone service,No,No internet service,No internet service,No internet service,No internet service,No internet service,No internet service,Two year,No,Mailed check,18.09,383.52,1,No
5667-GNNRB,Female,0,No,No,71,Yes,Yes,Fiber optic,No,Yes,Yes,No,No,Yes,Month-to-month,Yes,Credit card (automatic),63.66,4435.26,2,No
5668-AUVPV,Female,0,No,No,52,Yes,No,Fiber optic,Yes,No,No,No,No,No,Month-to-month,Yes,Mailed check,67.06,3591.44,2,No
5669-RPWVX,Male,0,No,No,72,Yes,No,Fiber optic,Yes,No,No,No,Yes,No,One year,Yes,Electronic check,81.1,5807.62,0,No
5670-FYJBG,Female,0,Yes,No,14,No,No phone service,DSL,No,Yes,Yes,No,No,Yes,One year,Yes,Electronic check,40.08,532.23,2,No
5671-UQCTL,Male,0,Yes,No,5,Yes,No,Fiber optic,No,No,Yes,No,No,No,Month-to-month,Yes,Bank transfer (automatic),88.33,409.22,1,Yes
5672-BGQSL,Female,0,No,Yes,72,Yes,Yes,No,No internet service,No internet service,No internet service,No internet service,No internet service,No internet service,Month-to-month,No,Electronic check,38.74,2728.46,1,No
5673-INBUD,Female,1,Yes,No,21,No,No phone service,Fiber optic,No,No,No,No,No,No,Month-to-month,No,Bank transfer (automatic),70.27,1538.86,2,No
5674-SUPVQ,Female,0,No,No,70,Yes,No,Fiber optic,No,No,No,No,No,No,Month-to-month,No,Bank transfer (automatic),71.16,4973.96,1,No
5675-BQSHX,Male,0,No,No,42,Yes,No,DSL,No,No,Yes,No,No,Yes,Month-to-month,Yes,Mailed check,29.61,1178.74,0,No
5676-TFLYW,Female,0,No,No,66,Yes,No,No,No internet service,No internet service,No internet service,No internet service,No internet service,No internet service,One year,Yes,Mailed check,18.0,1156.28,1,No
5677-RBSXJ,Female,0,Yes,No,34,Yes,No,DSL,No,Yes,Yes,No,Yes,Yes,Month-to-month,Yes,Credit card (automatic),50.18,1673.31,1,No
5678-YCYLZ,Female,0,No,No,53,Yes,No,DSL,No,No,Yes,No,Yes,No,Month-to-month,Yes,Credit card (automatic),38.95,2129.11,1,Yes
5679-PLHEK,Female,0,No,No,4,Yes,Yes,Fiber optic,No,No,No,No,Yes,Yes,Month-to-month,Yes,Credit card (automatic),46.25,124.07,0,No
5680-JCWIL,Male,1,No,No,72,Yes,No,Fiber optic,No,No,Yes,No,Yes,Yes,One year,Yes,Mailed check,66.42,4764.06,3,No
5681-FSPUW,Female,0,No,No,6,Yes,Yes,No,No internet service,No internet service,No internet service,No internet service,No internet service,No internet service,Month-to-month,Yes,Bank transfer (automatic),21.33,171.17,3,No
5682-XNDRJ,Female,0,Yes,No,1,Yes,Yes,DSL,No,Yes,No,No,Yes,Yes,Two year,Yes,Electronic check,70.67,18.0,1,Yes
5683-RLSHA,Female,1,No,Yes,24,Yes,No,Fiber optic,Yes,No,No,Yes,Yes,No,Two year,Yes,Credit card (automatic),63.4,1466.94,3,No
5684-NWFNB,Female,0,No,No,39,Yes,No,DSL,Yes,No,No,No,Yes,No,Month-to-month,No,Electronic check,42.05,1757.22,1,Yes
5685-ILEBS,Male,0,Yes,Yes,40,Yes,Yes,DSL,Yes,No,Yes,No,No,No,Two year,No,Mailed check,49.16,1950.43,0,No
5686-GGJQZ,Male,0,Yes,No,13,Yes,No,Fiber optic,No,No,No,No,Yes,No,Two year,No,Electronic check,79.49,1151.38,2,No
5687-NKTFH,Male,0,Yes,Yes,44,Yes,Yes,No,No internet service,No internet service,No internet service,No internet service,No internet service,No internet service,Month-to-month,Yes,Mailed check,18.0,773.56,1,No
5688-SSXXX,Female,0,No,Yes,59,Yes,Yes,Fiber optic,Yes,No,No,No,No,No,Two year,Yes,Bank transfer (automatic),76.11,4502.51,4,No
5689-QXXRL,Male,0,No,No,30,Yes,Yes,No,No internet service,No internet service,No internet service,No internet service,No internet service,No internet service,Month-to-month,Yes,Mailed check,18.0,657.55,1,Yes
5690-IWXPR,Male,0,Yes,No,15,Yes,No,No,No internet service,No internet service,No internet service,No internet service,No internet service,No internet service,One year,No,Credit card (automatic),31.23,440.57,0,No
5691-PPDWV,Male,0,No,Yes,30,Yes,Yes,No,No internet service,No internet service,No internet service,No internet service,No internet service,No internet service,One year,No,Bank transfer (automatic),28.6,808.24,2,No
5692-GAXWT,Female,0,No,Yes,63,Yes,Yes,Fiber optic,Yes,Yes,Yes,No,Yes,No,Two year,No,Mailed check,82.28,5172.25,1,No
5693-AHZWH,Female,0,No,No,72,Yes,No,DSL,No,No,No,No,No,Yes,Month-to-month,Yes,Mailed check,52.52,3817.9,1,Yes
5694-JAUYU,Male,0,No,Yes,1,Yes,Yes,Fiber optic,No,Yes,Yes,Yes,No,Yes,Two year,Yes,Mailed check,70.82,94.86,2,No
5695-NNJSY,Female,0,Yes,No,4,Yes,Yes,Fiber optic,No,Yes,No,No,No,No,Month-to-month,No,Credit card (automatic),83.31,354.47,1,Yes
5696-PITPT,Female,1,No,No,1,Yes,Yes,Fiber optic,No,No,No,No,No,No,Month-to-month,Yes,Mailed check,54.08,51.15,0,Yes
5697-HGKUF,Female,0,Yes,No,21,Yes,No,DSL,Yes,Yes,Yes,No,Yes,Yes,Two year,Yes,Bank transfer (automatic),26.92,712.61,0,No
5698-OSNOF,Male,0,No,Yes,18,Yes,No,Fiber optic,No,Yes,No,Yes,No,Yes,Two year,Yes,Mailed check,85.73,1622.64,3,No
5699-XJNPM,Female,1,No,Yes,25,Yes,Yes,Fiber optic,No,No,Yes,No,No,No,Two year,Yes,Bank transfer (automatic),78.17,1925.14,6,No
5700-KYCHC,Female,0,Yes,No,36,Yes,Yes,DSL,Yes,Yes,No,No,No,No,Month-to-month,No,Electronic check,34.33,1260.92,2,No
5701-BUNTU,Male,1,Yes,No,14,Yes,Yes,Fiber optic,No,Yes,No,No,No,Yes,Month-to-month,Yes,Credit card (automatic),77.4,1107.76,3,No
5702-VOCAO,Female,0,Yes,Yes,7,Yes,Yes,Fiber optic,Yes,Yes,Yes,No,No,Yes,Month-to-month,No,Mailed check,85.78,577.98,0,No
5703-TVBRA,Female,1,Yes,Yes,16,Yes,No,Fiber optic,Yes,No,No,Yes,Yes,No,Two year,Yes,Electronic check,93.68,1582.0,1,Yes
5704-ICBDP,Male,0,No,No,1,No,No phone service,No,No internet service,No internet service,No internet service,No internet service,No internet service,No internet service,Two year,Yes,Electronic check,18.0,85.37,1,No
5705-VAIYH,Male,0,No,Yes,56,Yes,Yes,DSL,No,Yes,Yes,No,No,Yes,Month-to-month,No,Credit card (automatic),32.08,1826.02,2,No
5706-FTRPH,Female,1,Yes,Yes,15,Yes,No,Fiber optic,No,No,No,No,Yes,Yes,Month-to-month,Yes,Bank transfer (automatic),78.69,1191.52,0,Yes
5707-WDCOF,Female,0,Yes,No,31,No,No phone service,No,No internet service,No internet service,No internet service,No internet service,No internet service,No internet service,One year,No,Electronic check,22.04,668.99,3,No
5708-ARWKC,Female,0,Yes,No,12,Yes,No,DSL,Yes,Yes,No,No,Yes,Yes,One year,Yes,Mailed check,32.51,340.63,1,No
5709-MQRZZ,Male,0,Yes,No,30,Yes,Yes,DSL,Yes,Yes,No,No,No,No,One year,Yes,Mailed check,37.17,1145.78,0,No
5710-NYGGN,Male,0,Yes,No,24,Yes,Yes,Fiber optic,No,Yes,Yes,No,No,No,Month-to-month,Yes,Mailed check,72.12,1703.79,1,Yes
5711-ZXOLL,Female,0,Yes,No,7,Yes,Yes,DSL,No,No,Yes,Yes,No,No,Two year,No,Mailed check,36.92,290.12,2,No
5712-HPIBN,Female,0,Yes,Yes,31,Yes,Yes,DSL,Yes,No,No,No,No,Yes,Month-to-month,Yes,Bank transfer (automatic),37.13,1102.47,1,No
5713-XXPEE,Female,1,Yes,No,3,Yes,No,No,No internet service,No internet service,No internet service,No internet service,No internet service,No internet service,Two year,No,Credit card (automatic),26.35,18.0,0,No
5714-TURRE,Female,0,Yes,No,20,Yes,No,Fiber optic,No,Yes,Yes,No,Yes,No,Two year,No,Mailed check,73.7,1426.15,4,No
5715-KMCQY,Male,0,No,No,40,Yes,Yes,DSL,Yes,Yes,No,Yes,No,No,Two year,No,Electronic check,45.93,1728.75,1,No
5716-RNLNZ,Female,0,Yes,No,25,Yes,Yes,No,No internet service,No internet service,No internet service,No internet service,No internet service,No internet service,One year,Yes,Electronic check,28.65,806.36,3,No
5717-RTBGO,Male,0,Yes,Yes,43,Yes,No,Fiber optic,Yes,Yes,Yes,No,Yes,Yes,One year,No,Mailed check,86.29,3835.89,2,No
5718-JOQKB,Male,0,No,No,10,Yes,No,Fiber optic,No,No,No,No,Yes,No,Month-to-month,Yes,Electronic check,71.84,668.44,0,No
5719-URYDI,Male,0,No,No,1,Yes,No,Fiber optic,No,Yes,Yes,No,No,Yes,Month-to-month,Yes,Electronic check,36.86,18.0,2,Yes
5720-QQQPT,Female,0,Yes,Yes,1,Yes,No,No,No internet service,No internet service,No internet service,No internet service,No internet service,No internet service,One year,No,Electronic check,18.28,18.0,0,No
5721-YHWOA,Male,1,Yes,No,10,Yes,No,DSL,No,Yes,Yes,Yes,No,No,Month-to-month,No,Electronic check,59.26,581.41,2,No
5722-SYOIE,Male,0,No,No,16,Yes,No,Fiber optic,No,No,No,No,Yes,No,Month-to-month,No,Mailed check,83.25,1391.8,3,Yes
5723-PMPVK,Female,0,No,No,24,No,No phone service,No,No internet service,No internet service,No internet service,No internet service,No internet service,No internet service,Two year,Yes,Bank transfer (automatic),20.23,431.1,1,No
5724-MFZTQ,Female,0,Yes,No,45,Yes,No,DSL,No,Yes,No,No,No,No,Month-to-month,Yes,Mailed check,38.88,1773.61,0,No
5725-EQAEE,Male,0,Yes,No,58,Yes,Yes,No,No internet service,No internet service,No internet service,No internet service,No internet service,No internet service,Month-to-month,Yes,Bank transfer (automatic),18.0,1040.84,3,No
5726-GPRFB,Female,0,No,No,37,Yes,Yes,No,No internet service,No internet service,No internet service,No internet service,No internet service,No internet service,One year,Yes,Bank transfer (automatic),24.1,963.43,0,No
5727-MJUTK,Male,0,No,No,19,Yes,Yes,No,No internet service,No internet service,No internet service,No internet service,No internet service,No internet service,Month-to-month,Yes,Bank transfer (automatic),18.0,384.72,0,No
5728-ZUBHX,Female,0,Yes,No,9,Yes,Yes,No,No internet service,No internet service,No internet service,No internet service,No internet service,No internet service,One year,No,Electronic check,31.84,325.22,0,Yes
5729-VSTQP,Male,0,Yes,Yes,17,Yes,No,Fiber optic,No,No,No,No,No,Yes,Month-to-month,No,Mailed check,75.05,1257.28,2,No
5730-YJENX,Male,0,Yes,No,10,Yes,No,Fiber optic,No,No,No,No,No,No,Two year,No,Electronic check,58.25,581.45,1,No
5731-SDTPX,Female,0,Yes,No,31,Yes,Yes,No,No internet service,No internet service,No internet service,No internet service,No internet service,No internet service,Two year,Yes,Credit card (automatic),18.0,574.06,3,No
5732-OICWI,Female,0,No,No,54,Yes,Yes,DSL,No,No,Yes,No,No,No,Month-to-month,Yes,Credit card (automatic),32.91,1821.95,4,No
5733-RDSXD,Female,0,Yes,No,23,Yes,No,Fiber optic,No,No,No,No,Yes,No,One year,Yes,Mailed check,66.77,1524.33,1,No
5734-IAATS,Male,0,No,Yes,1,Yes,Yes,DSL,No,No,Yes,Yes,No,Yes,One year,Yes,Bank transfer (automatic),42.43,58.02,1,No
5735-CJLRN,Male,0,Yes,No,72,Yes,No,Fiber optic,No,Yes,No,No,No,No,Month-to-month,No,Mailed check,68.63,4955.91,0,No
5736-JJRXA,Female,0,Yes,No,11,Yes,Yes,No,No internet service,No internet service,No internet service,No internet service,No internet service,No internet service,Month-to-month,No,Mailed check,24.31,273.78,0,Yes
5737-OHZCR,Male,0,Yes,No,72,Yes,No,Fiber optic,Yes,No,Yes,No,Yes,No,Month-to-month,No,Credit card (automatic),68.37,4872.99,1,Yes
5738-IPUOE,Female,0,No,Yes,53,Yes,Yes,No,No internet service,No internet service,No internet service,No internet service,No internet service,No internet service,One year,Yes,Electronic check,18.0,1042.24,4,No
5739-MVTGP,Male,0,No,No,17,No,No phone service,Fiber optic,No,Yes,No,No,Yes,No,Two year,Yes,Bank transfer (automatic),69.59,1178.49,1,No
5740-GYVPM,Male,0,No,Yes,1,No,No phone service,Fiber optic,No,No,Yes,No,No,Yes,Month-to-month,Yes,Bank transfer (automatic),64.12,80.0,1,Yes
5741-QILMZ,Female,0,No,No,72,Yes,No,Fiber optic,Yes,No,No,No,No,No,Month-to-month,Yes,Credit card (automatic),62.34,4420.58,1,No
5742-IEGAD,Female,0,Yes,No,34,Yes,Yes,No,No internet service,No internet service,No internet service,No internet service,No internet service,No internet service,Two year,No,Electronic check,18.0,560.48,1,No
5743-ZDPEV,Male,0,No,Yes,9,Yes,No,No,No internet service,No internet service,No internet service,No internet service,No internet service,No internet service,Month-to-month,Yes,Credit card (automatic),27.53,246.86,1,No
5744-DFZWC,Male,0,Yes,Yes,24,Yes,No,No,No internet service,No internet service,No internet service,No internet service,No internet service,No internet service,Month-to-month,Yes,Bank transfer (automatic),18.65,443.95,2,Yes
5745-YHQRR,Male,0,No,Yes,32,Yes,Yes,No,No internet service,No internet service,No internet service,No internet service,No internet service,No internet service,Two year,No,Credit card (automatic),31.1,921.96,0,No
5746-ZYLYY,Male,0,Yes,Yes,8,Yes,No,No,No internet service,No internet service,No internet service,No internet service,No internet service,No internet service,One year,Yes,Mailed check,22.88,139.49,1,No
5747-AWLKM,Female,1,Yes,Yes,3,Yes,Yes,No,No internet service,No internet service,No internet service,No internet service,No internet service,No internet service,One year,No,Bank transfer (automatic),24.66,114.23,0,No
5748-CYHCQ,Female,0,No,Yes,9,No,No phone service,DSL,No,No,Yes,No,No,Yes,One year,No,Electronic check,38.25,340.84,3,No
5749-YMJQC,Female,0,Yes,No,1,Yes,No,DSL,Yes,Yes,No,No,No,No,Two year,No,Mailed check,30.45,79.75,3,No
5750-MVFNJ,Male,1,No,No,2,Yes,No,No,No internet service,No internet service,No internet service,No internet service,No internet service,No internet service,Month-to-month,No,Bank transfer (automatic),18.0,18.0,0,No
5751-TPRMJ,Male,0,No,No,5,Yes,No,Fiber optic,No,No,No,No,Yes,No,Month-to-month,Yes,Electronic check,77.7,333.32,1,Yes
5752-FJEFG,Male,0,Yes,No,5,Yes,Yes,No,No internet service,No internet service,No internet service,No internet service,No internet service,No internet service,Month-to-month,Yes,Credit card (automatic),26.89,66.68,0,No
5753-KPYLL,Male,0,Yes,No,9,Yes,No,Fiber optic,Yes,No,Yes,No,No,No,Month-to-month,Yes,Bank transfer (automatic),88.24,708.27,2,Yes
5754-WTZEP,Female,0,No,No,72,Yes,Yes,DSL,No,No,No,Yes,No,No,One year,Yes,Electronic check,57.8,4140.28,3,No
5755-FIEUW,Female,1,No,No,27,Yes,No,No,No internet service,No internet service,No internet service,No internet service,No internet service,No internet service,Month-to-month,No,Credit card (automatic),18.0,477.28,0,No
5756-PRSLB,Female,1,Yes,Yes,17,Yes,Yes,Fiber optic,No,Yes,Yes,No,No,No,One year,No,Electronic check,87.47,1453.81,3,No
5757-ZJLNR,Male,0,No,Yes,26,Yes,Yes,Fiber optic,No,No,Yes,Yes,Yes,No,Month-to-month,Yes,Mailed check,72.83,1918.7,0,No
5758-SFEPN,Female,0,No,Yes,1,Yes,No,Fiber optic,Yes,No,Yes,No,No,No,Two year,No,Bank transfer (automatic),56.19,22.87,2,No
5759-MUBBL,Female,0,Yes,No,72,Yes,No,Fiber optic,No,Yes,No,No,Yes,No,Month-to-month,Yes,Mailed check,64.42,4599.27,4,No
5760-ASPGU,Female,0,No,No,24,Yes,No,Fiber optic,Yes,No,No,No,Yes,Yes,One year,No,Electronic check,57.02,1320.64,2,No
5761-GPYFR,Female,0,Yes,No,19,Yes,Yes,No,No internet service,No internet service,No internet service,No internet service,No internet service,No internet service,One year,No,Electronic check,29.03,573.91,1,No
5762-AAZYN,Male,0,No,Yes,72,Yes,No,No,No internet service,No internet service,No internet service,No internet service,No internet service,No internet service,One year,Yes,Credit card (automatic),29.63,2119.82,0,No
5763-FFDLR,Male,0,Yes,No,41,Yes,No,DSL,Yes,No,No,No,No,Yes,Month-to-month,Yes,Electronic check,35.78,1474.94,2,No
5764-JCCHV,Female,1,Yes,Yes,13,Yes,No,DSL,No,No,No,Yes,No,Yes,Month-to-month,No,Electronic check,45.36,654.7,2,Yes
5765-WYARO,Female,0,No,Yes,72,Yes,Yes,DSL,No,No,Yes,No,No,Yes,Month-to-month,No,Credit card (automatic),55.48,4106.42,1,No
5766-YUTQY,Female,0,Yes,No,61,Yes,No,Fiber optic,Yes,Yes,Yes,No,Yes,Yes,Month-to-month,Yes,Electronic check,91.94,5484.52,3,No
5767-KMYTY,Female,0,No,Yes,72,Yes,Yes,No,No internet service,No internet service,No internet service,No internet service,No internet service,No internet service,Month-to-month,No,Bank transfer (automatic),33.77,2466.25,0,No
5768-JMQUA,Female,1,No,No,3,Yes,Yes,Fiber optic,No,No,Yes,No,Yes,No,Two year,Yes,Bank transfer (automatic),70.5,145.42,2,No
5769-TPPUC,Male,0,Yes,No,72,Yes,No,DSL,Yes,Yes,No,No,No,No,Month-to-month,Yes,Bank transfer (automatic),63.4,4559.13,0,No
5770-BFKCZ,Female,0,Yes,No,25,Yes,No,No,No internet service,No internet service,No internet service,No internet service,No internet service,No internet service,One year,Yes,Bank transfer (automatic),25.69,573.34,2,No
5771-AKMER,Female,0,No,Yes,35,Yes,No,DSL,No,Yes,No,Yes,No,No,Month-to-month,Yes,Mailed check,39.67,1310.54,2,Yes
5772-OROTT,Female,1,Yes,No,7,No,No phone service,DSL,Yes,No,Yes,Yes,No,Yes,Month-to-month,No,Credit card (automatic),31.06,156.65,3,No
5773-TGQHM,Male,1,No,No,4,Yes,No,DSL,Yes,No,Yes,No,No,Yes,Month-to-month,No,Bank transfer (automatic),53.62,169.24,0,No
5774-ZPYJN,Male,0,Yes,No,2,Yes,Yes,No,No internet service,No internet service,No internet service,No internet service,No internet service,No internet service,Two year,Yes,Mailed check,18.0,18.0,3,No
5775-FTVZG,Male,0,No,No,17,No,No phone service,DSL,No,Yes,No,Yes,Yes,No,Month-to-month,Yes,Mailed check,39.53,631.37,3,Yes
5776-FQUXH,Male,0,Yes,Yes,8,Yes,Yes,DSL,Yes,No,No,No,No,Yes,Month-to-month,Yes,Bank transfer (automatic),41.96,294.7,3,Yes
5777-LZYDJ,Male,0,Yes,No,2,Yes,Yes,No,No internet service,No internet service,No internet service,No internet service,No internet service,No internet service,Month-to-month,No,Electronic check,27.26,85.23,3,Yes
5778-FGUHC,Female,1,Yes,Yes,72,Yes,No,DSL,No,No,Yes,No,Yes,No,Month-to-month,Yes,Bank transfer (automatic),41.42,2927.6,1,Yes
5779-HOUAM,Female,0,Yes,No,42,Yes,Yes,Fiber optic,Yes,Yes,No,Yes,Yes,No,One year,No,Bank transfer (automatic),52.79,2205.49,3,No
5780-VROGO,Male,0,Yes,No,23,Yes,No,DSL,Yes,No,No,Yes,No,Yes,Two year,Yes,Mailed check,45.09,894.18,2,No
5781-YCZNT,Male,0,No,Yes,43,Yes,Yes,Fiber optic,Yes,No,Yes,No,Yes,Yes,Month-to-month,Yes,Mailed check,71.95,3100.0,2,No
5782-DDCEY,Male,0,Yes,No,30,Yes,No,DSL,No,No,Yes,No,Yes,Yes,Month-to-month,Yes,Credit card (automatic),45.85,1396.95,1,Yes
5783-KHZBP,Female,0,Yes,No,6,Yes,Yes,Fiber optic,No,No,Yes,No,No,No,Two year,No,Electronic check,66.89,395.37,1,Yes
5784-YJRGE,Male,0,No,No,32,Yes,No,Fiber optic,No,No,Yes,No,Yes,No,Month-to-month,Yes,Bank transfer (automatic),62.0,1936.42,0,No
5785-GUFXA,Male,0,No,No,36,Yes,Yes,No,No internet service,No internet service,No internet service,No internet service,No internet service,No internet service,Two year,Yes,Electronic check,20.92,788.25,1,No
5786-KMLAU,Male,0,No,No,8,No,No phone service,Fiber optic,No,No,No,Yes,No,Yes,Two year,No,Credit card (automatic),63.22,532.45,2,No
5787-OACZO,Female,0,Yes,No,12,Yes,Yes,No,No internet service,No internet service,No internet service,No internet service,No internet service,No internet service,Two year,No,Credit card (automatic),19.68,277.21,2,No
5788-INWVX,Male,1,No,No,15,Yes,Yes,Fiber optic,Yes,Yes,No,Yes,No,No,Month-to-month,No,Bank transfer (automatic),47.14,720.01,2,No
5789-HVDTT,Female,0,No,No,29,No,No phone service,Fiber optic,No,No,No,No,Yes,Yes,Month-to-month,No,Bank transfer (automatic),78.38,2159.21,2,No
5790-FARFN,Female,0,Yes,No,4,Yes,No,No,No internet service,No internet service,No internet service,No internet service,No internet service,No internet service,Two year,Yes,Mailed check,18.31,104.91,2,Yes
5791-KQIVG,Female,0,No,Yes,43,Yes,No,DSL,Yes,No,No,Yes,Yes,No,Two year,No,Credit card (automatic),22.97,956.31,0,No
5792-NQHPL,Female,0,No,No,13,No,No phone service,DSL,No,Yes,No,No,Yes,No,Month-to-month,No,Electronic check,62.93,817.13,4,Yes
5793-LEENF,Female,0,No,No,37,Yes,Yes,Fiber optic,No,Yes,Yes,Yes,No,Yes,Two year,Yes,Mailed check,74.58,2736.63,2,No
5794-GWUQI,Male,0,No,No,72,Yes,No,Fiber optic,No,Yes,No,No,Yes,Yes,Two year,Yes,Bank transfer (automatic),57.42,4062.77,0,No
5795-VMIPD,Female,1,No,No,65,Yes,No,Fiber optic,Yes,No,Yes,No,No,No,Month-to-month,Yes,Bank transfer (automatic),64.3,4131.06,2,Yes
5796-BMMSL,Female,0,Yes,Yes,42,Yes,No,Fiber optic,No,Yes,No,No,Yes,No,Month-to-month,No,Mailed check,53.65,2329.34,1,No
5797-DJPXS,Female,0,Yes,No,6,Yes,No,No,No internet service,No internet service,No internet service,No internet service,No internet service,No internet service,Month-to-month,No,Electronic check,18.0,66.44,1,No
5798-HFDGN,Male,0,No,No,42,Yes,No,DSL,No,Yes,Yes,Yes,No,Yes,Month-to-month,No,Bank transfer (automatic),44.52,1961.95,3,No
5799-MUEIC,Female,0,No,No,32,Yes,No,Fiber optic,No,Yes,No,No,No,No,One year,No,Bank transfer (automatic),70.23,2272.74,2,No
5800-JOTUQ,Female,0,No,No,47,Yes,No,DSL,No,No,No,No,No,Yes,One year,Yes,Mailed check,38.03,1852.61,2,No
5801-WXFYC,Female,1,No,Yes,64,No,No phone service,No,No internet service,No internet service,No internet service,No internet service,No internet service,No internet service,Month-to-month,Yes,Credit card (automatic),18.0,1105.53,0,No
5802-REMYA,Male,0,No,No,11,Yes,Yes,DSL,No,No,No,Yes,No,Yes,Month-to-month,Yes,Bank transfer (automatic),49.12,539.75,2,Yes
5803-QZCZS,Female,0,No,No,33,Yes,Yes,DSL,No,No,No,Yes,No,No,Two year,Yes,Bank transfer (automatic),46.45,1552.52,1,No
5804-UTVLH,Female,0,Yes,Yes,10,Yes,Yes,No,No internet service,No internet service,No internet service,No internet service,No internet service,No internet service,One year,No,Credit card (automatic),38.43,276.72,2,No
5805-HOKTA,Female,0,Yes,Yes,13,Yes,No,Fiber optic,Yes,Yes,No,No,No,Yes,One year,No,Electronic check,54.77,670.26,2,Yes
5806-PNGFU,Female,1,Yes,Yes,23,Yes,No,No,No internet service,No internet service,No internet service,No internet service,No internet service,No internet service,Month-to-month,Yes,Mailed check,18.79,501.36,0,No
5807-DVHVS,Female,0,No,No,18,Yes,No,Fiber optic,No,Yes,Yes,Yes,No,No,Month-to-month,No,Credit card (automatic),82.69,1456.39,0,Yes
5808-YCDMU,Female,0,Yes,No,29,Yes,Yes,Fiber optic,No,No,Yes,No,Yes,No,Two year,Yes,Mailed check,95.57,2779.22,1,No
5809-BKPJO,Female,0,Yes,Yes,45,Yes,Yes,No,No internet service,No internet service,No internet service,No internet service,No internet service,No internet service,Two year,Yes,Electronic check,18.0,764.81,0,Yes
5810-JBFNB,Male,0,Yes,No,29,Yes,No,No,No internet service,No internet service,No internet service,No internet service,No internet service,No internet service,Two year,Yes,Electronic check,23.27,706.64,2,No
5811-JQHZP,Male,0,No,Yes,72,Yes,Yes,Fiber optic,No,No,No,No,Yes,No,Two year,No,Electronic check,71.03,5110.23,2,No
5812-NJMAJ,Male,0,Yes,No,42,Yes,No,No,No internet service,No internet service,No internet service,No internet service,No internet service,No internet service,Month-to-month,Yes,Mailed check,18.0,720.67,0,No
5813-VLQXN,Female,0,Yes,No,72,Yes,No,No,No internet service,No internet service,No internet service,No internet service,No internet service,No internet service,Two year,Yes,Mailed check,18.0,1277.75,2,No
5814-ESEOM,Male,0,Yes,No,43,Yes,Yes,Fiber optic,Yes,Yes,No,No,No,No,Month-to-month,No,Bank transfer (automatic),79.62,3472.04,2,Yes
5815-QANDY,Female,0,Yes,Yes,22,Yes,No,No,No internet service,No internet service,No internet service,No internet service,No internet service,No internet service,Two year,No,Electronic check,18.0,434.73,3,No
5816-IQCML,Male,0,Yes,No,16,Yes,Yes,DSL,Yes,Yes,No,No,No,No,Month-to-month,No,Mailed check,57.2,930.6,1,No
5817-PDRWC,Male,0,Yes,Yes,42,No,No phone service,No,No internet service,No internet service,No internet service,No internet service,No internet service,No internet service,One year,No,Bank transfer (automatic),18.93,803.62,3,No
5818-QASVD,Female,0,Yes,No,37,Yes,No,DSL,No,No,No,Yes,No,Yes,Month-to-month,Yes,Credit card (automatic),42.17,1646.98,2,Yes
5819-QGBLE,Female,0,No,Yes,35,Yes,Yes,DSL,Yes,Yes,No,No,No,Yes,Two year,Yes,Mailed check,53.03,1897.08,3,No
5820-PHWHM,Female,0,No,No,40,Yes,No,No,No internet service,No internet service,No internet service,No internet service,No internet service,No internet service,Month-to-month,No,Electronic check,34.41,1364.81,0,Yes
5821-ZNKFP,Female,0,Yes,No,65,Yes,No,No,No internet service,No internet service,No internet service,No internet service,No internet service,No internet service,One year,Yes,Bank transfer (automatic),52.86,3456.82,3,No
5822-WYVYO,Female,0,No,No,8,Yes,No,DSL,No,Yes,Yes,No,Yes,No,Month-to-month,Yes,Mailed check,40.5,245.04,0,No
5823-PMLRR,Male,0,No,No,26,Yes,No,Fiber optic,Yes,No,Yes,Yes,No,No,Month-to-month,Yes,Mailed check,72.08,1851.01,1,No
5824-NBVBC,Female,0,No,No,29,Yes,No,Fiber optic,Yes,No,No,No,No,No,Month-to-month,No,Electronic check,65.24,1920.68,1,Yes
5825-XHKLD,Male,0,Yes,Yes,11,Yes,No,DSL,No,No,No,No,No,Yes,Month-to-month,No,Bank transfer (automatic),50.01,620.66,4,Yes
5826-IXQXP,Male,0,Yes,No,72,Yes,Yes,DSL,No,No,Yes,No,No,Yes,One year,No,Electronic check,68.41,4913.84,2,No
5827-QOTZV,Female,0,No,No,49,No,No phone service,Fiber optic,Yes,Yes,No,Yes,Yes,No,Month-to-month,Yes,Credit card (automatic),60.98,3090.52,1,No
5828-GJDXX,Male,0,Yes,No,12,Yes,Yes,Fiber optic,No,Yes,Yes,No,Yes,Yes,Month-to-month,No,Electronic check,62.31,600.67,1,No
5829-NNNYN,Male,1,Yes,No,14,Yes,No,Fiber optic,No,No,No,No,No,No,Month-to-month,Yes,Electronic check,69.55,853.07,1,No
5830-VTROW,Female,0,Yes,No,40,Yes,No,DSL,No,No,Yes,No,No,No,Month-to-month,No,Credit card (automatic),36.28,1359.67,1,No
5831-ZSMLS,Female,0,No,No,1,Yes,Yes,No,No internet service,No internet service,No internet service,No internet service,No internet service,No internet service,Month-to-month,Yes,Mailed check,18.0,71.33,0,No
5832-STBUC,Male,0,Yes,No,19,Yes,Yes,Fiber optic,No,No,No,Yes,Yes,Yes,Month-to-month,Yes,Mailed check,74.47,1500.44,0,No
5833-JELGI,Male,0,Yes,Yes,13,Yes,No,No,No internet service,No internet service,No internet service,No internet service,No internet service,No internet service,Two year,No,Electronic check,19.9,266.5,0,No
5834-BYJFL,Male,0,No,No,61,Yes,No,Fiber optic,No,No,No,Yes,Yes,Yes,Month-to-month,No,Mailed check,88.65,5407.67,3,No
5835-FCJIT,Female,0,No,Yes,50,Yes,No,Fiber optic,No,Yes,No,No,No,Yes,Month-to-month,Yes,Mailed check,56.85,2943.07,2,No
5836-ECEHH,Female,0,Yes,No,12,Yes,No,DSL,No,No,No,No,No,No,One year,No,Electronic check,42.2,517.02,1,No
5837-NXVQK,Female,0,Yes,Yes,64,Yes,No,DSL,No,No,No,No,No,No,Month-to-month,Yes,Bank transfer (automatic),41.11,2610.22,1,No
5838-ZPFKJ,Male,0,No,Yes,72,Yes,Yes,Fiber optic,No,No,No,No,No,Yes,Month-to-month,No,Bank transfer (automatic),69.59,5032.4,3,No
5839-WIXXO,Female,0,Yes,Yes,25,Yes,No,Fiber optic,Yes,No,Yes,Yes,Yes,No,Month-to-month,Yes,Bank transfer (automatic),62.68,1586.46,1,Yes
5840-GRAOB,Female,0,No,No,5,Yes,No,Fiber optic,No,No,No,No,Yes,No,Month-to-month,Yes,Mailed check,78.26,393.41,2,No
5841-VBJTO,Male,0,No,Yes,47,Yes,No,No,No internet service,No internet service,No internet service,No internet service,No internet service,No internet service,One year,Yes,Mailed check,20.04,960.21,1,No
5842-JSVMX,Male,0,Yes,No,12,Yes,No,Fiber optic,No,No,Yes,No,Yes,No,One year,No,Credit card (automatic),59.49,735.31,3,No
5843-KVBUM,Male,0,Yes,Yes,23,Yes,No,DSL,No,No,No,Yes,No,Yes,Two year,Yes,Electronic check,52.09,1219.01,1,No
5844-VYVZU,Female,0,Yes,No,1,Yes,Yes,No,No internet service,No internet service,No internet service,No internet service,No internet service,No internet service,Month-to-month,No,Bank transfer (automatic),18.0,71.4,3,No
5845-AZEUV,Female,0,No,Yes,22,Yes,No,Fiber optic,Yes,Yes,No,No,Yes,Yes,One year,Yes,Electronic check,72.19,1621.94,4,No
5846-GMMTW,Female,0,Yes,Yes,15,No,No phone service,DSL,No,Yes,No,Yes,Yes,No,One year,Yes,Bank transfer (automatic),49.92,752.0,0,No
5847-UFTLH,Female,0,Yes,No,37,Yes,No,DSL,No,No,Yes,No,No,No,One year,No,Mailed check,37.09,1315.37,3,No
5848-IRKTK,Female,0,Yes,No,1,Yes,Yes,DSL,Yes,No,Yes,Yes,No,Yes,Two year,No,Mailed check,47.54,55.69,1,No
5849-XXOIC,Female,0,Yes,No,31,Yes,Yes,DSL,No,Yes,Yes,No,No,No,Month-to-month,No,Electronic check,29.84,1001.78,1,No
5850-QYQCS,Female,1,No,No,47,Yes,No,No,No internet service,No internet service,No internet service,No internet service,No internet service,No internet service,Two year,Yes,Mailed check,18.0,827.34,0,No
5851-IQWRW,Male,0,Yes,Yes,1,No,No phone service,Fiber optic,No,No,No,No,No,Yes,Month-to-month,Yes,Bank transfer (automatic),75.24,47.89,3,No
5852-OAZJH,Female,0,No,Yes,44,Yes,Yes,No,No internet service,No internet service,No internet service,No internet service,No internet service,No internet service,One year,Yes,Mailed check,20.52,993.79,1,No
5853-JZBSN,Female,0,Yes,No,4,Yes,Yes,No,No internet service,No internet service,No internet service,No internet service,No internet service,No internet service,Two year,Yes,Bank transfer (automatic),28.96,135.01,3,No
5854-HSAPY,Male,0,Yes,No,38,Yes,No,DSL,No,No,Yes,No,No,No,Month-to-month,No,Credit card (automatic),22.5,767.06,1,No
5855-XOTXE,Male,0,No,No,19,No,No phone service,Fiber optic,Yes,No,No,No,No,No,Month-to-month,Yes,Bank transfer (automatic),79.54,1429.24,3,No
5856-CQJEK,Male,0,No,Yes,25,Yes,Yes,No,No internet service,No internet service,No internet service,No internet service,No internet service,No internet service,Month-to-month,No,Bank transfer (automatic),18.0,324.65,4,No
5857-FDGSG,Male,0,No,No,13,No,No phone service,DSL,No,No,No,No,No,No,Two year,No,Mailed check,40.97,509.02,2,No
5858-NQWQM,Female,1,Yes,Yes,9,Yes,No,DSL,No,No,No,No,Yes,No,Month-to-month,Yes,Electronic check,63.36,501.57,3,Yes
5859-ABRDM,Female,0,Yes,No,2,Yes,Yes,Fiber optic,No,Yes,Yes,No,Yes,No,Month-to-month,No,Mailed check,67.7,100.52,4,No
5860-ADBDP,Male,1,No,Yes,64,Yes,No,Fiber optic,No,No,Yes,No,No,No,Two year,No,Electronic check,65.27,4250.55,0,No
5861-DYIQU,Male,0,No,No,30,Yes,No,DSL,No,No,No,Yes,Yes,Yes,Two year,Yes,Bank transfer (automatic),40.95,1188.01,0,No
5862-WTUBC,Female,1,No,No,72,Yes,Yes,Fiber optic,No,Yes,No,No,No,Yes,Month-to-month,No,Electronic check,59.14,4246.73,1,No
5863-WZOGD,Male,1,No,No,60,Yes,No,DSL,Yes,No,No,Yes,No,No,One year,Yes,Bank transfer (automatic),45.6,2741.82,1,No
5864-LAQDD,Male,0,Yes,Yes,65,Yes,Yes,DSL,No,Yes,No,No,Yes,No,Month-to-month,No,Electronic check,63.07,4133.09,2,Yes
5865-VWYIZ,Female,0,No,Yes,29,No,No phone service,DSL,No,Yes,No,Yes,No,Yes,Two year,Yes,Bank transfer (automatic),25.66,773.45,0,No
5866-UJSSO,Male,0,No,No,2,No,No phone service,DSL,Yes,No,No,No,No,Yes,Month-to-month,Yes,Mailed check,54.4,45.98,5,Yes
5867-VQGCE,Female,0,Yes,No,72,Yes,No,DSL,No,No,Yes,No,No,Yes,Month-to-month,Yes,Mailed check,44.73,3272.02,1,No
5868-PWGPI,Male,1,Yes,No,4,Yes,Yes,Fiber optic,No,No,Yes,No,Yes,No,Month-to-month,No,Electronic check,59.51,250.97,2,Yes
5869-ACYHR,Female,0,No,Yes,23,Yes,No,No,No internet service,No internet service,No internet service,No internet service,No internet service,No internet service,Two year,No,Mailed check,23.84,482.19,3,No
5870-XXRXS,Male,0,Yes,No,62,Yes,No,No,No internet service,No internet service,No internet service,No internet service,No internet service,No internet service,Month-to-month,No,Credit card (automatic),20.66,1271.24,0,No
5871-GYTFY,Female,0,No,No,20,Yes,No,No,No internet service,No internet service,No internet service,No internet service,No internet service,No internet service,Two year,No,Electronic check,18.0,278.87,3,Yes
5872-KELAS,Female,0,No,No,5,Yes,No,Fiber optic,Yes,No,No,No,Yes,No,Month-to-month,Yes,Electronic check,73.96,321.78,0,Yes
5873-KOYPC,Male,0,No,No,14,Yes,Yes,No,No internet service,No internet service,No internet service,No internet service,No internet service,No internet service,Month-to-month,Yes,Bank transfer (automatic),21.01,252.96,4,Yes
5874-KKJBT,Male,0,No,Yes,72,Yes,No,No,No internet service,No internet service,No internet service,No internet service,No internet service,No internet service,Month-to-month,No,Mailed check,25.06,1735.9,3,No
5875-EWWYH,Male,0,No,Yes,72,Yes,No,Fiber optic,No,No,No,No,No,No,Month-to-month,Yes,Electronic check,71.85,5163.67,3,Yes
5876-MOBLX,Male,0,Yes,No,39,Yes,Yes,Fiber optic,No,No,Yes,No,No,No,Month-to-month,No,Electronic check,53.63,2111.49,1,Yes
5877-HUSYW,Male,1,No,Yes,70,Yes,Yes,DSL,No,No,No,No,No,No,Month-to-month,Yes,Electronic check,29.08,2068.21,1,No
5878-AHJME,Female,0,Yes,Yes,1,Yes,No,DSL,No,Yes,Yes,No,No,No,One year,No,Electronic check,40.66,81.63,0,No
5879-VIJNX,Female,1,Yes,Yes,10,Yes,No,DSL,Yes,No,No,No,No,No,Month-to-month,Yes,Credit card (automatic),39.11,455.96,1,Yes
5880-KNCUP,Female,0,No,No,14,Yes,No,Fiber optic,Yes,Yes,No,No,No,Yes,Month-to-month,Yes,Mailed check,71.55,874.98,1,Yes
5881-TQEZG,Female,0,Yes,No,1,Yes,No,DSL,No,Yes,No,No,Yes,No,Month-to-month,Yes,Electronic check,36.28,167.64,2,No
5882-QTVKL,Male,0,Yes,No,15,Yes,No,No,No internet service,No internet service,No internet service,No internet service,No internet service,No internet service,Month-to-month,No,Mailed check,18.0,197.12,3,No
5883-YXBSZ,Female,0,Yes,No,3,Yes,Yes,Fiber optic,No,No,No,Yes,No,No,Month-to-month,Yes,Mailed check,75.8,76.75,0,Yes
5884-EKWSG,Female,0,No,No,23,Yes,Yes,DSL,No,No,Yes,Yes,No,No,One year,No,Credit card (automatic),31.51,748.23,0,No
5885-UZVFK,Female,0,Yes,Yes,1,Yes,No,Fiber optic,No,Yes,No,No,Yes,No,Month-to-month,Yes,Bank transfer (automatic),72.83,99.12,1,Yes
5886-NDHIB,Male,0,Yes,No,10,Yes,No,Fiber optic,Yes,No,No,No,No,Yes,Two year,Yes,Credit card (automatic),56.39,620.79,2,No
5887-YKTVG,Male,0,No,No,64,Yes,No,DSL,No,No,No,No,Yes,No,Two year,Yes,Electronic check,41.37,2704.74,2,No
5888-DXNZX,Female,1,Yes,No,7,Yes,Yes,DSL,Yes,No,No,Yes,No,Yes,One year,No,Mailed check,43.24,202.88,3,No
5889-AXZLS,Male,0,Yes,Yes,2,No,No phone service,Fiber optic,No,Yes,No,No,Yes,No,Month-to-month,No,Electronic check,61.76,144.73,1,No
5890-EZHKV,Female,0,No,Yes,9,Yes,No,No,No internet service,No internet service,No internet service,No internet service,No internet service,No internet service,Month-to-month,Yes,Electronic check,28.34,285.02,2,Yes
5891-DOTLT,Male,0,Yes,No,56,Yes,Yes,Fiber optic,Yes,Yes,No,No,No,No,Month-to-month,No,Electronic check,88.47,4986.69,3,No
5892-VWUJX,Male,1,Yes,Yes,28,Yes,No,Fiber optic,No,No,No,No,Yes,No,One year,Yes,Mailed check,39.42,1146.41,3,No
5893-PWHTH,Male,1,No,No,28,Yes,Yes,Fiber optic,Yes,No,Yes,Yes,Yes,No,Month-to-month,No,Bank transfer (automatic),80.15,2209.51,1,No
5894-FCHWJ,Female,1,Yes,Yes,1,Yes,No,Fiber optic,Yes,No,No,No,Yes,No,Month-to-month,Yes,Mailed check,80.62,59.32,3,No
5895-EKDQZ,Male,0,No,Yes,20,No,No phone service,DSL,Yes,No,No,Yes,No,No,Month-to-month,Yes,Credit card (automatic),45.14,920.34,2,No
5896-CRHXL,Female,1,No,No,9,Yes,Yes,DSL,No,No,No,No,No,Yes,Month-to-month,No,Electronic check,44.65,381.66,0,Yes
5897-UPNUP,Male,0,Yes,No,13,Yes,No,No,No internet service,No internet service,No internet service,No internet service,No internet service,No internet service,One year,Yes,Bank transfer (automatic),18.0,241.79,1,Yes
5898-DAAVO,Female,1,No,No,29,Yes,Yes,No,No internet service,No internet service,No internet service,No internet service,No internet service,No internet service,Month-to-month,No,Mailed check,20.62,632.25,2,Yes
5899-TTCNI,Female,0,Yes,No,66,Yes,Yes,Fiber optic,Yes,No,No,Yes,Yes,No,One year,No,Mailed check,80.58,5375.28,1,No
5900-SHBDA,Female,1,Yes,No,6,Yes,Yes,Fiber optic,No,No,Yes,No,Yes,Yes,Month-to-month,Yes,Mailed check,62.87,323.21,2,No
5901-KEBMQ,Female,0,No,No,46,Yes,No,DSL,No,No,No,Yes,Yes,Yes,One year,No,Electronic check,37.52,1735.6,2,No
5902-QRUIF,Female,0,Yes,No,1,Yes,Yes,Fiber optic,No,Yes,Yes,No,No,Yes,Month-to-month,Yes,Credit card (automatic),81.99,99.67,3,Yes
5903-TCHCA,Female,0,No,No,12,Yes,Yes,DSL,No,Yes,Yes,Yes,Yes,No,Month-to-month,Yes,Mailed check,50.65,599.61,0,No
5904-TMUEP,Male,0,Yes,Yes,7,Yes,No,DSL,Yes,Yes,No,No,No,Yes,One year,No,Electronic check,45.25,330.2,3,No
5905-UXPXL,Female,0,No,Yes,72,Yes,Yes,DSL,No,No,No,No,Yes,No,Month-to-month,No,Bank transfer (automatic),56.76,4151.56,2,No
5906-MDIPA,Male,0,No,No,6,Yes,Yes,Fiber optic,Yes,Yes,No,No,No,No,Month-to-month,Yes,Electronic check,64.47,329.49,2,No
5907-EUEXY,Female,0,Yes,No,27,Yes,Yes,Fiber optic,No,No,Yes,No,Yes,No,One year,Yes,Bank transfer (automatic),77.26,2018.54,2,No
5908-SIHSR,Female,0,No,No,5,Yes,No,Fiber optic,No,Yes,No,No,No,No,Month-to-month,Yes,Mailed check,83.98,417.58,1,No
5909-ODOMR,Male,0,No,Yes,20,No,No phone service,Fiber optic,No,No,Yes,No,No,Yes,Month-to-month,Yes,Mailed check,73.45,1430.89,0,Yes
5910-TERHA,Female,0,No,Yes,17,No,No phone service,No,No internet service,No internet service,No internet service,No internet service,No internet service,No internet service,Month-to-month,Yes,Credit card (automatic),18.0,367.11,2,No
5911-SWZQB,Male,1,Yes,No,1,Yes,No,No,No internet service,No internet service,No internet service,No internet service,No internet service,No internet service,Two year,Yes,Electronic check,18.0,32.07,2,No
5912-SPRBF,Female,0,No,No,55,Yes,No,Fiber optic,Yes,No,Yes,No,No,No,Month-to-month,No,Bank transfer (automatic),64.35,3563.19,0,No
5913-GFFIH,Male,0,No,No,48,Yes,No,Fiber optic,Yes,No,No,No,No,Yes,Month-to-month,Yes,Electronic check,76.34,3655.81,3,No
5914-XVUIL,Male,0,No,No,10,Yes,No,No,No internet service,No internet service,No internet service,No internet service,No internet service,No internet service,Two year,No,Mailed check,25.34,148.56,4,No
5915-RWFWD,Female,0,No,No,30,Yes,Yes,No,No internet service,No internet service,No internet service,No internet service,No internet service,No internet service,Month-to-month,Yes,Credit card (automatic),19.75,598.82,0,No
5916-YGRTE,Male,0,No,No,14,Yes,No,Fiber optic,No,No,No,No,Yes,No,Month-to-month,No,Bank transfer (automatic),72.03,1041.02,1,No
5917-RJHAO,Male,0,No,No,46,No,No phone service,Fiber optic,No,Yes,Yes,No,Yes,No,Month-to-month,Yes,Bank transfer (automatic),78.86,3584.08,2,Yes
5918-CONAU,Female,0,No,Yes,37,Yes,No,No,No internet service,No internet service,No internet service,No internet service,No internet service,No internet service,Two year,Yes,Mailed check,18.0,618.06,4,No
5919-HGIRL,Female,0,No,No,3,Yes,No,DSL,No,No,No,No,No,No,Month-to-month,Yes,Mailed check,22.98,18.0,0,No
5920-HHFCB,Female,0,Yes,No,59,Yes,No,No,No internet service,No internet service,No internet service,No internet service,No internet service,No internet service,Two year,Yes,Credit card (automatic),41.73,2484.16,1,No
5921-NHFDE,Male,1,Yes,No,6,Yes,Yes,No,No internet service,No internet service,No internet service,No internet service,No internet service,No internet service,Month-to-month,No,Mailed check,30.36,217.6,2,No
5922-UMIMI,Male,0,No,No,6,Yes,No,Fiber optic,Yes,Yes,No,No,No,Yes,Month-to-month,No,Bank transfer (automatic),77.43,474.28,1,No
5923-XXPLB,Male,0,No,Yes,42,Yes,No,Fiber optic,Yes,No,No,No,No,Yes,Month-to-month,No,Credit card (automatic),86.31,3596.75,0,Yes
5924-SPXME,Female,1,No,No,6,No,No phone service,DSL,No,No,Yes,No,No,Yes,Month-to-month,No,Credit card (automatic),52.7,306.61,2,Yes
5925-WXFUX,Female,0,No,No,4,No,No phone service,DSL,No,Yes,No,No,Yes,Yes,Two year,Yes,Electronic check,40.04,88.84,1,No
5926-QQQCZ,Male,0,No,No,13,Yes,No,Fiber optic,Yes,Yes,No,No,No,No,Month-to-month,Yes,Bank transfer (automatic),87.27,1159.63,2,Yes
5927-MLFVU,Female,0,Yes,Yes,58,Yes,Yes,No,No internet service,No internet service,No internet service,No internet service,No internet service,No internet service,Two year,No,Electronic check,18.0,1061.33,0,No
5928-MNGEN,Female,0,Yes,Yes,6,Yes,Yes,DSL,No,No,No,Yes,No,No,Two year,No,Electronic check,34.78,193.47,2,No
5929-RDAGT,Female,0,Yes,No,13,Yes,Yes,DSL,No,Yes,No,Yes,No,No,Two year,No,Electronic check,47.52,600.44,1,Yes
5930-MDMDC,Female,1,Yes,No,10,Yes,No,DSL,No,No,Yes,No,No,Yes,Month-to-month,Yes,Mailed check,52.97,486.97,4,No
5931-HTHYQ,Female,0,No,No,14,Yes,No,Fiber optic,Yes,No,No,Yes,No,No,Month-to-month,Yes,Credit card (automatic),68.08,917.95,1,No
5932-ODFXV,Male,0,No,No,40,Yes,No,Fiber optic,No,No,Yes,No,Yes,Yes,One year,No,Mailed check,71.38,2846.45,1,No
5933-FJDIP,Male,1,Yes,No,16,Yes,No,DSL,No,No,No,No,No,Yes,Month-to-month,Yes,Electronic check,42.02,741.13,3,Yes
5934-GNFAR,Female,1,Yes,No,45,Yes,Yes,DSL,No,Yes,Yes,No,No,Yes,Month-to-month,No,Electronic check,40.33,1793.7,0,No
5935-LVOAO,Female,0,Yes,No,32,Yes,No,Fiber optic,Yes,Yes,No,No,No,No,Month-to-month,Yes,Bank transfer (automatic),69.97,2207.65,3,No
5936-OPUAC,Male,0,Yes,No,14,Yes,No,DSL,No,Yes,Yes,No,No,Yes,Month-to-month,No,Credit card (automatic),20.9,321.16,1,Yes
5937-LGEZA,Male,0,Yes,No,18,Yes,No,DSL,Yes,Yes,No,Yes,No,No,Two year,Yes,Electronic check,40.89,695.62,0,No
5938-AOHKN,Male,0,Yes,No,38,No,No phone service,DSL,No,Yes,Yes,No,No,Yes,Month-to-month,Yes,Mailed check,33.14,1305.65,0,No
5939-YWMSL,Male,0,Yes,No,24,Yes,Yes,No,No internet service,No internet service,No internet service,No internet service,No internet service,No internet service,Month-to-month,Yes,Credit card (automatic),25.44,658.34,0,Yes
5940-VSZDD,Male,0,No,No,64,Yes,No,Fiber optic,No,Yes,No,No,No,No,Two year,No,Electronic check,81.83,5289.2,1,No
5941-CZFEK,Female,0,Yes,Yes,72,Yes,No,Fiber optic,No,No,No,No,Yes,No,Two year,No,Electronic check,52.85,3792.74,2,No
5942-YICIL,Male,0,No,No,40,No,No phone service,DSL,Yes,No,Yes,No,No,No,Month-to-month,No,Mailed check,36.9,1455.44,2,No
5943-CTQUL,Male,0,No,Yes,72,Yes,No,Fiber optic,No,No,Yes,Yes,No,No,Month-to-month,No,Mailed check,79.62,5773.2,2,No
5944-YRDJR,Male,0,Yes,No,29,Yes,No,Fiber optic,No,No,Yes,No,No,No,One year,No,Electronic check,67.08,2054.67,2,No
5945-HISMY,Male,0,No,Yes,1,Yes,Yes,DSL,No,No,No,No,No,Yes,One year,Yes,Mailed check,62.84,18.0,2,No
5946-FVGUF,Female,1,No,Yes,22,Yes,Yes,No,No internet service,No internet service,No internet service,No internet service,No internet service,No internet service,Two year,Yes,Credit card (automatic),48.9,1067.22,0,No
5947-KQSYL,Female,0,Yes,No,8,Yes,No,No,No internet service,No internet service,No internet service,No internet service,No internet service,No internet service,Month-to-month,Yes,Credit card (automatic),31.38,257.15,0,Yes
5948-UUXMR,Male,0,Yes,No,12,Yes,No,No,No internet service,No internet service,No internet service,No internet service,No internet service,No internet service,Month-to-month,Yes,Electronic check,18.0,205.38,1,No
5949-GYWEP,Male,1,No,No,21,Yes,No,Fiber optic,No,No,No,No,Yes,No,One year,No,Bank transfer (automatic),61.8,1259.93,1,No
5950-VDWAD,Female,0,Yes,No,11,Yes,No,DSL,Yes,No,Yes,No,Yes,Yes,Month-to-month,No,Electronic check,41.9,458.26,2,Yes
5951-CDALM,Male,0,Yes,No,11,Yes,No,Fiber optic,No,Yes,No,No,Yes,Yes,One year,Yes,Bank transfer (automatic),84.08,965.31,2,No
5952-BIGMV,Male,0,Yes,No,16,Yes,No,DSL,No,No,No,Yes,Yes,No,Month-to-month,Yes,Mailed check,37.55,590.23,0,Yes
5953-BARGR,Female,0,Yes,No,10,Yes,Yes,DSL,No,No,No,No,No,Yes,One year,Yes,Electronic check,42.41,395.04,2,No
5954-SHWLK,Female,0,No,No,5,Yes,Yes,Fiber optic,No,No,Yes,No,No,Yes,Month-to-month,Yes,Credit card (automatic),71.96,340.23,2,Yes
5955-IDGQK,Male,1,No,Yes,46,Yes,No,Fiber optic,Yes,Yes,Yes,No,No,No,Two year,Yes,Mailed check,56.93,2576.89,1,No
5956-BWRVZ,Male,0,No,No,16,Yes,No,DSL,No,No,No,Yes,No,No,Month-to-month,No,Mailed check,49.29,914.94,2,No
5957-LIKEZ,Female,0,Yes,No,57,Yes,No,Fiber optic,Yes,No,No,No,Yes,Yes,Month-to-month,Yes,Credit card (automatic),69.83,3935.91,2,No
5958-GAXYE,Female,0,No,No,68,Yes,Yes,Fiber optic,Yes,No,Yes,No,No,No,Month-to-month,No,Electronic check,64.73,4473.51,1,No
5959-FMKHT,Female,0,No,Yes,44,Yes,No,No,No internet service,No internet service,No internet service,No internet service,No internet service,No internet service,One year,Yes,Bank transfer (automatic),18.0,831.26,1,No
5960-BOJHB,Male,0,No,No,16,Yes,Yes,Fiber optic,No,Yes,Yes,Yes,No,Yes,Month-to-month,No,Electronic check,61.26,938.93,1,Yes
5961-UOFEV,Male,0,Yes,No,40,No,No phone service,DSL,No,Yes,No,No,Yes,No,Month-to-month,Yes,Electronic check,60.98,2503.63,2,No
5962-VCKKP,Male,0,Yes,No,5,Yes,No,No,No internet service,No internet service,No internet service,No internet service,No internet service,No internet service,Month-to-month,Yes,Mailed check,18.0,88.76,0,No
5963-CICSK,Female,0,No,No,34,Yes,Yes,No,No internet service,No internet service,No internet service,No internet service,No internet service,No internet service,Month-to-month,No,Electronic check,18.71,557.98,1,Yes
5964-NBGJJ,Male,0,Yes,No,16,Yes,No,Fiber optic,No,No,No,No,Yes,No,One year,No,Mailed check,79.15,1214.03,1,No
5965-TAFUN,Female,1,No,No,34,Yes,No,No,No internet service,No internet service,No internet service,No internet service,No internet service,No internet service,Month-to-month,Yes,Mailed check,23.77,901.21,0,No
5966-BFACD,Male,0,No,No,44,Yes,No,DSL,No,No,No,No,No,No,Month-to-month,Yes,Electronic check,44.65,1955.94,1,No
5967-MCOMV,Female,0,Yes,No,26,Yes,No,No,No internet service,No internet service,No internet service,No internet service,No internet service,No internet service,Month-to-month,Yes,Mailed check,23.77,654.41,0,No
5968-KDQEU,Male,0,No,Yes,32,Yes,Yes,DSL,No,No,Yes,Yes,No,No,Month-to-month,No,Mailed check,33.06,1027.56,1,No
5969-YXHUX,Female,0,Yes,Yes,7,Yes,No,Fiber optic,No,No,No,No,No,No,Month-to-month,Yes,Mailed check,75.1,503.15,0,Yes
5970-JGQGX,Female,0,No,No,28,Yes,Yes,Fiber optic,Yes,Yes,Yes,No,No,No,Month-to-month,Yes,Credit card (automatic),62.4,1780.03,3,No
5971-SIXBV,Female,0,No,Yes,19,Yes,No,Fiber optic,No,No,Yes,No,No,No,Month-to-month,Yes,Electronic check,80.79,1556.98,1,Yes
5972-TSFJM,Female,1,No,No,17,Yes,No,DSL,Yes,No,No,No,No,Yes,Month-to-month,Yes,Credit card (automatic),46.85,791.89,0,Yes
5973-YBJJZ,Male,0,No,No,16,Yes,Yes,Fiber optic,No,No,No,No,Yes,Yes,Two year,Yes,Electronic check,71.93,1084.6,1,Yes
5974-EVDWB,Female,1,No,No,11,Yes,Yes,No,No internet service,No internet service,No internet service,No internet service,No internet service,No internet service,Two year,Yes,Mailed check,22.6,343.25,3,No
5975-GRQKU,Male,1,No,Yes,11,Yes,Yes,No,No internet service,No internet service,No internet service,No internet service,No internet service,No internet service,One year,Yes,Electronic check,18.0,146.26,4,Yes
5976-RHLXA,Male,0,No,No,38,Yes,Yes,Fiber optic,No,No,Yes,No,No,Yes,Month-to-month,No,Mailed check,70.94,2777.37,1,No
5977-TYULZ,Female,0,Yes,No,26,Yes,No,Fiber optic,Yes,Yes,No,No,No,No,Month-to-month,No,Bank transfer (automatic),82.52,2164.26,0,No
5978-FCENL,Female,0,Yes,No,1,Yes,No,No,No internet service,No internet service,No internet service,No internet service,No internet service,No internet service,Month-to-month,No,Electronic check,18.0,18.0,2,Yes
5979-MMQXO,Male,0,No,No,1,Yes,Yes,DSL,Yes,No,Yes,Yes,No,No,Month-to-month,No,Electronic check,52.09,59.57,0,Yes
5980-FLBDT,Male,1,Yes,Yes,27,Yes,No,No,No internet service,No internet service,No internet service,No internet service,No internet service,No internet service,Month-to-month,Yes,Credit card (automatic),33.52,972.5,0,No
5981-YYULC,Male,0,No,No,59,Yes,No,DSL,No,Yes,Yes,No,No,Yes,Month-to-month,Yes,Electronic check,61.27,3667.08,3,Yes
5982-QFXQQ,Male,0,No,No,1,Yes,No,No,No internet service,No internet service,No internet service,No internet service,No internet service,No internet service,Month-to-month,Yes,Electronic check,23.43,18.0,0,Yes
5983-KWGBS,Male,0,Yes,Yes,22,Yes,No,No,No internet service,No internet service,No internet service,No internet service,No internet service,No internet service,Month-to-month,No,Credit card (automatic),18.15,371.6,2,Yes
5984-BVMXX,Male,0,Yes,No,60,Yes,No,DSL,No,No,No,No,No,No,Two year,No,Electronic check,62.19,3697.53,4,No
5985-PQKIX,Male,0,No,No,1,Yes,No,No,No internet service,No internet service,No internet service,No internet service,No internet service,No internet service,Two year,Yes,Credit card (automatic),18.0,51.33,0,No
5986-INMYK,Female,0,No,Yes,10,No,No phone service,Fiber optic,No,No,No,No,Yes,Yes,Two year,No,Credit card (automatic),70.79,757.45,0,No
5987-LVCAH,Male,0,Yes,No,72,Yes,No,No,No internet service,No internet service,No internet service,No internet service,No internet service,No internet service,Month-to-month,Yes,Bank transfer (automatic),21.63,1493.66,0,No
5988-ZSMGM,Male,0,No,No,2,Yes,No,DSL,No,Yes,No,No,No,No,Month-to-month,Yes,Electronic check,46.7,101.68,2,No
5989-ZFCFC,Female,1,No,No,29,Yes,Yes,No,No internet service,No internet service,No internet service,No internet service,No internet service,No internet service,Two year,No,Electronic check,18.0,583.39,1,No
5990-MMYMA,Male,0,No,Yes,22,No,No phone service,Fiber optic,No,No,No,Yes,Yes,Yes,Two year,Yes,Electronic check,71.94,1621.61,1,Yes
5991-HETQI,Male,1,No,No,5,Yes,Yes,Fiber optic,No,No,No,No,No,No,Month-to-month,Yes,Credit card (automatic),67.22,384.61,3,Yes
5992-MYMEN,Female,0,Yes,No,1,Yes,Yes,Fiber optic,No,No,Yes,No,No,No,Two year,Yes,Credit card (automatic),65.69,28.31,1,No
5993-KYZNY,Male,0,No,Yes,22,Yes,No,Fiber optic,No,No,Yes,No,No,Yes,Month-to-month,No,Electronic check,68.8,1567.84,1,Yes
5994-GXQDJ,Male,0,Yes,No,42,Yes,No,DSL,Yes,Yes,No,Yes,Yes,No,Month-to-month,Yes,Bank transfer (automatic),43.46,1806.16,4,Yes
5995-JOTLI,Female,0,Yes,No,6,Yes,No,No,No internet service,No internet service,No internet service,No internet service,No internet service,No internet service,One year,No,Bank transfer (automatic),19.63,175.94,1,No
5996-COLZO,Female,0,Yes,No,37,Yes,No,DSL,No,No,Yes,No,No,No,Month-to-month,No,Electronic check,58.64,2118.74,0,No
5997-ZAOKE,Male,0,Yes,No,25,Yes,Yes,No,No internet service,No internet service,No internet service,No internet service,No internet service,No internet service,Two year,Yes,Electronic check,18.0,369.84,2,No
5998-GLTYF,Female,1,No,No,14,Yes,No,DSL,Yes,Yes,Yes,No,No,No,Month-to-month,No,Electronic check,42.66,703.39,3,Yes
5999-VCJZU,Female,0,Yes,Yes,34,No,No phone service,No,No internet service,No internet service,No internet service,No internet service,No internet service,No internet service,Month-to-month,Yes,Mailed check,18.73,746.79,2,No
6000-ZVDMS,Male,1,No,No,6,Yes,No,No,No internet service,No internet service,No internet service,No internet service,No internet service,No internet service,Two year,No,Electronic check,18.0,83.27,1,No
6001-EWVRA,Female,0,No,No,19,Yes,No,DSL,No,Yes,Yes,Yes,Yes,No,One year,Yes,Credit card (automatic),32.27,480.6,4,No
6002-UUPPP,Female,1,No,Yes,25,Yes,No,Fiber optic,Yes,Yes,No,No,No,Yes,Month-to-month,Yes,Electronic check,63.52,1508.77,0,No
6003-VSPAT,Male,0,No,Yes,19,Yes,No,Fiber optic,No,Yes,No,Yes,No,Yes,Month-to-month,Yes,Bank transfer (automatic),69.5,1277.2,1,No
6004-TJBNH,Male,0,No,No,16,Yes,Yes,Fiber optic,Yes,No,No,No,Yes,Yes,One year,No,Electronic check,70.25,1047.34,0,No
6005-FCPQL,Female,0,Yes,No,43,Yes,Yes,DSL,Yes,Yes,No,No,No,No,One year,Yes,Mailed check,29.78,1266.13,1,No
6006-SXTCM,Female,1,No,No,34,Yes,No,DSL,No,No,No,No,Yes,No,Month-to-month,No,Electronic check,31.58,1083.1,2,No
6007-PKTPT,Male,0,Yes,No,32,Yes,No,No,No internet service,No internet service,No internet service,No internet service,No internet service,No internet service,One year,Yes,Electronic check,19.72,585.87,1,Yes
6008-BDYDQ,Male,0,No,Yes,71,Yes,No,Fiber optic,No,No,Yes,Yes,Yes,No,Two year,Yes,Credit card (automatic),56.56,3952.04,1,No
6009-AAEVL,Female,0,Yes,No,72,Yes,Yes,DSL,No,No,No,No,No,Yes,Month-to-month,Yes,Bank transfer (automatic),29.13,2057.7,0,No
6010-FFYQZ,Male,0,No,Yes,26,No,No phone service,Fiber optic,No,Yes,No,No,Yes,Yes,Month-to-month,No,Electronic check,84.01,2149.79,1,No
6011-VMHXL,Male,1,Yes,No,13,Yes,Yes,No,No internet service,No internet service,No internet service,No internet service,No internet service,No internet service,Month-to-month,No,Electronic check,26.62,359.78,4,Yes
6012-OSUZT,Female,0,Yes,Yes,48,Yes,No,DSL,Yes,No,Yes,No,No,No,Month-to-month,No,Mailed check,38.68,1846.87,1,No
6013-QIURB,Female,0,No,No,4,Yes,Yes,DSL,Yes,No,Yes,No,Yes,Yes,Month-to-month,Yes,Bank transfer (automatic),64.59,221.71,0,No
6014-KWTQU,Male,0,No,No,23,Yes,No,Fiber optic,No,No,No,No,No,No,Two year,No,Credit card (automatic),68.52,1566.73,2,No
6015-ROGPY,Male,1,Yes,No,23,Yes,Yes,No,No internet service,No internet service,No internet service,No internet service,No internet service,No internet service,Month-to-month,Yes,Bank transfer (automatic),24.04,592.06,3,No
6016-ARVHG,Female,1,No,No,72,Yes,No,No,No internet service,No internet service,No internet service,No internet service,No internet service,No internet service,One year,No,Credit card (automatic),21.53,1670.83,1,No
6017-YBLPI,Male,0,Yes,Yes,72,Yes,No,Fiber optic,No,No,No,No,Yes,No,Month-to-month,No,Bank transfer (automatic),75.38,5361.34,2,Yes
6018-TKOCW,Female,0,No,No,51,Yes,Yes,DSL,No,No,Yes,No,Yes,No,Month-to-month,No,Electronic check,63.88,3249.14,1,No
6019-UMUMB,Male,0,No,Yes,20,Yes,Yes,No,No internet service,No internet service,No internet service,No internet service,No internet service,No internet service,Month-to-month,Yes,Mailed check,18.0,365.78,3,Yes
6020-FFLDE,Male,0,Yes,No,25,Yes,No,No,No internet service,No internet service,No internet service,No internet service,No internet service,No internet service,One year,Yes,Bank transfer (automatic),35.55,969.06,0,No
6021-WHFUC,Male,0,Yes,Yes,12,Yes,No,No,No internet service,No internet service,No internet service,No internet service,No internet service,No internet service,Two year,No,Electronic check,30.04,336.85,4,Yes
6022-WHSUK,Female,0,Yes,No,56,Yes,Yes,Fiber optic,Yes,Yes,No,No,Yes,No,Month-to-month,Yes,Electronic check,70.2,3955.84,1,Yes
6023-RJZTL,Female,0,Yes,No,43,No,No phone service,Fiber optic,No,No,No,No,No,Yes,Month-to-month,Yes,Credit card (automatic),76.25,3360.51,2,Yes
6024-THSUP,Male,0,No,Yes,47,Yes,No,DSL,No,No,No,No,No,Yes,Month-to-month,Yes,Bank transfer (automatic),46.08,2162.32,1,Yes
6025-URIDI,Male,0,No,No,4,Yes,No,Fiber optic,No,No,No,No,No,No,One year,No,Electronic check,80.48,248.87,2,No
6026-YBIIR,Female,0,No,No,16,Yes,No,Fiber optic,No,Yes,Yes,Yes,Yes,No,Month-to-month,Yes,Electronic check,73.04,1261.54,1,Yes
6027-KMFIP,Female,0,Yes,No,24,Yes,No,DSL,No,Yes,No,Yes,Yes,No,Two year,Yes,Credit card (automatic),56.72,1327.58,1,No
6028-DBGOY,Male,0,No,No,4,Yes,No,DSL,No,No,Yes,Yes,Yes,No,One year,Yes,Mailed check,38.02,209.24,1,No
6029-FKTQD,Female,0,Yes,Yes,14,Yes,No,No,No internet service,No internet service,No internet service,No internet service,No internet service,No internet service,Month-to-month,Yes,Mailed check,18.0,294.41,2,No
6030-SGKMZ,Female,0,No,Yes,2,Yes,No,DSL,No,No,No,No,Yes,Yes,Month-to-month,Yes,Credit card (automatic),33.57,18.0,3,No
6031-UCNBR,Male,1,Yes,Yes,72,Yes,Yes,Fiber optic,Yes,Yes,No,No,No,No,One year,Yes,Bank transfer (automatic),60.97,4374.95,0,No
6032-EMMXX,Male,0,No,No,44,Yes,Yes,Fiber optic,Yes,No,No,No,No,No,One year,Yes,Mailed check,86.28,3820.67,0,No
6033-NLUMR,Female,0,Yes,No,31,Yes,Yes,Fiber optic,Yes,Yes,Yes,No,No,No,Month-to-month,Yes,Electronic check,61.95,1939.35,0,No
6034-MDWVJ,Female,0,No,No,7,Yes,Yes,DSL,No,Yes,No,No,Yes,Yes,Month-to-month,No,Mailed check,43.82,227.54,2,No
6035-WERHN,Male,0,Yes,No,13,Yes,Yes,Fiber optic,No,No,No,Yes,Yes,No,Month-to-month,No,Mailed check,71.26,977.68,2,Yes
6036-BHPGC,Female,0,No,Yes,4,Yes,Yes,Fiber optic,No,Yes,No,Yes,No,No,Month-to-month,Yes,Electronic check,88.9,360.1,2,Yes
6037-DGDIW,Male,0,No,No,24,Yes,Yes,No,No internet service,No internet service,No internet service,No internet service,No internet service,No internet service,Month-to-month,Yes,Mailed check,27.89,761.17,0,Yes
6038-QQTNN,Male,0,No,No,54,Yes,Yes,Fiber optic,No,No,No,Yes,No,No,Month-to-month,Yes,Bank transfer (automatic),62.6,3438.84,2,Yes
6039-YMDMU,Female,0,No,No,1,Yes,Yes,Fiber optic,No,No,No,Yes,No,Yes,Month-to-month,No,Bank transfer (automatic),70.69,59.72,1,No
6040-QORKD,Male,1,Yes,No,3,Yes,Yes,Fiber optic,No,No,No,No,No,No,One year,Yes,Mailed check,56.0,59.89,1,No
6041-TKJVM,Male,0,Yes,Yes,8,Yes,No,No,No internet service,No internet service,No internet service,No internet service,No internet service,No internet service,Two year,No,Mailed check,31.26,248.34,3,No
6042-VHMIA,Male,0,No,Yes,40,Yes,No,Fiber optic,No,Yes,Yes,No,No,Yes,One year,No,Mailed check,66.74,2639.7,0,No
6043-AOVDT,Male,0,Yes,No,71,Yes,No,Fiber optic,Yes,Yes,No,No,No,Yes,One year,Yes,Electronic check,54.58,3899.89,1,No
6044-AYLKS,Male,0,No,Yes,44,Yes,No,DSL,No,No,No,No,Yes,No,Two year,Yes,Credit card (automatic),48.99,2194.7,0,No
6045-OUJAX,Female,0,No,No,23,Yes,Yes,Fiber optic,No,No,Yes,No,No,Yes,Two year,No,Bank transfer (automatic),87.72,2089.83,1,No
6046-CNOAJ,Male,0,Yes,No,3,Yes,No,DSL,No,No,Yes,No,No,Yes,Month-to-month,No,Bank transfer (automatic),38.12,124.01,2,No
6047-VAOCU,Male,0,No,No,44,Yes,No,DSL,No,Yes,No,No,No,Yes,One year,Yes,Mailed check,39.93,1756.95,1,No
6048-TWVLS,Male,0,No,No,3,Yes,No,Fiber optic,No,Yes,No,Yes,Yes,Yes,Month-to-month,Yes,Electronic check,67.31,182.45,0,Yes
6049-PHXNR,Female,0,No,No,13,Yes,No,Fiber optic,No,No,No,No,No,Yes,Two year,Yes,Electronic check,69.12,842.69,3,No
6050-WABXL,Male,0,No,No,11,Yes,Yes,Fiber optic,No,Yes,No,No,No,Yes,Two year,No,Mailed check,66.41,789.77,1,No
6051-QBQUG,Male,0,Yes,No,14,Yes,No,Fiber optic,No,Yes,No,No,No,Yes,Month-to-month,Yes,Credit card (automatic),76.57,1063.11,0,No
6052-FFVHE,Male,0,No,No,12,Yes,No,DSL,No,No,Yes,No,No,Yes,One year,Yes,Electronic check,48.38,520.94,2,No
6053-OZGCY,Male,0,Yes,No,46,Yes,No,Fiber optic,No,Yes,Yes,No,Yes,No,Month-to-month,No,Mailed check,75.96,3440.29,3,No
6054-JCNVC,Female,0,No,No,6,Yes,Yes,No,No internet service,No internet service,No internet service,No internet service,No internet service,No internet service,Two year,Yes,Electronic check,21.13,116.48,4,No
6055-AASDB,Female,0,Yes,No,59,Yes,Yes,No,No internet service,No internet service,No internet service,No internet service,No internet service,No internet service,Month-to-month,No,Credit card (automatic),26.39,1582.85,6,No
6056-YKXLM,Male,1,Yes,Yes,62,Yes,No,Fiber optic,Yes,Yes,No,No,No,No,Month-to-month,No,Electronic check,63.53,3993.82,1,Yes
6057-PPSWT,Female,0,No,No,21,Yes,No,Fiber optic,No,Yes,No,No,No,No,Month-to-month,Yes,Mailed check,75.23,1666.75,2,Yes
6058-UTIPG,Female,0,Yes,No,3,Yes,Yes,Fiber optic,No,Yes,No,No,Yes,No,Month-to-month,Yes,Electronic check,74.82,210.73,2,Yes
6059-MDMHB,Female,0,No,No,27,Yes,No,DSL,No,No,No,Yes,No,Yes,Two year,No,Electronic check,64.98,1711.81,0,No
6060-GKQXN,Male,0,Yes,Yes,55,Yes,Yes,Fiber optic,No,No,No,Yes,No,No,Month-to-month,No,Mailed check,54.5,3031.15,0,No
6061-MOVUY,Male,0,Yes,No,10,Yes,Yes,No,No internet service,No internet service,No internet service,No internet service,No internet service,No internet service,Month-to-month,No,Electronic check,18.54,167.69,2,No
6062-ICYMM,Male,0,Yes,No,58,No,No phone service,Fiber optic,Yes,Yes,No,No,No,No,Month-to-month,Yes,Electronic check,71.84,4181.7,2,Yes
6063-IREKB,Male,0,Yes,No,36,Yes,No,Fiber optic,No,No,No,Yes,Yes,Yes,Month-to-month,Yes,Bank transfer (automatic),89.64,3218.07,1,Yes
6064-QWTUD,Male,0,No,No,72,Yes,No,Fiber optic,No,No,Yes,No,No,No,Two year,Yes,Credit card (automatic),79.93,5745.74,3,No
6065-VRXTH,Male,0,No,Yes,55,Yes,No,Fiber optic,No,No,No,Yes,Yes,No,Two year,Yes,Bank transfer (automatic),64.12,3387.73,2,No
6066-SLKPE,Female,1,Yes,No,7,Yes,No,Fiber optic,No,Yes,No,Yes,No,No,One year,Yes,Credit card (automatic),90.51,654.05,2,No
6067-CLOPM,Female,0,Yes,No,19,Yes,Yes,Fiber optic,No,No,No,No,No,Yes,One year,No,Electronic check,81.71,1484.38,2,No
6068-GOCLH,Female,1,Yes,Yes,3,Yes,Yes,DSL,Yes,Yes,No,No,No,No,Month-to-month,No,Mailed check,66.68,141.38,0,No
6069-YLRCL,Female,0,Yes,No,2,Yes,No,Fiber optic,No,Yes,No,Yes,No,Yes,Month-to-month,No,Electronic check,82.48,18.0,2,Yes
6070-WUZWB,Female,0,No,No,39,Yes,Yes,Fiber optic,Yes,Yes,No,Yes,Yes,No,Month-to-month,Yes,Mailed check,73.2,2743.46,1,No
6071-NNDQO,Male,1,No,No,72,Yes,Yes,Fiber optic,No,No,No,No,Yes,No,Month-to-month,Yes,Bank transfer (automatic),90.09,6519.43,0,No
6072-PEXQW,Male,1,No,No,72,Yes,No,DSL,No,No,No,No,No,No,Month-to-month,No,Electronic check,24.8,1784.86,1,No
6073-GWOQL,Female,0,No,No,10,Yes,No,DSL,No,Yes,No,No,No,Yes,Month-to-month,Yes,Credit card (automatic),48.21,446.11,4,No
6074-KSKBO,Male,1,No,No,7,Yes,Yes,DSL,Yes,No,No,No,Yes,No,Month-to-month,Yes,Electronic check,39.21,262.81,0,No
6075-ERUUP,Male,0,No,Yes,26,Yes,No,DSL,No,Yes,Yes,Yes,No,No,Two year,No,Mailed check,44.66,1092.11,0,No
6076-DWJVB,Male,0,Yes,Yes,7,Yes,Yes,Fiber optic,No,Yes,No,No,Yes,No,Month-to-month,No,Credit card (automatic),70.42,509.85,0,Yes
6077-ODPGY,Male,0,No,No,11,Yes,Yes,Fiber optic,No,No,Yes,No,No,No,Month-to-month,Yes,Electronic check,57.44,652.15,2,Yes
6078-YLCQI,Male,0,No,No,58,Yes,No,No,No internet service,No internet service,No internet service,No internet service,No internet service,No internet service,Month-to-month,No,Bank transfer (automatic),30.32,1784.9,2,No
6079-HWFOJ,Female,0,Yes,No,53,Yes,No,No,No internet service,No internet service,No internet service,No internet service,No internet service,No internet service,Month-to-month,No,Mailed check,18.06,972.41,3,No
6080-WYFON,Female,0,No,No,72,No,No phone service,No,No internet service,No internet service,No internet service,No internet service,No internet service,No internet service,Month-to-month,No,Electronic check,30.93,2110.5,2,No
6081-ZSMNC,Female,0,No,No,21,Yes,No,No,No internet service,No internet service,No internet service,No internet service,No internet service,No internet service,Two year,No,Mailed check,18.0,314.68,5,No
6082-DZNNZ,Male,0,No,No,26,Yes,No,Fiber optic,No,No,No,Yes,Yes,No,Month-to-month,No,Bank transfer (automatic),51.12,1361.39,2,No
6083-HJINH,Male,0,Yes,No,47,Yes,No,DSL,No,No,No,No,No,No,Month-to-month,No,Bank transfer (automatic),32.72,1596.54,1,No
6084-KJRDD,Male,0,No,No,8,Yes,No,Fiber optic,No,No,No,No,No,No,Month-to-month,Yes,Bank transfer (automatic),75.84,688.8,2,No
6085-LRHCR,Male,0,No,No,55,Yes,Yes,DSL,No,Yes,No,No,No,No,One year,Yes,Electronic check,39.61,2247.72,2,No
6086-GAVMC,Female,0,Yes,Yes,1,No,No phone service,Fiber optic,No,Yes,Yes,Yes,Yes,No,Month-to-month,No,Bank transfer (automatic),65.24,18.0,2,No
6087-COUSD,Male,0,No,Yes,51,Yes,Yes,DSL,No,Yes,No,No,No,No,One year,Yes,Mailed check,50.46,2601.58,2,No
6088-MMOSP,Female,0,No,No,47,Yes,Yes,DSL,No,No,Yes,No,No,No,Month-to-month,Yes,Mailed check,41.3,1854.25,2,No
6089-GCZTB,Female,0,Yes,No,11,Yes,No,Fiber optic,No,No,Yes,Yes,Yes,No,Month-to-month,Yes,Credit card (automatic),65.7,736.67,0,Yes
6090-RYKAP,Female,0,No,No,41,Yes,Yes,DSL,Yes,No,No,No,No,No,Two year,Yes,Bank transfer (automatic),46.8,1921.08,1,No
6091-QPJQC,Female,1,Yes,No,7,Yes,Yes,Fiber optic,Yes,Yes,No,No,No,No,Month-to-month,Yes,Bank transfer (automatic),74.58,471.62,1,No
6092-RSNUY,Male,0,No,Yes,27,No,No phone service,No,No internet service,No internet service,No internet service,No internet service,No internet service,No internet service,One year,Yes,Mailed check,18.0,431.33,0,No
6093-BLKQF,Male,0,No,No,38,Yes,No,DSL,No,Yes,No,No,Yes,Yes,Two year,No,Bank transfer (automatic),49.64,1851.01,2,No
6094-SMGVK,Female,0,No,Yes,40,Yes,No,DSL,Yes,No,No,No,Yes,No,Month-to-month,Yes,Bank transfer (automatic),55.02,2222.45,2,No
6095-GMMUA,Male,0,Yes,Yes,72,Yes,No,DSL,Yes,No,Yes,No,No,No,Month-to-month,Yes,Electronic check,48.17,3519.35,0,No
6096-SSWON,Male,0,No,No,6,Yes,No,Fiber optic,Yes,Yes,No,No,No,Yes,Month-to-month,No,Mailed check,64.68,397.61,0,No
6097-CUTDG,Male,1,No,No,20,Yes,No,DSL,Yes,Yes,No,No,Yes,Yes,Two year,No,Electronic check,47.27,1060.08,2,No
6098-AWXSC,Female,0,Yes,No,67,Yes,No,No,No internet service,No internet service,No internet service,No internet service,No internet service,No internet service,One year,No,Electronic check,37.19,2400.98,1,No
6099-TOMVN,Female,0,No,No,26,Yes,No,Fiber optic,No,No,Yes,No,Yes,No,Two year,No,Credit card (automatic),64.56,1765.79,0,No
6100-GAMDL,Female,0,Yes,No,66,Yes,Yes,DSL,No,Yes,No,No,No,No,Month-to-month,Yes,Mailed check,42.48,2851.02,0,No
6101-GBQAZ,Female,0,Yes,No,18,Yes,No,DSL,Yes,Yes,Yes,No,Yes,Yes,One year,Yes,Electronic check,37.69,684.71,4,No
6102-NVUAZ,Female,1,No,No,50,Yes,No,Fiber optic,Yes,No,Yes,No,No,No,Month-to-month,Yes,Credit card (automatic),78.03,4017.74,3,Yes
6103-CKGYI,Female,0,No,No,65,Yes,Yes,No,No internet service,No internet service,No internet service,No internet service,No internet service,No internet service,Month-to-month,No,Electronic check,25.07,1567.02,5,No
6104-VCASZ,Female,0,No,No,59,Yes,Yes,Fiber optic,Yes,No,Yes,No,Yes,Yes,Two year,No,Mailed check,80.39,4668.03,2,No
6105-BUXEQ,Male,0,Yes,Yes,65,No,No phone service,DSL,Yes,No,No,Yes,Yes,Yes,Month-to-month,No,Bank transfer (automatic),49.24,3256.04,2,No
6106-SEWUN,Female,0,Yes,No,7,Yes,No,Fiber optic,No,No,Yes,Yes,No,No,Month-to-month,Yes,Mailed check,75.52,494.5,1,No
6107-JUGHH,Male,0,No,No,18,Yes,Yes,No,No internet service,No internet service,No internet service,No internet service,No internet service,No internet service,Month-to-month,Yes,Mailed check,21.97,347.35,2,Yes
6108-GMNSK,Female,0,Yes,No,6,Yes,Yes,DSL,Yes,No,No,No,No,No,Month-to-month,Yes,Electronic check,43.3,256.0,0,No
6109-BQFIS,Male,0,Yes,Yes,6,Yes,No,Fiber optic,Yes,No,No,Yes,No,No,Month-to-month,Yes,Mailed check,63.86,339.86,2,Yes
6110-EIYGD,Male,0,No,No,21,Yes,Yes,DSL,Yes,Yes,No,No,Yes,No,Month-to-month,Yes,Credit card (automatic),36.82,743.25,2,No
6111-RRTQD,Male,0,No,No,72,Yes,No,Fiber optic,No,No,Yes,Yes,No,No,Month-to-month,Yes,Electronic check,61.86,4441.37,2,No
6112-VPVWE,Male,1,Yes,No,28,Yes,No,No,No internet service,No internet service,No internet service,No internet service,No internet service,No internet service,Month-to-month,Yes,Electronic check,18.0,476.23,3,No
6113-IBBDT,Female,0,Yes,Yes,61,Yes,Yes,Fiber optic,No,Yes,No,No,No,No,Month-to-month,No,Mailed check,59.83,3644.17,2,No
6114-TQTUY,Female,0,No,No,72,Yes,No,No,No internet service,No internet service,No internet service,No internet service,No internet service,No internet service,Month-to-month,Yes,Bank transfer (automatic),38.25,2736.91,2,Yes
6115-SCEJF,Female,0,No,No,2,No,No phone service,Fiber optic,Yes,No,Yes,No,No,Yes,Month-to-month,No,Credit card (automatic),79.93,148.38,2,No
6116-CQJXL,Female,0,Yes,No,5,Yes,No,No,No internet service,No internet service,No internet service,No internet service,No internet service,No internet service,Month-to-month,Yes,Bank transfer (automatic),18.0,87.94,1,Yes
6117-ARSVT,Female,0,No,No,10,Yes,Yes,Fiber optic,Yes,Yes,No,No,Yes,No,Month-to-month,Yes,Mailed check,65.72,635.15,0,Yes
6118-DOIFL,Female,0,Yes,No,30,Yes,No,Fiber optic,Yes,No,No,Yes,No,No,Month-to-month,No,Electronic check,53.2,1628.8,1,No
6119-RWOSI,Female,0,No,Yes,2,Yes,Yes,No,No internet service,No internet service,No internet service,No internet service,No internet service,No internet service,Two year,Yes,Mailed check,18.0,18.0,1,No
6120-VXMPM,Female,0,Yes,Yes,49,Yes,No,DSL,Yes,No,No,No,Yes,No,Month-to-month,Yes,Electronic check,55.5,2748.5,2,No
6121-ARVCQ,Female,0,No,No,2,Yes,No,DSL,No,No,No,Yes,No,No,Month-to-month,Yes,Mailed check,41.47,84.95,2,No
6122-VEYFU,Female,0,No,No,5,Yes,No,DSL,No,No,Yes,Yes,No,No,One year,Yes,Mailed check,50.11,194.19,3,No
6123-QQAGV,Female,0,No,No,15,Yes,No,DSL,No,Yes,No,Yes,No,Yes,Two year,Yes,Electronic check,39.08,592.78,0,No
6124-PEPDK,Male,0,No,Yes,26,Yes,No,No,No internet service,No internet service,No internet service,No internet service,No internet service,No internet service,Month-to-month,No,Electronic check,18.0,499.23,2,No
6125-NMXHU,Male,1,Yes,No,68,Yes,No,DSL,No,No,No,No,Yes,No,Month-to-month,Yes,Mailed check,51.3,3478.6,1,No
6126-TORGU,Male,0,No,No,72,Yes,No,DSL,No,No,No,No,Yes,No,Month-to-month,No,Credit card (automatic),47.71,3351.44,2,Yes
6127-SYIKJ,Male,0,Yes,No,69,Yes,Yes,DSL,No,Yes,No,Yes,No,Yes,Month-to-month,Yes,Electronic check,32.87,2274.19,0,Yes
6128-NPHAL,Male,0,Yes,Yes,3,Yes,No,Fiber optic,No,Yes,Yes,No,Yes,Yes,Two year,Yes,Electronic check,67.83,227.23,2,No
6129-CBPDB,Female,0,Yes,No,31,Yes,No,Fiber optic,Yes,No,No,No,No,Yes,Month-to-month,No,Electronic check,54.58,1690.46,1,No
6130-LXQTU,Female,0,No,No,18,Yes,No,Fiber optic,No,No,Yes,No,No,No,Two year,Yes,Mailed check,90.66,1541.6,0,No
6131-JTHRY,Male,0,Yes,Yes,4,No,No phone service,Fiber optic,Yes,No,No,No,No,Yes,One year,Yes,Mailed check,71.2,273.45,2,Yes
6132-RRBLJ,Female,0,No,No,25,Yes,Yes,Fiber optic,No,No,Yes,No,No,No,Month-to-month,Yes,Mailed check,54.37,1338.79,2,Yes
6133-HSJKN,Male,0,No,No,14,Yes,Yes,No,No internet service,No internet service,No internet service,No internet service,No internet service,No internet service,Month-to-month,Yes,Credit card (automatic),32.36,389.55,0,No
6134-ZOXWJ,Female,1,No,No,13,Yes,No,DSL,Yes,No,No,No,No,No,One year,No,Electronic check,36.85,524.7,2,No
6135-DGKXV,Female,0,No,No,3,Yes,Yes,Fiber optic,No,No,No,No,Yes,No,Month-to-month,Yes,Credit card (automatic),70.62,274.14,2,Yes
6136-VCEZB,Male,0,Yes,No,72,Yes,Yes,No,No internet service,No internet service,No internet service,No internet service,No internet service,No internet service,Month-to-month,No,Mailed check,23.92,1667.81,0,No
6137-LUEGD,Male,0,Yes,No,41,Yes,Yes,DSL,Yes,Yes,No,No,Yes,Yes,Two year,Yes,Electronic check,45.49,1909.38,1,No
6138-KVIDV,Male,0,No,Yes,10,Yes,Yes,Fiber optic,No,No,Yes,No,No,No,Two year,Yes,Mailed check,80.54,814.82,3,No
6139-IZLPA,Female,0,Yes,Yes,72,Yes,Yes,Fiber optic,No,No,Yes,Yes,Yes,No,One year,Yes,Bank transfer (automatic),71.85,5150.06,1,No
6140-HATSD,Male,0,Yes,Yes,72,Yes,No,DSL,No,Yes,Yes,No,No,Yes,Month-to-month,No,Electronic check,46.94,3435.26,3,No
6141-NWNII,Female,0,Yes,No,53,Yes,No,Fiber optic,No,No,Yes,No,No,No,Month-to-month,Yes,Credit card (automatic),64.09,3383.74,1,No
6142-ZQOJQ,Female,0,Yes,Yes,34,Yes,Yes,No,No internet service,No internet service,No internet service,No internet service,No internet service,No internet service,One year,Yes,Electronic check,18.0,600.55,2,No
6143-IDNCY,Female,0,No,No,15,Yes,No,DSL,Yes,Yes,No,No,No,No,Two year,Yes,Mailed check,41.17,574.7,0,No
6144-ULVAA,Female,1,Yes,No,18,Yes,Yes,Fiber optic,No,Yes,No,Yes,No,Yes,Month-to-month,Yes,Credit card (automatic),61.63,1089.78,1,Yes
6145-MNPGJ,Male,0,No,No,19,Yes,No,Fiber optic,No,No,No,Yes,No,No,Month-to-month,Yes,Bank transfer (automatic),66.59,1271.08,1,No
6146-OHKXN,Male,1,Yes,No,72,Yes,No,Fiber optic,Yes,No,No,No,No,No,Month-to-month,No,Electronic check,76.79,5530.71,3,No
6147-MWMIQ,Male,1,No,No,45,Yes,Yes,Fiber optic,No,No,Yes,No,Yes,No,One year,Yes,Mailed check,60.76,2725.19,2,No
6148-RSMLU,Male,1,No,Yes,11,Yes,Yes,Fiber optic,No,No,Yes,No,Yes,Yes,Two year,Yes,Electronic check,73.79,782.53,0,Yes
6149-TTHXK,Female,0,No,No,31,Yes,No,No,No internet service,No internet service,No internet service,No internet service,No internet service,No internet service,Month-to-month,Yes,Mailed check,18.0,550.54,1,No
6150-GAJOD,Male,0,Yes,No,28,Yes,Yes,DSL,No,No,Yes,Yes,Yes,No,Month-to-month,No,Credit card (automatic),39.35,1076.96,2,No
6151-AKESS,Male,0,Yes,No,53,Yes,No,No,No internet service,No internet service,No internet service,No internet service,No internet service,No internet service,Month-to-month,No,Electronic check,18.0,1012.77,1,No
6152-DBGMT,Male,0,No,No,3,No,No phone service,Fiber optic,No,No,No,Yes,No,Yes,One year,Yes,Electronic check,59.58,146.53,0,No
6153-ULBVI,Male,0,Yes,Yes,38,Yes,No,DSL,No,Yes,No,No,No,No,Month-to-month,No,Electronic check,32.92,1169.76,0,No
6154-PHXRD,Female,0,Yes,No,12,Yes,Yes,DSL,Yes,Yes,Yes,Yes,Yes,No,Month-to-month,No,Credit card (automatic),51.01,542.78,3,No
6155-XKQHS,Female,0,No,No,4,Yes,Yes,DSL,No,No,No,Yes,No,No,Month-to-month,No,Electronic check,53.43,288.06,1,Yes
6156-HFWBO,Female,1,No,Yes,42,Yes,Yes,Fiber optic,Yes,Yes,No,No,Yes,No,Month-to-month,No,Electronic check,54.28,2321.19,1,No
6157-AFSDM,Female,0,No,No,12,Yes,Yes,Fiber optic,Yes,No,No,No,No,No,Month-to-month,Yes,Credit card (automatic),57.32,647.21,0,No
6158-OICBP,Male,0,No,Yes,41,Yes,No,DSL,No,No,No,Yes,No,No,Month-to-month,Yes,Mailed check,57.17,2339.7,0,Yes
6159-RRFRK,Female,0,No,No,5,Yes,Yes,No,No internet service,No internet service,No internet service,No internet service,No internet service,No internet service,Month-to-month,No,Credit card (automatic),30.92,109.23,2,No
6160-GWWNR,Male,1,No,No,72,No,No phone service,No,No internet service,No internet service,No internet service,No internet service,No internet service,No internet service,One year,No,Bank transfer (automatic),37.44,2681.93,3,Yes
6161-GJHXN,Male,1,Yes,No,52,Yes,No,DSL,No,No,Yes,No,Yes,No,One year,Yes,Bank transfer (automatic),61.3,3268.87,3,No
6162-RENVY,Male,0,No,No,10,Yes,Yes,DSL,Yes,No,No,No,No,No,Month-to-month,No,Bank transfer (automatic),41.49,471.43,1,No
6163-VZVJZ,Male,0,No,Yes,43,Yes,No,DSL,No,No,Yes,Yes,Yes,No,Month-to-month,Yes,Bank transfer (automatic),53.69,2307.72,1,No
6164-OFIJW,Female,0,Yes,No,4,Yes,No,Fiber optic,No,Yes,No,No,No,No,Month-to-month,No,Electronic check,73.61,166.07,2,No
6165-QANDB,Female,0,No,No,33,Yes,Yes,Fiber optic,No,No,No,Yes,No,Yes,Month-to-month,Yes,Electronic check,80.14,2652.01,2,No
6166-CGWNL,Male,0,Yes,Yes,1,Yes,No,Fiber optic,No,No,No,Yes,Yes,No,Month-to-month,Yes,Bank transfer (automatic),67.95,70.24,1,Yes
6167-SROAY,Female,0,No,No,12,Yes,Yes,Fiber optic,No,Yes,Yes,No,No,No,Month-to-month,No,Credit card (automatic),85.43,1018.14,1,No
6168-ZCYOD,Female,0,No,Yes,72,No,No phone service,No,No internet service,No internet service,No internet service,No internet service,No internet service,No internet service,Month-to-month,Yes,Electronic check,18.0,1247.51,1,No
6169-OJFMG,Male,0,Yes,No,4,No,No phone service,Fiber optic,No,Yes,No,No,Yes,No,Two year,Yes,Credit card (automatic),79.34,373.34,0,Yes
6170-ZVAVK,Male,1,Yes,Yes,29,Yes,No,Fiber optic,No,Yes,No,Yes,Yes,No,Month-to-month,No,Mailed check,56.89,1619.09,2,No
6171-NFESZ,Female,0,No,No,2,Yes,No,Fiber optic,No,No,Yes,No,No,No,One year,No,Electronic check,71.67,175.77,2,No
6172-SZMGH,Male,0,No,Yes,35,Yes,Yes,DSL,No,No,No,Yes,No,No,Two year,Yes,Credit card (automatic),31.4,1120.21,1,No
6173-NSSWZ,Female,0,Yes,No,10,Yes,No,No,No internet service,No internet service,No internet service,No internet service,No internet service,No internet service,One year,Yes,Credit card (automatic),18.0,161.9,0,No
6174-LWINF,Male,0,No,No,11,Yes,Yes,Fiber optic,No,No,Yes,Yes,No,No,Month-to-month,No,Credit card (automatic),58.95,695.29,2,No
6175-OMGKJ,Male,0,Yes,No,13,Yes,No,Fiber optic,Yes,Yes,No,Yes,No,No,Month-to-month,Yes,Mailed check,65.82,808.89,0,No
6176-AGRWC,Male,0,Yes,No,7,No,No phone service,DSL,No,No,No,Yes,Yes,No,Month-to-month,Yes,Credit card (automatic),52.07,368.31,1,No
6177-IEWXM,Male,0,No,Yes,72,Yes,No,Fiber optic,Yes,No,No,No,No,No,Two year,No,Electronic check,78.56,5746.46,1,No
6178-PPLRK,Female,0,No,Yes,72,Yes,Yes,Fiber optic,No,No,Yes,No,No,Yes,One year,No,Electronic check,69.47,4946.94,1,No
6179-QGOFF,Female,0,Yes,No,65,Yes,No,Fiber optic,No,Yes,Yes,No,No,Yes,Month-to-month,Yes,Mailed check,83.4,5414.4,1,Yes
6180-RSTSB,Female,1,No,No,3,Yes,No,Fiber optic,No,Yes,No,No,Yes,No,One year,Yes,Mailed check,62.63,204.66,3,No
6181-CNVYD,Female,0,Yes,No,8,Yes,Yes,No,No internet service,No internet service,No internet service,No internet service,No internet service,No internet service,Month-to-month,No,Credit card (automatic),24.11,206.62,2,No
6182-VQFSI,Male,0,No,No,30,Yes,No,DSL,No,No,Yes,Yes,No,No,Month-to-month,Yes,Bank transfer (automatic),51.79,1570.97,3,No
6183-DGDKV,Male,1,Yes,Yes,72,Yes,No,DSL,No,No,No,Yes,No,Yes,Month-to-month,No,Bank transfer (automatic),46.41,3293.98,1,No
6184-WBJFH,Female,0,Yes,No,29,No,No phone service,No,No internet service,No internet service,No internet service,No internet service,No internet service,No internet service,Month-to-month,Yes,Electronic check,29.04,844.17,1,No
6185-OMVBT,Female,0,Yes,Yes,12,Yes,Yes,DSL,No,No,Yes,No,No,No,Month-to-month,Yes,Credit card (automatic),29.52,325.81,1,Yes
6186-AOGXZ,Female,0,Yes,Yes,54,Yes,No,No,No internet service,No internet service,No internet service,No internet service,No internet service,No internet service,Month-to-month,Yes,Electronic check,18.0,1066.25,1,No
6187-RJOEX,Female,0,Yes,Yes,4,Yes,Yes,DSL,No,No,Yes,No,Yes,No,Month-to-month,Yes,Electronic check,35.09,135.92,2,Yes
6188-KHUHF,Female,0,Yes,No,68,Yes,No,Fiber optic,No,Yes,No,Yes,No,No,Month-to-month,No,Mailed check,74.53,4975.17,1,No
6189-OOEMN,Male,0,No,No,72,Yes,Yes,No,No internet service,No internet service,No internet service,No internet service,No internet service,No internet service,Month-to-month,No,Mailed check,23.28,1693.91,2,No
6190-KTULT,Female,0,Yes,Yes,72,Yes,No,Fiber optic,Yes,No,No,No,No,Yes,One year,Yes,Bank transfer (automatic),67.68,4933.23,0,No
6191-ACHWL,Female,0,Yes,Yes,5,Yes,Yes,Fiber optic,No,Yes,No,Yes,No,No,Month-to-month,Yes,Credit card (automatic),70.47,360.91,2,No
6192-OWCYV,Male,0,No,Yes,25,Yes,Yes,DSL,No,No,No,Yes,No,Yes,Month-to-month,Yes,Credit card (automatic),39.42,951.76,3,No
6193-HXSTF,Male,1,Yes,No,28,No,No phone service,DSL,No,No,No,No,Yes,No,One year,No,Credit card (automatic),59.3,1628.06,2,No
6194-RKLWB,Female,0,No,No,6,Yes,No,No,No internet service,No internet service,No internet service,No internet service,No internet service,No internet service,One year,Yes,Mailed check,18.0,117.28,1,Yes
6195-EDIMM,Female,0,Yes,No,25,Yes,No,No,No internet service,No internet service,No internet service,No internet service,No internet service,No internet service,Two year,Yes,Bank transfer (automatic),23.46,641.49,1,No
6196-OBWMG,Female,0,Yes,No,33,Yes,Yes,DSL,No,No,No,No,No,No,One year,No,Mailed check,29.98,1033.58,5,No
6197-WQHRO,Male,0,Yes,No,12,Yes,Yes,No,No internet service,No internet service,No internet service,No internet service,No internet service,No internet service,Two year,No,Credit card (automatic),34.03,412.4,1,No
6198-OEBPE,Female,0,Yes,Yes,12,Yes,Yes,Fiber optic,Yes,Yes,Yes,Yes,No,No,Month-to-month,No,Bank transfer (automatic),70.2,793.9,2,No
6199-WFLET,Female,0,No,Yes,1,Yes,No,Fiber optic,No,No,No,Yes,No,No,Month-to-month,No,Mailed check,66.84,63.46,0,Yes
6200-HKNXQ,Male,0,Yes,No,72,No,No phone service,DSL,No,No,No,No,Yes,No,Month-to-month,Yes,Bank transfer (automatic),52.23,3768.39,2,No
6201-JBCMQ,Male,0,No,No,52,Yes,No,Fiber optic,No,Yes,No,No,Yes,No,Month-to-month,Yes,Electronic check,71.57,3700.28,2,No
6202-CJHDM,Male,0,No,No,45,Yes,No,Fiber optic,Yes,No,No,No,Yes,No,Month-to-month,No,Electronic check,72.22,3164.73,1,No
6203-GGPEQ,Male,0,Yes,Yes,1,Yes,No,Fiber optic,No,Yes,No,No,No,Yes,Month-to-month,No,Electronic check,74.71,100.49,3,Yes
6204-JDWNE,Female,0,No,No,31,Yes,No,Fiber optic,No,No,No,Yes,Yes,No,Two year,No,Mailed check,66.76,2121.46,1,No
6205-BNXRX,Male,0,Yes,Yes,6,Yes,Yes,Fiber optic,No,Yes,No,Yes,Yes,No,Month-to-month,Yes,Mailed check,69.16,514.7,1,No
6206-KPRPU,Male,0,No,Yes,34,Yes,No,DSL,No,No,No,No,No,No,Two year,Yes,Bank transfer (automatic),37.7,1246.31,0,No
6207-DANLX,Male,1,No,No,31,Yes,No,DSL,No,No,Yes,No,Yes,No,Month-to-month,Yes,Mailed check,60.56,1829.76,2,No
6208-JSDTU,Female,0,Yes,Yes,61,Yes,No,DSL,No,No,No,Yes,Yes,Yes,Month-to-month,No,Electronic check,34.33,2096.2,1,Yes
6209-CYDZO,Male,1,No,Yes,9,No,No phone service,No,No internet service,No internet service,No internet service,No internet service,No internet service,No internet service,Two year,Yes,Electronic check,18.0,189.27,2,Yes
6210-KPDFH,Female,0,Yes,Yes,1,Yes,Yes,No,No internet service,No internet service,No internet service,No internet service,No internet service,No internet service,Month-to-month,Yes,Electronic check,18.0,18.0,0,No
6211-MWTDE,Male,0,Yes,Yes,72,Yes,Yes,No,No internet service,No internet service,No internet service,No internet service,No internet service,No internet service,Month-to-month,No,Electronic check,33.2,2376.94,1,Yes
6212-JELAX,Female,0,Yes,Yes,72,Yes,Yes,DSL,No,No,No,No,Yes,No,Month-to-month,Yes,Electronic check,43.88,3258.59,0,No
6213-JESST,Female,0,No,Yes,19,Yes,No,No,No internet service,No internet service,No internet service,No internet service,No internet service,No internet service,Two year,Yes,Bank transfer (automatic),18.0,256.02,1,No
6214-LWPEQ,Female,0,Yes,No,2,Yes,No,DSL,Yes,Yes,Yes,Yes,Yes,No,Month-to-month,Yes,Bank transfer (automatic),42.01,55.25,2,No
6215-NLMUN,Male,0,Yes,No,22,Yes,No,Fiber optic,No,No,No,Yes,No,No,One year,No,Mailed check,71.85,1522.71,4,No
6216-EVWER,Female,0,Yes,No,23,Yes,No,Fiber optic,No,No,No,No,Yes,No,One year,Yes,Electronic check,67.51,1539.8,2,No
6217-NRTAG,Male,0,Yes,No,55,Yes,Yes,DSL,No,No,No,Yes,No,Yes,Month-to-month,No,Electronic check,34.32,1805.25,0,No
6218-QCJGL,Male,0,Yes,Yes,40,Yes,No,Fiber optic,Yes,No,Yes,No,No,No,Month-to-month,Yes,Mailed check,68.99,2870.81,1,No
6219-VOWUP,Female,0,Yes,Yes,2,Yes,No,DSL,Yes,Yes,Yes,Yes,No,No,Month-to-month,Yes,Credit card (automatic),45.03,66.55,1,No
6220-HFDKQ,Male,1,Yes,No,39,Yes,No,Fiber optic,No,No,No,Yes,No,Yes,Month-to-month,Yes,Electronic check,59.69,2362.75,0,Yes
6221-BFDCG,Female,0,Yes,No,4,Yes,Yes,Fiber optic,Yes,Yes,Yes,No,Yes,No,Two year,Yes,Electronic check,60.4,339.74,2,No
6222-GPBHO,Male,0,No,Yes,2,No,No phone service,Fiber optic,No,No,No,No,Yes,No,Month-to-month,No,Mailed check,67.84,168.77,2,No
6223-PAJGP,Female,0,No,No,16,Yes,No,Fiber optic,No,Yes,Yes,No,Yes,Yes,Month-to-month,Yes,Bank transfer (automatic),70.15,1119.24,0,No
6224-JLQML,Male,1,Yes,No,2,Yes,No,DSL,Yes,Yes,No,Yes,No,Yes,One year,Yes,Mailed check,25.48,58.62,3,No
6225-ONSSZ,Female,0,No,Yes,56,Yes,No,No,No internet service,No internet service,No internet service,No internet service,No internet service,No internet service,Month-to-month,Yes,Bank transfer (automatic),18.0,973.65,0,No
6226-NRZET,Male,0,Yes,No,19,Yes,No,No,No internet service,No internet service,No internet service,No internet service,No internet service,No internet service,Two year,Yes,Electronic check,18.0,321.72,1,No
6227-FRNDW,Male,0,No,No,28,Yes,Yes,No,No internet service,No internet service,No internet service,No internet service,No internet service,No internet service,Month-to-month,Yes,Electronic check,29.33,927.84,0,No
6228-AMKCQ,Female,0,Yes,No,27,Yes,No,Fiber optic,No,No,No,No,No,No,Two year,No,Electronic check,75.27,2061.94,2,No
6229-RYJPU,Male,1,No,Yes,72,Yes,No,No,No internet service,No internet service,No internet service,No internet service,No internet service,No internet service,Month-to-month,No,Credit card (automatic),18.0,1267.26,1,No
6230-MTLDH,Male,0,No,Yes,72,Yes,No,Fiber optic,No,Yes,No,No,No,Yes,Two year,Yes,Credit card (automatic),71.58,5254.55,0,No
6231-LSOPL,Female,0,No,No,60,No,No phone service,DSL,No,Yes,No,No,Yes,No,Month-to-month,Yes,Electronic check,35.55,2122.88,1,Yes
6232-TRVLP,Female,0,No,Yes,15,Yes,Yes,DSL,Yes,No,Yes,Yes,No,No,One year,Yes,Bank transfer (automatic),49.1,795.8,1,No
6233-YTKVT,Female,0,No,Yes,5,Yes,Yes,Fiber optic,No,No,No,Yes,Yes,No,One year,No,Credit card (automatic),65.35,361.71,3,No
6234-NBMNF,Female,1,Yes,No,28,Yes,No,Fiber optic,No,No,No,Yes,No,Yes,Month-to-month,Yes,Credit card (automatic),89.14,2488.75,2,Yes
6235-LGDGM,Female,1,No,Yes,18,Yes,No,No,No internet service,No internet service,No internet service,No internet service,No internet service,No internet service,Month-to-month,No,Mailed check,18.0,293.19,2,No
6236-KHSBU,Male,0,Yes,No,8,No,No phone service,No,No internet service,No internet service,No internet service,No internet service,No internet service,No internet service,Two year,Yes,Credit card (automatic),18.0,176.96,0,No
6237-RZUJF,Female,0,Yes,No,3,No,No phone service,Fiber optic,No,No,Yes,Yes,No,No,Month-to-month,Yes,Credit card (automatic),68.04,295.63,1,Yes
6238-XVDSN,Male,0,Yes,No,18,Yes,No,DSL,No,No,No,Yes,Yes,No,Month-to-month,No,Bank transfer (automatic),35.71,628.97,0,No
6239-NRQRR,Male,0,No,No,33,Yes,Yes,Fiber optic,Yes,No,No,Yes,No,Yes,Month-to-month,No,Electronic check,51.16,1727.86,1,No
6240-EIADZ,Male,1,Yes,No,31,Yes,Yes,Fiber optic,Yes,Yes,No,No,Yes,No,Two year,No,Bank transfer (automatic),61.87,1871.76,0,No
6241-GKNJS,Male,0,No,No,47,No,No phone service,DSL,No,Yes,No,Yes,Yes,No,Month-to-month,No,Bank transfer (automatic),54.12,2572.33,1,No
6242-HCHRE,Male,0,No,No,20,Yes,Yes,No,No internet service,No internet service,No internet service,No internet service,No internet service,No internet service,Two year,Yes,Credit card (automatic),18.0,390.03,4,No
6243-TKISL,Female,0,Yes,No,12,Yes,No,DSL,Yes,No,No,No,Yes,No,Month-to-month,No,Mailed check,38.01,443.75,0,No
6244-EPZYM,Female,0,Yes,Yes,24,Yes,Yes,Fiber optic,No,No,No,No,No,No,Month-to-month,Yes,Bank transfer (automatic),68.59,1612.35,3,No
6245-FPRQL,Female,1,No,Yes,72,Yes,Yes,Fiber optic,No,No,No,No,No,No,Month-to-month,No,Mailed check,85.83,6211.32,0,Yes
6246-AGNRW,Female,0,No,Yes,1,Yes,No,DSL,Yes,No,Yes,Yes,No,Yes,Month-to-month,Yes,Electronic check,59.74,109.36,2,No
6247-ATJOK,Female,0,Yes,No,24,Yes,No,Fiber optic,No,Yes,No,No,No,Yes,Month-to-month,Yes,Electronic check,69.76,1693.39,2,Yes
6248-DOUPZ,Female,0,Yes,No,12,Yes,Yes,DSL,Yes,No,No,No,No,Yes,Month-to-month,Yes,Electronic check,44.82,570.13,0,No
6249-OQWKR,Male,0,Yes,Yes,3,Yes,Yes,DSL,No,Yes,No,Yes,Yes,No,One year,No,Mailed check,18.0,147.2,2,No
6250-POKMR,Female,0,Yes,Yes,18,Yes,No,DSL,Yes,No,No,No,Yes,No,Month-to-month,Yes,Electronic check,37.84,736.1,1,No
6251-HIVKQ,Female,0,Yes,No,32,Yes,No,DSL,No,Yes,Yes,Yes,No,No,Month-to-month,Yes,Electronic check,52.28,1616.88,2,No
6252-AKGHS,Female,0,No,No,24,Yes,Yes,No,No internet service,No internet service,No internet service,No internet service,No internet service,No internet service,Month-to-month,Yes,Electronic check,21.94,524.42,1,Yes
6253-YDDSX,Female,0,No,No,1,Yes,Yes,Fiber optic,Yes,Yes,No,No,No,Yes,Month-to-month,Yes,Electronic check,76.97,55.23,2,No
6254-IQRAN,Female,1,No,No,27,Yes,No,DSL,No,No,Yes,No,No,Yes,Month-to-month,Yes,Mailed check,48.3,1288.09,2,No
6255-DJWNG,Male,1,Yes,Yes,8,Yes,No,No,No internet service,No internet service,No internet service,No internet service,No internet service,No internet service,Month-to-month,No,Mailed check,21.14,156.68,2,No
6256-LVPEK,Male,0,Yes,No,13,Yes,No,Fiber optic,Yes,No,No,No,No,No,Two year,No,Electronic check,60.92,865.89,0,Yes
6257-DMHGK,Male,0,No,Yes,11,No,No phone service,DSL,No,No,No,No,No,No,Month-to-month,Yes,Bank transfer (automatic),48.3,460.47,0,No
6258-KZQVN,Female,1,No,No,62,Yes,No,Fiber optic,No,No,Yes,No,No,Yes,Two year,Yes,Credit card (automatic),86.05,5301.95,3,No
6259-BTUHV,Female,0,Yes,No,1,No,No phone service,Fiber optic,No,No,No,Yes,No,No,One year,Yes,Mailed check,54.82,43.81,1,No
6260-BUOEF,Female,0,No,No,13,Yes,No,Fiber optic,No,No,Yes,No,No,No,Month-to-month,No,Electronic check,66.24,807.98,1,Yes
6261-QHSEW,Male,0,No,No,16,Yes,No,Fiber optic,Yes,Yes,Yes,No,No,No,Two year,Yes,Credit card (automatic),59.93,908.79,1,No
6262-SNJMV,Male,1,No,No,30,Yes,No,DSL,Yes,No,No,No,Yes,No,Month-to-month,Yes,Mailed check,61.67,1819.27,1,Yes
6263-EGJKC,Female,0,No,No,49,Yes,No,No,No internet service,No internet service,No internet service,No internet service,No internet service,No internet service,Month-to-month,Yes,Electronic check,22.41,1124.19,2,No
6264-MBDCO,Female,0,No,No,41,No,No phone service,DSL,No,No,No,No,No,No,Two year,Yes,Credit card (automatic),39.49,1601.01,5,No
6265-DWUDO,Male,0,Yes,Yes,44,Yes,No,Fiber optic,No,Yes,No,No,Yes,Yes,One year,Yes,Electronic check,68.21,3042.47,1,No
6266-FWELG,Male,0,No,No,6,Yes,Yes,No,No internet service,No internet service,No internet service,No internet service,No internet service,No internet service,Month-to-month,Yes,Electronic check,32.6,177.37,0,No
6267-CGLOS,Male,0,Yes,Yes,72,Yes,No,DSL,No,No,Yes,Yes,No,Yes,Month-to-month,Yes,Bank transfer (automatic),45.35,3277.84,2,No
6268-FHFZC,Female,1,Yes,No,17,Yes,No,Fiber optic,No,Yes,No,Yes,Yes,No,One year,Yes,Credit card (automatic),77.35,1360.36,0,No
6269-EIXPV,Male,0,Yes,No,1,No,No phone service,No,No internet service,No internet service,No internet service,No internet service,No internet service,No internet service,Month-to-month,No,Mailed check,21.44,48.76,2,No
6270-PIRMK,Female,0,Yes,No,35,Yes,No,No,No internet service,No internet service,No internet service,No internet service,No internet service,No internet service,One year,Yes,Electronic check,41.04,1414.56,2,No
6271-YJJFP,Female,1,No,No,29,Yes,Yes,Fiber optic,No,Yes,No,No,No,No,Month-to-month,Yes,Bank transfer (automatic),91.52,2655.18,0,No
6272-YLDEB,Female,0,Yes,No,4,Yes,No,Fiber optic,No,No,Yes,No,No,Yes,Month-to-month,Yes,Bank transfer (automatic),82.31,355.31,1,Yes
6273-SADLB,Male,0,No,No,72,Yes,No,Fiber optic,No,No,No,No,Yes,Yes,Month-to-month,No,Mailed check,60.65,4380.75,2,Yes
6274-LPBQZ,Male,0,Yes,Yes,26,Yes,No,Fiber optic,No,Yes,No,No,No,Yes,Month-to-month,Yes,Mailed check,61.18,1636.93,0,No
6275-BDFWG,Male,0,Yes,No,20,Yes,Yes,Fiber optic,No,No,Yes,No,No,No,One year,Yes,Bank transfer (automatic),69.71,1369.65,5,Yes
6276-WOTLE,Male,0,No,No,16,Yes,No,DSL,Yes,Yes,Yes,No,No,No,One year,Yes,Mailed check,46.52,773.6,1,No
6277-NPKLS,Female,1,Yes,No,7,Yes,Yes,No,No internet service,No internet service,No internet service,No internet service,No internet service,No internet service,Month-to-month,Yes,Bank transfer (automatic),21.39,177.04,1,No
6278-QXZGI,Female,0,No,No,72,Yes,No,DSL,No,Yes,No,Yes,Yes,No,One year,No,Electronic check,46.66,3334.6,4,No
6279-NZTLO,Female,1,Yes,No,38,No,No phone service,DSL,No,Yes,No,Yes,No,No,Two year,Yes,Bank transfer (automatic),56.91,2189.55,2,No
6280-LUUWM,Female,0,No,Yes,26,Yes,No,Fiber optic,No,No,Yes,Yes,No,Yes,Month-to-month,No,Credit card (automatic),77.73,2037.58,2,No
6281-IXGAJ,Male,0,Yes,No,31,Yes,Yes,DSL,No,No,No,Yes,No,Yes,One year,No,Bank transfer (automatic),40.54,1260.56,2,No
6282-FZOOI,Female,0,No,No,58,No,No phone service,Fiber optic,No,No,No,Yes,Yes,No,One year,Yes,Mailed check,74.0,4277.23,1,No
6283-MWAIC,Male,1,Yes,No,32,Yes,No,DSL,No,Yes,Yes,No,Yes,Yes,Month-to-month,Yes,Electronic check,64.86,1978.74,0,No
6284-ITYOX,Female,0,No,No,3,Yes,No,DSL,Yes,Yes,No,No,Yes,Yes,Month-to-month,No,Mailed check,62.87,152.48,1,No
6285-GDYTQ,Male,0,No,No,38,Yes,Yes,Fiber optic,No,Yes,No,No,Yes,No,Month-to-month,No,Credit card (automatic),68.92,2597.52,0,No
6286-VDZSE,Female,0,Yes,No,26,Yes,Yes,Fiber optic,No,No,Yes,Yes,No,Yes,Two year,Yes,Credit card (automatic),70.56,1877.12,2,No
6287-PCKYV,Female,0,Yes,Yes,72,Yes,No,Fiber optic,No,Yes,No,Yes,No,Yes,Month-to-month,Yes,Bank transfer (automatic),63.67,4516.37,4,Yes
6288-OSUXN,Male,0,No,Yes,42,Yes,No,No,No internet service,No internet service,No internet service,No internet service,No internet service,No internet service,Month-to-month,No,Credit card (automatic),18.0,724.38,1,No
6289-PXFEU,Female,0,No,No,13,Yes,No,DSL,Yes,No,No,Yes,Yes,No,One year,Yes,Electronic check,43.63,570.81,3,No
6290-QPBKD,Male,0,Yes,Yes,4,Yes,No,DSL,No,No,No,Yes,Yes,No,Two year,Yes,Bank transfer (automatic),26.78,120.08,1,No
6291-FGQHA,Female,0,No,Yes,21,No,No phone service,Fiber optic,Yes,Yes,No,Yes,No,No,Two year,No,Electronic check,59.56,1180.25,3,No
6292-YOTLO,Male,1,No,No,36,Yes,No,DSL,No,Yes,Yes,No,Yes,No,Two year,Yes,Credit card (automatic),40.04,1570.4,0,No
6293-WVOIP,Male,0,No,No,6,Yes,No,DSL,Yes,No,No,No,No,No,One year,Yes,Bank transfer (automatic),50.18,390.28,3,No
6294-BOOGU,Male,0,No,No,33,Yes,No,No,No internet service,No internet service,No internet service,No internet service,No internet service,No internet service,Month-to-month,Yes,Credit card (automatic),28.33,924.1,1,No
6295-MWQKJ,Male,0,No,No,55,Yes,No,Fiber optic,No,No,Yes,No,Yes,Yes,Month-to-month,Yes,Mailed check,76.43,4210.53,2,Yes
6296-YANEH,Female,0,No,Yes,5,Yes,Yes,DSL,Yes,Yes,Yes,No,No,No,Month-to-month,Yes,Electronic check,46.96,244.99,1,Yes
6297-AGBGG,Male,1,No,Yes,39,Yes,Yes,Fiber optic,No,No,Yes,No,No,No,Month-to-month,Yes,Electronic check,67.06,2529.67,1,Yes
6298-IVDWG,Male,0,Yes,No,2,No,No phone service,Fiber optic,No,Yes,Yes,No,No,Yes,One year,Yes,Credit card (automatic),72.57,154.26,1,No
6299-TRMKI,Male,0,No,No,1,Yes,No,DSL,No,Yes,Yes,No,No,No,One year,No,Mailed check,43.0,59.43,1,No
6300-NHUNU,Male,0,No,No,1,Yes,Yes,Fiber optic,No,Yes,No,Yes,No,Yes,Month-to-month,Yes,Electronic check,86.25,103.11,1,Yes
6301-QYNZX,Female,0,No,Yes,31,Yes,Yes,DSL,No,Yes,Yes,Yes,No,Yes,Month-to-month,Yes,Electronic check,36.19,1157.1,2,Yes
6302-EJFJK,Male,0,Yes,No,72,Yes,No,Fiber optic,No,No,No,Yes,No,No,Month-to-month,Yes,Mailed check,70.61,5031.38,2,No
6303-ZXFJN,Female,0,Yes,No,47,Yes,No,Fiber optic,No,No,No,No,Yes,No,Month-to-month,No,Electronic check,85.55,3947.63,1,Yes
6304-TCGBG,Female,0,No,Yes,9,Yes,Yes,Fiber optic,No,Yes,Yes,No,Yes,Yes,Two year,Yes,Mailed check,52.47,486.5,3,Yes
6305-QMZUI,Male,0,No,Yes,2,No,No phone service,No,No internet service,No internet service,No internet service,No internet service,No internet service,No internet service,Month-to-month,No,Electronic check,18.0,87.18,0,Yes
6306-MOMQH,Male,0,Yes,No,30,Yes,No,DSL,No,No,No,No,No,No,Two year,No,Mailed check,41.82,1207.92,0,No
6307-IIHPT,Male,0,Yes,Yes,1,Yes,No,Fiber optic,No,No,No,No,No,Yes,Month-to-month,Yes,Electronic check,88.49,95.73,2,Yes
6308-GQGFE,Male,0,No,No,50,Yes,Yes,Fiber optic,Yes,Yes,No,No,No,No,One year,No,Electronic check,70.4,3541.92,1,No
6309-QHZAP,Female,0,No,Yes,8,Yes,Yes,Fiber optic,No,No,Yes,No,Yes,No,Month-to-month,Yes,Credit card (automatic),54.05,434.52,0,No
6310-QCMHP,Female,0,No,Yes,11,Yes,Yes,Fiber optic,Yes,No,No,No,No,No,Month-to-month,Yes,Electronic check,74.85,845.43,1,Yes
6311-XGUOX,Male,0,No,No,13,No,No phone service,DSL,No,No,Yes,Yes,No,No,Two year,Yes,Credit card (automatic),50.83,618.39,4,Yes
6312-BXBJE,Male,0,Yes,Yes,46,Yes,Yes,Fiber optic,No,No,Yes,No,Yes,Yes,Month-to-month,No,Bank transfer (automatic),70.62,3200.04,3,No
6313-DOMQU,Female,0,No,Yes,9,Yes,No,DSL,No,No,No,Yes,No,No,Two year,Yes,Electronic check,34.53,311.01,0,No
6314-WARON,Female,0,No,No,10,No,No phone service,DSL,Yes,Yes,Yes,No,No,No,Two year,Yes,Electronic check,29.77,445.52,2,No
6315-ILEWB,Male,0,No,Yes,24,Yes,Yes,No,No internet service,No internet service,No internet service,No internet service,No internet service,No internet service,Month-to-month,Yes,Bank transfer (automatic),18.0,441.7,1,Yes
6316-WWGUI,Male,1,Yes,No,19,Yes,Yes,Fiber optic,No,No,No,No,Yes,Yes,Month-to-month,Yes,Credit card (automatic),76.63,1517.47,0,Yes
6317-RDBXA,Male,0,Yes,No,72,Yes,Yes,Fiber optic,Yes,No,Yes,No,No,No,Two year,No,Mailed check,72.63,5184.39,1,No
6318-YLMNE,Male,0,No,Yes,9,No,No phone service,No,No internet service,No internet service,No internet service,No internet service,No internet service,No internet service,Two year,No,Bank transfer (automatic),28.06,216.62,3,No
6319-CDQSK,Male,0,No,Yes,3,Yes,No,Fiber optic,Yes,Yes,No,No,No,No,Month-to-month,Yes,Credit card (automatic),71.41,176.96,3,No
6320-HLRRI,Male,1,No,No,24,No,No phone service,Fiber optic,No,Yes,Yes,No,No,No,Two year,No,Bank transfer (automatic),67.23,1591.89,1,Yes
6321-EUQMF,Female,0,No,No,6,Yes,Yes,DSL,No,No,No,Yes,Yes,No,Month-to-month,Yes,Mailed check,56.41,268.0,2,Yes
6322-XVNOW,Female,0,Yes,No,17,Yes,No,DSL,Yes,No,No,No,No,Yes,One year,No,Electronic check,44.35,783.09,1,No
6323-NDRAL,Female,0,No,No,6,Yes,Yes,Fiber optic,No,No,Yes,No,No,No,One year,Yes,Bank transfer (automatic),63.62,415.14,2,No
6324-VIJUR,Female,1,No,Yes,68,Yes,No,Fiber optic,No,No,Yes,No,No,No,Month-to-month,No,Credit card (automatic),48.03,3257.47,1,No
6325-QSDPG,Male,0,No,No,12,Yes,No,Fiber optic,No,No,No,No,No,Yes,Month-to-month,No,Electronic check,62.35,750.7,0,Yes
6326-IHYGJ,Male,0,No,No,47,Yes,No,DSL,Yes,No,No,No,Yes,No,Month-to-month,No,Bank transfer (automatic),44.58,2150.08,0,No
6327-HXQLN,Female,0,Yes,Yes,72,Yes,Yes,Fiber optic,No,No,Yes,No,No,No,One year,No,Electronic check,54.68,3953.14,1,No
6328-LYBLN,Male,0,No,Yes,72,Yes,No,Fiber optic,No,No,Yes,No,No,Yes,One year,Yes,Credit card (automatic),70.73,5029.89,0,No
6329-GZZMU,Male,0,Yes,No,23,Yes,Yes,No,No internet service,No internet service,No internet service,No internet service,No internet service,No internet service,Two year,Yes,Mailed check,36.23,811.42,2,No
6330-DAQCQ,Male,0,No,No,72,Yes,Yes,Fiber optic,No,Yes,Yes,No,No,Yes,Two year,Yes,Electronic check,61.58,4449.7,2,No
6331-HCJBV,Female,1,No,Yes,34,Yes,Yes,DSL,No,No,No,No,Yes,No,Month-to-month,Yes,Electronic check,41.23,1414.28,0,No
6332-DNKNM,Female,0,No,No,4,Yes,No,No,No internet service,No internet service,No internet service,No internet service,No internet service,No internet service,Month-to-month,No,Electronic check,28.32,174.24,2,No
6333-DBBKV,Female,0,No,Yes,70,Yes,Yes,Fiber optic,Yes,No,No,Yes,No,No,Two year,Yes,Bank transfer (automatic),73.93,5133.78,2,No
6334-EITUQ,Female,0,Yes,No,20,Yes,No,DSL,Yes,Yes,Yes,No,Yes,Yes,Month-to-month,Yes,Credit card (automatic),33.92,675.16,0,No
6335-LRCEU,Female,1,Yes,Yes,5,Yes,Yes,Fiber optic,Yes,No,No,No,Yes,Yes,Month-to-month,Yes,Mailed check,70.16,344.93,2,No
6336-TNPZS,Female,1,No,No,50,Yes,Yes,DSL,No,No,No,Yes,No,Yes,Month-to-month,No,Mailed check,52.53,2559.32,0,No
6337-IQVGJ,Female,0,Yes,No,31,Yes,No,DSL,Yes,No,No,No,Yes,No,One year,No,Electronic check,35.27,1152.8,4,No
6338-DJCXI,Male,0,Yes,No,68,Yes,No,DSL,No,Yes,No,No,No,No,One year,Yes,Bank transfer (automatic),45.29,3248.85,1,No
6339-MAOOK,Female,0,No,No,56,Yes,No,DSL,No,Yes,Yes,Yes,No,No,Month-to-month,No,Bank transfer (automatic),33.75,1796.67,2,No
6340-JYGAG,Male,0,No,No,12,No,No phone service,Fiber optic,No,No,No,No,No,Yes,Month-to-month,Yes,Credit card (automatic),67.4,819.93,1,No
6341-EZWPY,Male,0,Yes,Yes,9,Yes,No,DSL,No,No,No,No,No,No,Two year,Yes,Credit card (automatic),32.29,215.0,2,No
6342-HVBHN,Female,0,Yes,Yes,42,Yes,Yes,DSL,No,No,No,No,No,No,One year,Yes,Electronic check,33.11,1455.74,2,No
6343-DXOGT,Male,0,Yes,No,27,Yes,Yes,Fiber optic,No,No,No,Yes,No,No,Two year,Yes,Credit card (automatic),84.94,2196.81,2,No
6344-HKBIF,Male,0,No,No,2,Yes,No,Fiber optic,No,Yes,No,No,No,No,Two year,No,Electronic check,66.99,123.08,6,No
6345-WZACJ,Female,0,Yes,No,6,Yes,Yes,DSL,Yes,No,Yes,No,Yes,No,Month-to-month,Yes,Electronic check,65.52,418.78,1,No
6346-ELWAI,Male,0,No,Yes,5,Yes,No,No,No internet service,No internet service,No internet service,No internet service,No internet service,No internet service,Two year,No,Mailed check,18.0,153.34,2,No
6347-UMSGZ,Female,0,No,No,28,Yes,No,Fiber optic,No,Yes,No,No,No,No,Two year,No,Electronic check,73.84,2056.57,1,No
6348-PHZZS,Male,1,Yes,Yes,2,Yes,No,Fiber optic,No,No,Yes,No,No,Yes,Month-to-month,No,Electronic check,78.85,122.06,1,No
6349-GWDJY,Male,0,Yes,No,7,Yes,No,Fiber optic,No,Yes,Yes,No,Yes,No,Month-to-month,Yes,Bank transfer (automatic),73.31,488.29,0,Yes
6350-AQUMS,Male,1,No,Yes,25,Yes,Yes,Fiber optic,Yes,Yes,No,No,No,No,Month-to-month,Yes,Mailed check,63.42,1544.46,0,Yes
6351-ZMIEW,Male,0,Yes,No,4,Yes,No,DSL,Yes,No,Yes,No,Yes,Yes,Month-to-month,Yes,Mailed check,51.02,230.15,1,No
6352-ABKDI,Female,0,No,Yes,9,Yes,Yes,DSL,No,No,No,Yes,No,Yes,Month-to-month,No,Bank transfer (automatic),27.28,218.43,4,Yes
6353-EEYHB,Female,0,No,No,72,Yes,No,DSL,No,No,No,No,Yes,No,Month-to-month,Yes,Electronic check,45.15,3209.97,1,No
6354-GQZKO,Female,0,Yes,No,38,Yes,Yes,DSL,Yes,Yes,No,Yes,No,Yes,Two year,No,Credit card (automatic),52.68,1940.49,0,No
6355-YCMRT,Male,0,Yes,No,11,Yes,Yes,Fiber optic,No,No,Yes,No,Yes,No,Month-to-month,No,Mailed check,66.91,722.42,1,No
6356-TCBET,Male,0,No,No,67,Yes,No,DSL,Yes,No,Yes,No,Yes,Yes,Two year,No,Mailed check,24.57,1642.26,0,No
6357-EMHPR,Male,1,Yes,Yes,9,Yes,No,No,No internet service,No internet service,No internet service,No internet service,No internet service,No internet service,One year,No,Electronic check,18.0,87.55,3,Yes
6358-YZPAH,Male,0,Yes,No,28,Yes,Yes,Fiber optic,No,Yes,Yes,No,No,No,Month-to-month,Yes,Bank transfer (automatic),77.94,2149.35,1,Yes
6359-UBXEZ,Female,0,Yes,No,14,No,No phone service,Fiber optic,No,No,No,No,Yes,No,Month-to-month,No,Credit card (automatic),52.14,657.66,0,Yes
6360-ONZCG,Male,0,No,Yes,44,Yes,No,Fiber optic,No,Yes,No,Yes,No,No,One year,Yes,Bank transfer (automatic),71.1,3142.29,4,Yes
6361-DKZLO,Female,0,No,No,14,Yes,Yes,Fiber optic,Yes,No,No,No,Yes,Yes,Month-to-month,No,Electronic check,69.94,1019.25,5,Yes
6362-FZXAR,Male,0,Yes,No,9,Yes,No,DSL,No,No,Yes,No,No,Yes,Month-to-month,Yes,Credit card (automatic),46.82,467.59,1,Yes
6363-NXGJI,Male,0,No,No,29,Yes,Yes,Fiber optic,No,No,Yes,No,No,No,Two year,No,Bank transfer (automatic),60.36,1739.49,0,No
6364-BHVAT,Female,0,Yes,No,43,No,No phone service,DSL,No,No,Yes,Yes,No,No,Month-to-month,Yes,Credit card (automatic),61.91,2642.44,1,No
6365-BGYPV,Female,0,No,No,24,Yes,No,Fiber optic,No,No,No,Yes,No,No,Month-to-month,No,Mailed check,71.49,1654.48,2,No
6366-DUQDZ,Female,0,Yes,Yes,40,Yes,Yes,Fiber optic,No,Yes,Yes,Yes,Yes,No,Month-to-month,Yes,Electronic check,74.89,2974.28,2,Yes
6367-CIVOT,Female,0,Yes,No,17,Yes,Yes,Fiber optic,No,Yes,No,No,No,No,Two year,Yes,Electronic check,73.74,1326.44,0,No
6368-CLOTH,Male,0,No,Yes,50,Yes,No,Fiber optic,No,No,No,No,Yes,Yes,One year,Yes,Credit card (automatic),61.93,3076.59,2,No
6369-LUMOK,Female,0,Yes,No,28,Yes,No,Fiber optic,No,Yes,No,Yes,No,No,One year,Yes,Electronic check,83.91,2367.66,1,No
6370-QUXLT,Female,1,Yes,No,6,Yes,Yes,DSL,No,Yes,Yes,No,No,No,Month-to-month,Yes,Bank transfer (automatic),18.0,167.6,1,No
6371-RPCIG,Male,0,No,No,70,Yes,Yes,DSL,No,No,No,No,Yes,Yes,One year,No,Electronic check,46.33,3329.8,3,No
6372-SESJT,Male,0,No,No,58,No,No phone service,Fiber optic,Yes,Yes,No,No,No,Yes,One year,Yes,Bank transfer (automatic),79.46,4629.95,1,No
6373-LHCSK,Male,1,No,No,72,Yes,Yes,Fiber optic,Yes,No,Yes,No,Yes,Yes,Two year,No,Credit card (automatic),71.75,5153.02,2,No
6374-HZMZW,Male,0,No,No,26,Yes,Yes,Fiber optic,No,Yes,Yes,No,Yes,Yes,Month-to-month,No,Mailed check,75.04,1992.99,0,No
6375-WJRLG,Female,0,No,No,36,Yes,Yes,DSL,No,No,No,No,Yes,No,Month-to-month,No,Mailed check,39.33,1464.54,3,No
6376-ZKJCG,Female,0,Yes,Yes,63,No,No phone service,DSL,Yes,No,No,No,No,No,Month-to-month,No,Electronic check,45.83,2825.5,3,Yes
6377-DHHFM,Male,1,Yes,Yes,1,Yes,No,Fiber optic,No,No,No,Yes,No,Yes,One year,No,Mailed check,72.1,56.28,3,No
6378-LCFVS,Female,0,Yes,No,72,Yes,No,No,No internet service,No internet service,No internet service,No internet service,No internet service,No internet service,Month-to-month,No,Credit card (automatic),18.0,1255.28,4,No
6379-KDOBO,Female,0,Yes,No,10,Yes,Yes,Fiber optic,Yes,No,Yes,Yes,Yes,No,Month-to-month,Yes,Credit card (automatic),84.31,792.5,2,No
6380-QBGZP,Male,0,No,No,1,Yes,No,Fiber optic,No,Yes,Yes,No,Yes,No,Month-to-month,No,Bank transfer (automatic),87.26,201.02,1,Yes
6381-EPYSB,Female,0,Yes,No,8,Yes,Yes,Fiber optic,No,No,No,No,Yes,Yes,Month-to-month,Yes,Mailed check,70.69,431.22,0,Yes
6382-ODBWJ,Female,0,Yes,No,28,Yes,No,Fiber optic,No,Yes,Yes,No,No,Yes,Month-to-month,No,Electronic check,65.07,1793.36,1,No
6383-VXERD,Male,0,Yes,No,1,Yes,No,No,No internet service,No internet service,No internet service,No internet service,No internet service,No internet service,Month-to-month,Yes,Mailed check,20.39,40.77,2,No
6384-ARTFT,Female,0,Yes,Yes,1,Yes,No,Fiber optic,Yes,Yes,Yes,No,Yes,Yes,Month-to-month,No,Credit card (automatic),74.63,107.57,0,No
6385-TNZJR,Female,0,No,No,32,Yes,Yes,Fiber optic,Yes,No,No,No,No,Yes,Month-to-month,Yes,Electronic check,71.3,2289.45,1,No
6386-ILJXX,Male,0,Yes,Yes,19,Yes,Yes,DSL,No,Yes,No,No,No,Yes,Month-to-month,No,Credit card (automatic),51.04,974.61,0,No
6387-USFNY,Female,0,Yes,No,59,Yes,No,DSL,Yes,No,Yes,Yes,Yes,Yes,Month-to-month,No,Electronic check,48.22,2776.07,5,No
6388-HWNKX,Male,0,No,Yes,9,Yes,No,Fiber optic,No,No,Yes,No,Yes,Yes,Month-to-month,Yes,Mailed check,70.69,589.27,3,No
6389-PTFOO,Male,0,No,No,10,Yes,Yes,Fiber optic,No,Yes,No,Yes,No,Yes,One year,No,Credit card (automatic),55.2,569.92,3,No
6390-NULBH,Male,0,No,Yes,2,Yes,No,Fiber optic,No,No,Yes,Yes,Yes,Yes,Month-to-month,No,Credit card (automatic),89.57,218.67,1,Yes
6391-SNEXI,Male,0,No,Yes,24,Yes,Yes,DSL,No,No,No,No,No,No,Two year,No,Bank transfer (automatic),35.75,868.07,1,No
6392-MINEB,Male,0,No,No,14,Yes,Yes,Fiber optic,No,No,No,No,Yes,Yes,Month-to-month,Yes,Mailed check,68.05,975.21,2,No
6393-GPKKW,Male,0,Yes,Yes,13,Yes,No,Fiber optic,No,Yes,No,No,No,Yes,One year,Yes,Bank transfer (automatic),58.77,864.73,1,Yes
6394-LMHXP,Female,0,Yes,No,19,Yes,Yes,No,No internet service,No internet service,No internet service,No internet service,No internet service,No internet service,Two year,Yes,Credit card (automatic),22.62,406.74,2,No
6395-UAMKD,Male,1,No,No,60,Yes,No,DSL,Yes,No,Yes,No,Yes,No,One year,Yes,Electronic check,64.12,3862.25,1,No
6396-DOCXS,Female,0,Yes,No,3,Yes,Yes,Fiber optic,No,No,No,No,No,No,Two year,No,Electronic check,71.07,241.39,2,No
6397-UBFVX,Male,0,Yes,No,23,No,No phone service,DSL,Yes,No,No,No,No,No,One year,No,Credit card (automatic),34.46,817.67,4,No
6398-HQEBZ,Male,0,Yes,No,6,Yes,No,Fiber optic,No,No,No,Yes,Yes,No,Two year,No,Bank transfer (automatic),78.53,467.41,2,No
6399-LEJIT,Male,0,Yes,Yes,7,Yes,No,No,No internet service,No internet service,No internet service,No internet service,No internet service,No internet service,Month-to-month,Yes,Bank transfer (automatic),32.22,271.61,4,No
6400-HAXFX,Female,0,No,No,9,No,No phone service,Fiber optic,No,Yes,Yes,Yes,No,No,Month-to-month,Yes,Bank transfer (automatic),63.83,606.66,1,No
6401-VKCOK,Female,0,Yes,No,19,Yes,Yes,Fiber optic,No,No,Yes,No,Yes,No,Month-to-month,Yes,Mailed check,81.57,1570.23,2,No
6402-XEZPU,Male,1,Yes,Yes,21,Yes,No,DSL,Yes,Yes,No,No,Yes,Yes,Two year,No,Credit card (automatic),49.79,994.8,1,No
6403-GFIGC,Female,1,No,Yes,65,Yes,Yes,Fiber optic,Yes,Yes,No,Yes,Yes,Yes,One year,Yes,Electronic check,83.57,5453.44,0,No
6404-KLUYK,Male,0,No,No,71,Yes,No,No,No internet service,No internet service,No internet service,No internet service,No internet service,No internet service,Month-to-month,No,Credit card (automatic),18.0,1333.16,2,Yes
6405-ZBAXX,Male,0,No,No,28,Yes,No,No,No internet service,No internet service,No internet service,No internet service,No internet service,No internet service,Month-to-month,Yes,Mailed check,36.7,1074.85,2,No
6406-BNMXE,Female,0,Yes,No,10,Yes,Yes,No,No internet service,No internet service,No internet service,No internet service,No internet service,No internet service,Month-to-month,Yes,Electronic check,25.87,167.12,3,No
6407-BWWSQ,Male,0,Yes,No,54,Yes,No,Fiber optic,No,No,No,Yes,Yes,Yes,One year,Yes,Mailed check,76.94,4185.87,2,No
6408-KPTRT,Male,0,No,No,50,No,No phone service,DSL,Yes,No,Yes,No,No,No,Month-to-month,Yes,Mailed check,37.72,1924.14,2,No
6409-HBQKN,Female,0,Yes,No,51,Yes,No,No,No internet service,No internet service,No internet service,No internet service,No internet service,No internet service,Month-to-month,Yes,Mailed check,18.0,903.47,2,Yes
6410-POOCZ,Male,0,Yes,No,1,Yes,No,No,No internet service,No internet service,No internet service,No internet service,No internet service,No internet service,Month-to-month,Yes,Electronic check,27.67, ,0,No
6411-GLVVW,Male,0,No,Yes,44,Yes,Yes,No,No internet service,No internet service,No internet service,No internet service,No internet service,No internet service,Month-to-month,No,Mailed check,24.16,1008.89,2,No
6412-XCSJH,Female,1,Yes,Yes,61,Yes,Yes,Fiber optic,No,No,Yes,No,Yes,No,One year,Yes,Credit card (automatic),75.33,4605.34,1,No
6413-PPLWZ,Female,0,Yes,No,29,Yes,No,DSL,No,No,No,No,Yes,Yes,One year,No,Bank transfer (automatic),63.42,1806.27,0,No
6414-ETFYF,Male,0,Yes,No,44,Yes,No,DSL,No,No,No,No,Yes,No,One year,No,Electronic check,33.79,1485.84,0,No
6415-HQLVN,Male,0,Yes,No,47,No,No phone service,Fiber optic,Yes,No,Yes,No,No,Yes,Month-to-month,Yes,Bank transfer (automatic),71.43,3347.2,3,No
6416-BSFRD,Female,1,Yes,No,22,Yes,Yes,DSL,Yes,No,Yes,No,No,Yes,One year,No,Credit card (automatic),39.52,884.79,0,No
6417-VEFOF,Female,1,Yes,Yes,53,Yes,No,No,No internet service,No internet service,No internet service,No internet service,No internet service,No internet service,Two year,No,Credit card (automatic),18.0,979.03,1,No
6418-HIUVF,Male,0,Yes,Yes,50,Yes,Yes,Fiber optic,Yes,No,No,Yes,No,No,One year,Yes,Mailed check,77.63,3914.13,2,No
6419-VBPTA,Female,1,Yes,No,72,Yes,No,DSL,No,No,No,Yes,No,No,Month-to-month,Yes,Credit card (automatic),20.51,1414.4,2,No
6420-PAAGP,Female,0,Yes,Yes,72,Yes,Yes,DSL,No,No,No,No,No,Yes,Month-to-month,No,Electronic check,26.67,1914.62,1,No
6421-QPPFR,Female,0,No,Yes,24,Yes,Yes,DSL,No,Yes,Yes,No,No,No,Month-to-month,Yes,Mailed check,45.12,1073.19,2,Yes
6422-VVCHD,Male,0,No,No,1,Yes,No,Fiber optic,No,No,Yes,No,Yes,No,Month-to-month,Yes,Mailed check,74.05,87.22,3,No
6423-WDQVE,Male,0,Yes,No,1,Yes,No,Fiber optic,No,No,No,Yes,Yes,Yes,Month-to-month,Yes,Electronic check,57.37,30.47,2,Yes
6424-YNOYL,Male,0,No,No,72,Yes,Yes,DSL,No,No,No,No,No,No,Month-to-month,Yes,Bank transfer (automatic),38.5,2741.53,1,No
6425-MXWRN,Male,0,No,No,13,Yes,Yes,Fiber optic,No,No,No,No,Yes,No,Two year,Yes,Mailed check,67.25,833.62,0,No
6426-XSVZG,Male,0,No,No,15,Yes,Yes,DSL,No,Yes,No,No,No,Yes,One year,No,Electronic check,58.31,798.07,0,Yes
6427-FEDRY,Female,0,Yes,Yes,20,Yes,Yes,DSL,No,No,Yes,No,Yes,No,Month-to-month,No,Mailed check,49.43,985.73,1,Yes
6428-NPWWT,Female,0,No,No,9,No,No phone service,Fiber optic,No,No,Yes,No,No,No,One year,Yes,Electronic check,68.37,579.94,1,Yes
6429-NEVKL,Female,0,No,No,28,Yes,Yes,Fiber optic,No,No,Yes,No,No,No,Month-to-month,No,Credit card (automatic),65.66,1888.68,1,No
6430-RDMTM,Male,0,Yes,Yes,49,Yes,No,No,No internet service,No internet service,No internet service,No internet service,No internet service,No internet service,Two year,No,Credit card (automatic),26.09,1264.27,1,No
6431-DWWGW,Male,0,No,No,9,Yes,No,Fiber optic,No,No,No,No,No,No,Month-to-month,No,Credit card (automatic),60.47,486.17,0,No
6432-BUZRU,Female,0,No,No,43,Yes,No,DSL,Yes,No,Yes,No,Yes,Yes,Month-to-month,Yes,Bank transfer (automatic),44.14,1798.16,1,No
6433-FPCVO,Female,1,Yes,No,35,Yes,Yes,No,No internet service,No internet service,No internet service,No internet service,No internet service,No internet service,Month-to-month,Yes,Electronic check,21.03,796.21,0,No
6434-UTJIK,Female,0,Yes,No,23,Yes,No,Fiber optic,Yes,Yes,No,No,No,No,Month-to-month,Yes,Mailed check,68.17,1595.74,2,Yes
6435-NXLGK,Female,0,Yes,No,12,Yes,Yes,Fiber optic,No,No,No,No,No,No,Two year,No,Bank transfer (automatic),73.59,913.34,0,No
6436-QYIVW,Male,0,Yes,No,65,Yes,Yes,No,No internet service,No internet service,No internet service,No internet service,No internet service,No internet service,One year,Yes,Electronic check,18.0,1210.65,0,No
6437-MPCEW,Male,1,Yes,No,16,Yes,No,Fiber optic,Yes,No,No,Yes,Yes,Yes,Two year,No,Mailed check,82.15,1350.56,0,No
6438-QAUIW,Female,0,No,No,15,Yes,No,DSL,No,No,No,No,No,No,Month-to-month,Yes,Mailed check,59.19,887.1,2,No
6439-QMOUH,Male,1,No,No,32,Yes,Yes,Fiber optic,Yes,No,Yes,No,No,Yes,One year,No,Credit card (automatic),92.57,2887.83,0,No
6440-HBWJE,Male,0,No,No,72,Yes,Yes,Fiber optic,Yes,Yes,Yes,Yes,No,Yes,Month-to-month,No,Mailed check,86.15,6100.09,0,No
6441-PYSAM,Male,1,No,No,22,Yes,Yes,No,No internet service,No internet service,No internet service,No internet service,No internet service,No internet service,Month-to-month,No,Mailed check,24.9,527.13,3,Yes
6442-DGABP,Male,0,Yes,No,41,Yes,Yes,DSL,No,Yes,No,No,Yes,No,Two year,No,Bank transfer (automatic),48.16,2020.33,0,No
6443-NEYNQ,Female,1,Yes,Yes,19,Yes,No,Fiber optic,No,Yes,Yes,No,No,Yes,Month-to-month,Yes,Mailed check,83.74,1524.75,1,No
6444-LTLCU,Female,0,No,No,7,Yes,Yes,No,No internet service,No internet service,No internet service,No internet service,No internet service,No internet service,Month-to-month,Yes,Electronic check,25.17,150.76,2,Yes
6445-UZBUY,Male,1,Yes,No,4,Yes,No,DSL,No,Yes,No,No,No,No,Month-to-month,Yes,Bank transfer (automatic),24.63,99.8,2,Yes
6446-UOKJR,Female,0,No,No,4,Yes,No,DSL,Yes,No,Yes,No,No,Yes,Month-to-month,Yes,Mailed check,47.95,168.37,2,No
6447-WVWXZ,Male,0,Yes,Yes,1,Yes,Yes,Fiber optic,No,No,No,No,Yes,Yes,Month-to-month,Yes,Credit card (automatic),64.29,67.86,2,Yes
6448-UBGGX,Female,0,No,No,25,Yes,Yes,Fiber optic,No,No,No,No,No,No,One year,Yes,Mailed check,57.47,1453.54,1,No
6449-GZWNY,Female,0,Yes,No,4,Yes,No,No,No internet service,No internet service,No internet service,No internet service,No internet service,No internet service,One year,Yes,Electronic check,31.31,88.18,0,No
6450-XBBWZ,Female,0,Yes,No,64,Yes,Yes,DSL,No,No,No,Yes,No,No,Month-to-month,Yes,Bank transfer (automatic),32.12,2112.37,2,No
6451-OKJCQ,Female,0,No,No,72,Yes,No,DSL,Yes,No,Yes,Yes,Yes,Yes,Month-to-month,No,Mailed check,42.38,3046.47,2,No
6452-IONSQ,Female,0,No,No,21,Yes,Yes,No,No internet service,No internet service,No internet service,No internet service,No internet service,No internet service,Month-to-month,Yes,Electronic check,26.46,544.46,1,Yes
6453-VTQPT,Female,1,Yes,No,19,Yes,No,DSL,Yes,Yes,No,Yes,Yes,No,Two year,Yes,Mailed check,43.12,816.39,1,No
6454-HGLAZ,Female,0,No,Yes,13,Yes,Yes,DSL,No,No,No,No,No,No,One year,Yes,Electronic check,33.05,421.78,3,No
6455-LYFPR,Male,0,Yes,No,32,Yes,No,Fiber optic,No,No,No,No,Yes,No,Two year,No,Credit card (automatic),64.41,2100.86,0,No
6456-SWCCE,Female,1,Yes,No,29,Yes,No,DSL,No,No,Yes,Yes,Yes,No,Month-to-month,Yes,Bank transfer (automatic),45.24,1303.8,2,No
6457-CSENU,Male,0,No,No,13,Yes,No,No,No internet service,No internet service,No internet service,No internet service,No internet service,No internet service,Month-to-month,No,Mailed check,18.0,227.25,3,No
6458-PYAQK,Female,0,Yes,No,13,Yes,No,Fiber optic,No,Yes,No,No,Yes,No,Month-to-month,Yes,Bank transfer (automatic),60.85,847.66,1,Yes
6459-IUDBI,Female,1,No,No,33,Yes,Yes,Fiber optic,No,Yes,No,Yes,No,Yes,Month-to-month,Yes,Mailed check,69.44,2293.08,1,No
6460-VYEDW,Female,0,No,No,25,Yes,No,DSL,No,Yes,Yes,No,Yes,No,Month-to-month,Yes,Credit card (automatic),42.22,1103.97,1,No
6461-EXXRM,Male,0,Yes,No,40,No,No phone service,Fiber optic,Yes,No,Yes,No,Yes,No,Month-to-month,Yes,Bank transfer (automatic),65.84,2703.46,3,No
6462-EZXSW,Male,1,Yes,Yes,72,Yes,No,No,No internet service,No internet service,No internet service,No internet service,No internet service,No internet service,Month-to-month,No,Credit card (automatic),18.0,1358.01,3,No
6463-CVRFF,Male,1,Yes,No,48,Yes,No,Fiber optic,No,No,No,No,No,No,Month-to-month,Yes,Electronic check,86.92,4218.88,0,No
6464-XEAHY,Male,0,Yes,No,11,Yes,No,DSL,No,Yes,No,No,Yes,Yes,Month-to-month,No,Credit card (automatic),48.56,508.04,1,No
6465-AUFTN,Male,0,No,No,45,Yes,No,Fiber optic,Yes,No,Yes,No,No,Yes,One year,Yes,Electronic check,62.54,2837.76,2,No
6466-KBUDM,Female,0,Yes,Yes,19,Yes,No,Fiber optic,Yes,No,Yes,Yes,Yes,No,Month-to-month,Yes,Electronic check,70.33,1260.42,3,Yes
6467-GFCIN,Male,0,Yes,No,48,Yes,Yes,No,No internet service,No internet service,No internet service,No internet service,No internet service,No internet service,Month-to-month,Yes,Electronic check,18.33,719.47,3,No
6468-TKENS,Male,0,No,No,69,Yes,No,Fiber optic,Yes,Yes,No,No,No,No,Month-to-month,Yes,Credit card (automatic),65.9,4572.89,2,Yes
6469-HGGXW,Male,0,No,No,9,Yes,No,DSL,Yes,No,No,No,Yes,No,Two year,Yes,Credit card (automatic),43.6,319.77,3,No
6470-CCRMA,Female,0,No,Yes,8,Yes,No,DSL,Yes,Yes,No,No,No,No,One year,Yes,Electronic check,48.52,331.0,0,No
6471-EDPOR,Female,0,No,No,18,Yes,No,DSL,Yes,No,No,No,Yes,No,One year,No,Credit card (automatic),39.66,739.64,1,No
6472-QNNSF,Female,0,No,No,1,Yes,No,Fiber optic,Yes,Yes,No,No,No,No,One year,Yes,Credit card (automatic),61.72,18.0,0,No
6473-MRZOW,Male,1,No,No,37,No,No phone service,DSL,No,Yes,No,Yes,Yes,No,Month-to-month,Yes,Mailed check,35.77,1298.51,2,No
6474-GSQIK,Female,1,Yes,No,44,Yes,Yes,DSL,No,No,No,No,Yes,No,Month-to-month,Yes,Electronic check,32.78,1407.63,2,No
6475-EBOXL,Male,0,No,No,13,Yes,No,Fiber optic,No,Yes,No,No,Yes,No,Two year,No,Credit card (automatic),69.55,928.81,2,Yes
6476-JJTKJ,Female,0,Yes,No,20,Yes,Yes,Fiber optic,No,Yes,No,No,Yes,Yes,Month-to-month,No,Credit card (automatic),69.11,1369.56,1,No
6477-GNMES,Female,0,No,No,28,No,No phone service,Fiber optic,No,Yes,No,No,No,Yes,Two year,No,Electronic check,73.5,2076.66,1,No
6478-JHRAE,Female,0,Yes,No,2,Yes,No,Fiber optic,No,No,Yes,No,Yes,No,Two year,Yes,Credit card (automatic),62.34,182.86,2,No
6479-KTKPJ,Female,0,No,No,39,Yes,No,Fiber optic,No,No,No,No,Yes,No,One year,Yes,Electronic check,69.03,2731.3,3,No
6480-OGOYP,Female,0,No,Yes,23,Yes,No,No,No internet service,No internet service,No internet service,No internet service,No internet service,No internet service,Month-to-month,No,Mailed check,33.88,717.48,2,No
6481-FKQOP,Male,0,No,Yes,31,Yes,No,DSL,No,No,No,No,Yes,No,One year,Yes,Mailed check,47.68,1449.6,2,No
6482-XBDSF,Male,0,No,No,41,Yes,No,No,No internet service,No internet service,No internet service,No internet service,No internet service,No internet service,Month-to-month,Yes,Electronic check,18.0,790.82,2,No
6483-RUKIC,Female,0,Yes,Yes,36,Yes,Yes,DSL,Yes,Yes,Yes,No,No,No,Two year,No,Electronic check,42.19,1569.71,6,No
6484-BROYV,Male,0,No,Yes,3,Yes,No,Fiber optic,No,No,Yes,Yes,Yes,No,Month-to-month,Yes,Bank transfer (automatic),69.67,188.95,0,No
6485-RSOQR,Female,0,Yes,No,48,Yes,No,Fiber optic,No,No,No,Yes,No,No,One year,No,Bank transfer (automatic),68.97,3330.42,1,No
6486-RKRWC,Female,0,No,Yes,30,Yes,No,DSL,No,No,No,No,Yes,No,Month-to-month,Yes,Mailed check,36.92,1090.67,0,No
6487-MNDRE,Female,0,No,No,40,Yes,No,Fiber optic,Yes,No,No,No,No,Yes,Month-to-month,No,Mailed check,68.94,2766.03,0,No
6488-NYLYG,Female,0,No,No,9,Yes,No,No,No internet service,No internet service,No internet service,No internet service,No internet service,No internet service,Two year,Yes,Bank transfer (automatic),21.68,228.87,3,No
6489-LHUUC,Female,0,Yes,No,8,Yes,No,No,No internet service,No internet service,No internet service,No internet service,No internet service,No internet service,Month-to-month,Yes,Credit card (automatic),25.04,205.81,1,No
6490-VACKR,Female,1,Yes,Yes,55,Yes,No,Fiber optic,No,No,No,No,Yes,Yes,One year,No,Credit card (automatic),90.43,4978.27,1,No
6491-GIDWX,Female,0,No,No,15,Yes,No,No,No internet service,No internet service,No internet service,No internet service,No internet service,No internet service,Month-to-month,No,Mailed check,26.06,363.69,1,Yes
6492-JRWPL,Male,0,Yes,Yes,27,Yes,No,DSL,Yes,Yes,Yes,Yes,Yes,No,Two year,Yes,Credit card (automatic),48.68,1297.1,1,No
6493-SXVCH,Male,1,No,No,25,Yes,No,DSL,No,No,No,No,Yes,Yes,Two year,Yes,Electronic check,39.52,1013.04,2,No
6494-SISQM,Female,0,No,No,28,Yes,Yes,DSL,No,No,No,No,No,No,Month-to-month,Yes,Mailed check,53.5,1456.64,4,No
6495-BDKBD,Male,0,Yes,No,2,Yes,No,Fiber optic,No,No,No,Yes,No,No,Two year,Yes,Credit card (automatic),62.7,47.6,3,No
6496-DTAYZ,Female,0,No,Yes,11,Yes,No,Fiber optic,No,No,Yes,Yes,Yes,Yes,Month-to-month,Yes,Mailed check,67.5,755.89,0,No
6497-KWBSH,Male,0,No,Yes,2,Yes,Yes,Fiber optic,No,No,No,No,No,No,Month-to-month,Yes,Mailed check,82.51,212.16,3,Yes
6498-WTDYP,Male,0,No,No,20,Yes,No,Fiber optic,No,No,Yes,Yes,No,No,One year,No,Electronic check,55.33,1171.23,0,No
6499-OEEOW,Female,0,No,No,72,Yes,No,Fiber optic,No,Yes,No,No,No,Yes,Month-to-month,Yes,Mailed check,67.72,4862.15,0,Yes
6500-QCRKZ,Female,1,Yes,No,15,Yes,Yes,Fiber optic,No,No,No,No,Yes,Yes,One year,Yes,Electronic check,62.09,928.99,0,No
6501-FLVZQ,Male,0,Yes,No,48,Yes,No,Fiber optic,No,No,No,No,No,No,Two year,No,Bank transfer (automatic),71.6,3411.92,0,Yes
6502-NFJPR,Female,1,No,No,10,Yes,Yes,No,No internet service,No internet service,No internet service,No internet service,No internet service,No internet service,Month-to-month,No,Credit card (automatic),18.0,209.63,1,No
6503-TFSCL,Male,1,Yes,Yes,62,Yes,No,No,No internet service,No internet service,No internet service,No internet service,No internet service,No internet service,Two year,No,Bank transfer (automatic),18.0,1114.62,2,No
6504-PCPDY,Female,1,No,No,17,Yes,No,Fiber optic,No,No,No,Yes,No,No,One year,No,Electronic check,73.41,1286.38,1,No
6505-TMDDG,Male,0,No,No,14,Yes,Yes,DSL,Yes,No,No,Yes,Yes,No,Two year,Yes,Mailed check,51.56,765.07,1,No
6506-ULBPG,Male,0,No,No,38,Yes,Yes,Fiber optic,No,No,No,No,Yes,No,Month-to-month,Yes,Mailed check,77.73,2988.1,2,Yes
6507-SKAIE,Male,0,No,No,23,Yes,No,DSL,No,No,Yes,No,No,No,Month-to-month,No,Electronic check,51.69,1099.04,2,No
6508-ZQAQL,Female,0,No,Yes,13,Yes,Yes,Fiber optic,No,No,No,No,Yes,No,Two year,No,Credit card (automatic),58.73,802.05,1,No
6509-YMXKM,Male,1,Yes,No,1,Yes,No,DSL,No,Yes,No,No,Yes,Yes,Two year,Yes,Mailed check,50.63,49.97,0,No
6510-MFZVF,Female,0,Yes,No,5,No,No phone service,No,No internet service,No internet service,No internet service,No internet service,No internet service,No internet service,One year,Yes,Credit card (automatic),18.99,43.69,2,Yes
6511-TUJSC,Female,0,Yes,Yes,47,Yes,No,Fiber optic,Yes,Yes,No,Yes,Yes,No,Month-to-month,No,Mailed check,77.1,3636.76,3,No
6512-ZGEHE,Female,1,Yes,Yes,72,Yes,Yes,DSL,No,No,No,Yes,No,No,Month-to-month,No,Mailed check,31.36,2260.96,2,No
6513-LDSRC,Female,0,No,No,5,Yes,Yes,Fiber optic,No,No,Yes,Yes,Yes,Yes,Month-to-month,Yes,Electronic check,61.11,264.18,2,Yes
6514-GHOUQ,Female,0,No,No,26,Yes,No,No,No internet service,No internet service,No internet service,No internet service,No internet service,No internet service,Two year,No,Mailed check,18.0,461.98,1,No
6515-SDPZM,Male,0,Yes,Yes,1,Yes,Yes,DSL,Yes,Yes,No,Yes,No,No,Two year,Yes,Bank transfer (automatic),65.74,118.95,2,No
6516-LDLQZ,Female,0,Yes,Yes,10,Yes,No,Fiber optic,No,No,No,No,No,No,One year,Yes,Electronic check,75.18,801.2,2,Yes
6517-ILZOT,Female,0,No,No,19,Yes,No,DSL,No,No,Yes,Yes,Yes,No,Month-to-month,Yes,Credit card (automatic),38.73,740.98,0,No
6518-BINDD,Male,0,No,Yes,42,Yes,Yes,No,No internet service,No internet service,No internet service,No internet service,No internet service,No internet service,Two year,Yes,Credit card (automatic),18.0,769.8,0,No
6519-FXEXQ,Male,1,Yes,Yes,1,Yes,Yes,DSL,Yes,No,No,No,Yes,No,Month-to-month,Yes,Electronic check,33.99, ,0,Yes
6520-MTQSW,Female,0,Yes,No,48,Yes,Yes,Fiber optic,No,No,No,No,No,No,Month-to-month,No,Electronic check,64.15,2993.32,0,No
6521-AUQVY,Female,0,No,Yes,7,Yes,No,Fiber optic,No,No,Yes,No,No,Yes,One year,Yes,Bank transfer (automatic),70.86,476.9,3,No
6522-CNLOF,Female,0,Yes,No,45,Yes,No,DSL,No,No,Yes,Yes,Yes,Yes,Month-to-month,Yes,Electronic check,40.66,1939.06,1,No
6523-TVBDM,Male,0,No,No,31,Yes,Yes,No,No internet service,No internet service,No internet service,No internet service,No internet service,No internet service,One year,No,Electronic check,22.05,703.31,2,No
6524-MWVYW,Female,0,No,No,13,Yes,Yes,Fiber optic,No,No,Yes,No,Yes,No,Two year,No,Bank transfer (automatic),69.35,961.37,2,No
6525-QFKSP,Female,0,Yes,No,41,Yes,No,DSL,No,Yes,No,No,Yes,No,One year,No,Electronic check,40.21,1499.36,2,No
6526-HAJBS,Male,0,Yes,No,8,Yes,No,Fiber optic,Yes,Yes,No,Yes,No,Yes,Two year,Yes,Electronic check,50.07,379.78,0,Yes
6527-NCWXI,Male,0,No,Yes,7,Yes,Yes,No,No internet service,No internet service,No internet service,No internet service,No internet service,No internet service,Two year,No,Bank transfer (automatic),18.0,144.44,0,No
6528-WHKOF,Male,0,Yes,No,2,Yes,Yes,No,No internet service,No internet service,No internet service,No internet service,No internet service,No internet service,Month-to-month,Yes,Mailed check,18.0,18.0,3,No
6529-BACYW,Female,0,Yes,No,15,Yes,No,Fiber optic,Yes,No,No,No,No,No,One year,Yes,Credit card (automatic),68.23,1043.44,0,Yes
6530-RNQBS,Female,0,No,No,3,Yes,No,Fiber optic,No,No,Yes,Yes,No,No,Month-to-month,Yes,Electronic check,83.86,217.59,1,No
6531-VIHJI,Female,0,Yes,No,17,Yes,Yes,No,No internet service,No internet service,No internet service,No internet service,No internet service,No internet service,Month-to-month,No,Electronic check,26.8,424.22,2,No
6532-HGVXF,Male,0,No,No,1,Yes,Yes,DSL,No,No,Yes,No,No,Yes,Month-to-month,Yes,Mailed check,39.33,49.35,0,No
6533-BIISI,Male,1,No,No,5,Yes,Yes,Fiber optic,No,No,No,No,Yes,Yes,Month-to-month,Yes,Mailed check,64.88,351.98,4,Yes
6534-BSPVN,Female,0,No,Yes,72,Yes,Yes,DSL,No,No,Yes,Yes,No,No,One year,No,Electronic check,44.65,3181.38,3,No
6535-TXAMV,Male,0,Yes,Yes,50,Yes,Yes,Fiber optic,Yes,No,Yes,Yes,No,No,Month-to-month,Yes,Bank transfer (automatic),64.62,3217.28,3,No
6536-BVNAO,Male,1,Yes,No,8,Yes,Yes,No,No internet service,No internet service,No internet service,No internet service,No internet service,No internet service,Month-to-month,Yes,Bank transfer (automatic),31.11,289.9,2,Yes
6537-RIVHG,Male,0,Yes,Yes,40,Yes,No,Fiber optic,No,No,Yes,No,No,Yes,Month-to-month,No,Electronic check,79.77,3104.17,1,Yes
6538-IIKDG,Male,1,No,No,35,Yes,Yes,Fiber optic,Yes,Yes,No,No,No,No,Month-to-month,Yes,Electronic check,59.83,2075.55,1,No
6539-UGDLZ,Female,0,Yes,No,6,No,No phone service,DSL,Yes,Yes,Yes,No,Yes,No,Two year,Yes,Electronic check,59.43,350.82,1,No
6540-QTZCI,Female,1,Yes,No,14,Yes,No,DSL,Yes,No,No,No,No,No,Month-to-month,Yes,Electronic check,52.95,732.08,1,No
6541-ETPHU,Male,0,No,No,72,Yes,No,DSL,No,No,No,No,No,No,Month-to-month,Yes,Mailed check,42.86,2978.73,1,No
6542-PSPRO,Male,0,No,No,42,Yes,No,No,No internet service,No internet service,No internet service,No internet service,No internet service,No internet service,Month-to-month,Yes,Bank transfer (automatic),26.29,1090.86,1,Yes
6543-XRNXP,Male,1,Yes,No,45,Yes,Yes,Fiber optic,Yes,Yes,No,No,No,No,Month-to-month,No,Mailed check,66.25,3087.25,3,No
6544-EHPUA,Male,1,Yes,No,26,Yes,Yes,DSL,No,No,No,No,No,No,One year,Yes,Electronic check,40.56,1041.14,1,No
6545-KKBVS,Male,0,No,No,35,Yes,Yes,Fiber optic,No,No,No,Yes,No,No,Month-to-month,Yes,Electronic check,61.11,2119.99,3,No
6546-XECZW,Female,1,No,Yes,22,Yes,No,No,No internet service,No internet service,No internet service,No internet service,No internet service,No internet service,One year,Yes,Mailed check,38.88,759.01,1,Yes
6547-HDMYV,Male,0,No,No,43,Yes,Yes,DSL,No,No,No,Yes,No,No,Month-to-month,Yes,Credit card (automatic),32.84,1381.99,2,No
6548-NAEUG,Female,0,Yes,No,42,Yes,Yes,DSL,No,No,Yes,Yes,No,No,Month-to-month,Yes,Electronic check,38.9,1654.45,2,Yes
6549-WFOOH,Female,0,Yes,No,1,Yes,Yes,Fiber optic,No,No,No,No,Yes,Yes,Two year,Yes,Electronic check,74.11,105.89,3,Yes
6550-BNPWJ,Male,0,No,No,31,Yes,No,DSL,No,No,Yes,Yes,No,No,One year,Yes,Credit card (automatic),28.28,888.69,2,No
6551-OWDLJ,Female,0,No,No,31,No,No phone service,Fiber optic,No,Yes,No,No,No,Yes,One year,No,Electronic check,56.97,1749.93,1,No
6552-BDTFN,Male,0,Yes,No,2,Yes,No,No,No internet service,No internet service,No internet service,No internet service,No internet service,No internet service,Two year,Yes,Electronic check,18.0,46.06,1,No
6553-WCOZA,Male,0,Yes,No,16,Yes,Yes,Fiber optic,Yes,No,No,No,No,No,One year,No,Credit card (automatic),51.64,755.35,0,No
6554-SYAMH,Male,0,No,No,72,Yes,No,Fiber optic,No,Yes,No,No,No,No,One year,Yes,Electronic check,74.18,5377.56,4,No
6555-RVCWR,Female,0,No,Yes,72,No,No phone service,Fiber optic,No,No,No,No,Yes,Yes,Two year,Yes,Mailed check,86.73,6241.81,1,Yes
6556-TZIFT,Female,0,Yes,Yes,48,Yes,No,DSL,No,No,Yes,No,No,Yes,One year,No,Electronic check,80.19,3870.23,1,No
6557-BZYDY,Female,0,No,No,5,No,No phone service,No,No internet service,No internet service,No internet service,No internet service,No internet service,No internet service,One year,No,Credit card (automatic),29.04,126.29,0,No
6558-RGKEH,Male,1,No,No,15,Yes,Yes,DSL,Yes,No,No,Yes,Yes,No,Month-to-month,No,Bank transfer (automatic),49.6,694.21,4,No
6559-KXTTO,Female,0,No,No,6,Yes,No,No,No internet service,No internet service,No internet service,No internet service,No internet service,No internet service,Month-to-month,Yes,Bank transfer (automatic),37.59,264.48,1,No
6560-XCGXH,Female,0,Yes,No,33,Yes,No,DSL,No,No,No,No,Yes,No,Month-to-month,No,Electronic check,45.24,1465.48,2,Yes
6561-KJTIO,Female,0,No,No,47,Yes,No,No,No internet service,No internet service,No internet service,No internet service,No internet service,No internet service,Two year,Yes,Bank transfer (automatic),38.65,1749.11,0,No
6562-ZTXVE,Male,0,Yes,No,68,No,No phone service,No,No internet service,No internet service,No internet service,No internet service,No internet service,No internet service,Month-to-month,Yes,Mailed check,28.36,1970.26,1,No
6563-ODEOQ,Female,0,Yes,Yes,63,Yes,Yes,DSL,No,No,No,No,Yes,Yes,Month-to-month,Yes,Mailed check,49.62,3102.87,4,No
6564-WHYSI,Male,0,No,No,3,Yes,No,DSL,No,Yes,No,No,No,Yes,Month-to-month,Yes,Mailed check,46.37,158.83,2,No
6565-JEJVA,Female,0,No,No,4,Yes,No,DSL,No,No,No,No,No,No,One year,Yes,Bank transfer (automatic),42.72,163.22,1,No
6566-YYVXD,Female,1,No,No,72,Yes,Yes,DSL,Yes,No,Yes,No,Yes,No,Month-to-month,No,Electronic check,50.85,3655.58,1,No
6567-UEWGW,Female,0,Yes,Yes,59,Yes,Yes,Fiber optic,No,Yes,No,No,No,No,Month-to-month,No,Bank transfer (automatic),77.43,4541.5,2,Yes
6568-ETHQA,Male,0,Yes,No,19,Yes,No,Fiber optic,No,Yes,Yes,Yes,No,No,One year,No,Mailed check,65.81,1255.74,1,No
6569-VRLCT,Male,0,No,Yes,17,Yes,No,Fiber optic,No,Yes,Yes,Yes,Yes,No,Month-to-month,Yes,Mailed check,67.06,1092.46,1,No
6570-NPRJW,Female,0,Yes,No,25,Yes,Yes,DSL,No,Yes,No,No,No,No,Month-to-month,Yes,Mailed check,42.58,1097.17,0,No
6571-OJASB,Female,0,Yes,No,29,Yes,Yes,DSL,No,Yes,No,Yes,Yes,No,One year,Yes,Mailed check,51.35,1547.49,1,No
6572-MYPHC,Male,0,No,No,9,Yes,No,Fiber optic,No,No,No,No,Yes,No,Month-to-month,Yes,Electronic check,75.51,757.26,5,No
6573-USNKL,Male,0,No,Yes,16,Yes,Yes,No,No internet service,No internet service,No internet service,No internet service,No internet service,No internet service,Month-to-month,No,Electronic check,18.0,402.62,1,Yes
6574-KKVUR,Female,1,No,No,30,Yes,No,Fiber optic,Yes,Yes,No,No,No,No,One year,Yes,Electronic check,80.34,2494.94,1,No
6575-JPHFS,Female,0,Yes,No,7,Yes,No,DSL,Yes,No,No,No,No,No,Month-to-month,Yes,Bank transfer (automatic),46.17,304.57,0,No
6576-MOMAU,Male,0,No,No,72,Yes,No,DSL,No,No,No,No,Yes,Yes,Month-to-month,No,Bank transfer (automatic),73.99,5319.35,0,Yes
6577-BMBYK,Female,0,No,No,10,Yes,No,Fiber optic,No,No,No,Yes,Yes,No,Month-to-month,Yes,Bank transfer (automatic),58.64,546.08,2,No
6578-MJWVO,Male,0,No,No,25,Yes,No,Fiber optic,Yes,Yes,Yes,No,No,No,Month-to-month,No,Electronic check,80.31,2033.51,2,Yes
6579-ANJRK,Female,0,Yes,No,25,Yes,Yes,Fiber optic,No,No,No,No,No,No,Month-to-month,Yes,Mailed check,71.85,1755.22,2,Yes
6580-GOCBV,Female,1,No,No,19,Yes,Yes,No,No internet service,No internet service,No internet service,No internet service,No internet service,No internet service,Two year,No,Electronic check,27.97,557.84,2,No
6581-HHKPB,Female,0,No,No,8,Yes,Yes,Fiber optic,No,Yes,No,No,No,No,Month-to-month,Yes,Electronic check,61.63,462.06,3,No
6582-VEGTM,Female,0,No,No,26,Yes,No,DSL,Yes,Yes,No,Yes,No,Yes,Two year,Yes,Electronic check,37.99,997.06,0,No
6583-BZCIJ,Male,0,No,No,3,Yes,No,DSL,Yes,Yes,Yes,Yes,Yes,No,Month-to-month,Yes,Electronic check,42.18,172.07,2,Yes
6584-XMYUM,Female,0,Yes,Yes,15,No,No phone service,Fiber optic,No,No,Yes,No,Yes,No,Month-to-month,Yes,Electronic check,57.87,877.83,0,No
6585-EWGQO,Female,0,No,Yes,8,Yes,Yes,No,No internet service,No internet service,No internet service,No internet service,No internet service,No internet service,Two year,Yes,Electronic check,20.25,203.38,0,No
6586-EXGBX,Female,0,No,No,4,Yes,Yes,No,No internet service,No internet service,No internet service,No internet service,No internet service,No internet service,Month-to-month,Yes,Bank transfer (automatic),18.0,94.01,2,No
6587-RJANS,Female,0,Yes,No,72,Yes,No,DSL,Yes,No,No,Yes,No,No,Month-to-month,No,Mailed check,55.28,3973.24,3,No
6588-PSFLC,Female,0,Yes,No,38,Yes,Yes,DSL,No,Yes,No,No,Yes,No,Month-to-month,Yes,Credit card (automatic),47.89,1748.62,3,No
6589-GXCYQ,Female,0,Yes,No,5,Yes,Yes,No,No internet service,No internet service,No internet service,No internet service,No internet service,No internet service,Month-to-month,No,Mailed check,20.08,95.3,0,No
6590-OSSWK,Male,0,No,Yes,72,Yes,No,DSL,No,Yes,No,No,Yes,Yes,One year,Yes,Credit card (automatic),33.31,2434.1,4,No
6591-UTBGS,Female,0,No,No,7,Yes,Yes,No,No internet service,No internet service,No internet service,No internet service,No internet service,No internet service,Two year,Yes,Electronic check,18.87,78.51,2,No
6592-GJLWR,Male,0,Yes,No,8,Yes,Yes,Fiber optic,No,Yes,Yes,No,No,Yes,Month-to-month,Yes,Mailed check,76.13,716.5,0,Yes
6593-WFZTU,Male,0,No,No,4,Yes,Yes,Fiber optic,No,No,Yes,No,Yes,Yes,Month-to-month,Yes,Bank transfer (automatic),89.7,394.17,0,Yes
6594-HECBV,Male,1,No,Yes,41,Yes,No,DSL,No,No,No,No,No,Yes,Two year,Yes,Bank transfer (automatic),40.27,1655.97,0,No
6595-FGHDL,Male,0,No,No,27,No,No phone service,Fiber optic,No,No,No,Yes,No,Yes,Month-to-month,No,Electronic check,65.16,1679.08,1,Yes
6596-XLQVV,Female,0,Yes,No,1,Yes,No,No,No internet service,No internet service,No internet service,No internet service,No internet service,No internet service,Month-to-month,No,Mailed check,32.5,30.14,1,No
6597-SILUQ,Female,1,No,No,1,Yes,No,Fiber optic,No,Yes,Yes,Yes,No,No,Two year,Yes,Mailed check,75.31,18.0,2,Yes
6598-WJSZZ,Female,0,No,No,24,No,No phone service,Fiber optic,No,Yes,No,No,No,No,One year,Yes,Electronic check,60.29,1456.37,3,No
6599-KTVXM,Male,0,Yes,No,33,Yes,Yes,Fiber optic,Yes,No,No,No,Yes,No,Month-to-month,Yes,Bank transfer (automatic),66.61,2223.66,0,Yes
6600-DOLYX,Female,0,Yes,No,55,Yes,Yes,Fiber optic,No,Yes,No,Yes,Yes,No,Month-to-month,No,Bank transfer (automatic),68.21,3826.19,1,No
6601-ZJVGX,Male,0,Yes,No,20,Yes,Yes,No,No internet service,No internet service,No internet service,No internet service,No internet service,No internet service,Month-to-month,Yes,Bank transfer (automatic),23.15,536.63,5,Yes
6602-BUGHU,Male,1,No,No,36,No,No phone service,DSL,No,No,Yes,No,No,Yes,Month-to-month,Yes,Mailed check,45.96,1624.68,0,No
6603-SFUHY,Female,1,No,No,42,Yes,No,No,No internet service,No internet service,No internet service,No internet service,No internet service,No internet service,Month-to-month,Yes,Mailed check,29.62,1208.5,1,No
6604-YVTDY,Male,0,No,No,30,Yes,Yes,DSL,Yes,No,No,No,No,Yes,Month-to-month,No,Electronic check,58.62,1780.21,1,No
6605-TXIEF,Male,1,Yes,Yes,13,Yes,No,DSL,No,No,No,No,Yes,No,Month-to-month,Yes,Bank transfer (automatic),39.4,510.6,0,No
6606-SLEER,Male,0,Yes,Yes,4,Yes,Yes,DSL,Yes,No,Yes,No,Yes,No,Month-to-month,Yes,Bank transfer (automatic),25.87,87.65,2,No
6607-ZFIKW,Male,0,No,No,33,Yes,No,No,No internet service,No internet service,No internet service,No internet service,No internet service,No internet service,Two year,Yes,Electronic check,22.56,692.4,1,No
6608-NXBNY,Female,0,Yes,No,46,Yes,No,DSL,Yes,No,No,No,No,No,One year,Yes,Mailed check,58.89,2769.39,2,No
6609-SJEWD,Male,0,No,No,6,No,No phone service,No,No internet service,No internet service,No internet service,No internet service,No internet service,No internet service,Two year,No,Mailed check,18.0,57.37,2,No
6610-GXMJJ,Male,0,Yes,No,21,Yes,Yes,Fiber optic,No,No,Yes,No,No,No,Two year,Yes,Bank transfer (automatic),72.72,1567.39,1,No
6611-DPOUK,Male,0,Yes,Yes,16,Yes,Yes,Fiber optic,No,Yes,No,No,No,No,Month-to-month,Yes,Electronic check,52.86,674.07,0,Yes
6612-SUXCO,Female,1,No,Yes,7,Yes,Yes,Fiber optic,No,No,Yes,No,No,No,One year,Yes,Electronic check,72.58,516.52,7,No
6613-PNEZQ,Female,0,No,No,9,Yes,Yes,DSL,No,Yes,Yes,Yes,Yes,No,Month-to-month,Yes,Bank transfer (automatic),48.85,489.55,1,Yes
6614-RSAYI,Male,1,Yes,Yes,8,Yes,Yes,No,No internet service,No internet service,No internet service,No internet service,No internet service,No internet service,Month-to-month,No,Credit card (automatic),18.1,208.12,1,No
6615-UNTUT,Female,0,Yes,No,17,Yes,No,No,No internet service,No internet service,No internet service,No internet service,No internet service,No internet service,Month-to-month,No,Bank transfer (automatic),59.21,937.76,3,No
6616-UWKXB,Female,0,Yes,No,15,Yes,No,Fiber optic,No,Yes,No,Yes,No,Yes,One year,Yes,Bank transfer (automatic),63.52,938.06,1,No
6617-TXWYE,Female,1,Yes,No,25,Yes,No,No,No internet service,No internet service,No internet service,No internet service,No internet service,No internet service,Month-to-month,Yes,Electronic check,18.0,488.4,2,No
6618-VXOLN,Female,1,No,No,3,Yes,No,Fiber optic,No,Yes,No,No,No,No,Two year,Yes,Electronic check,81.27,304.84,2,Yes
6619-KUITH,Male,0,No,Yes,27,Yes,No,Fiber optic,Yes,No,No,No,No,No,Month-to-month,No,Electronic check,63.04,1699.39,0,No
6620-LCUOH,Male,0,No,No,1,Yes,No,Fiber optic,Yes,Yes,No,No,No,Yes,Month-to-month,No,Bank transfer (automatic),87.34,48.51,3,Yes
6621-ZGQLT,Female,0,No,No,9,Yes,No,Fiber optic,No,No,No,Yes,Yes,Yes,One year,Yes,Electronic check,67.45,647.12,3,No
6622-RROWC,Female,0,Yes,No,22,Yes,Yes,DSL,Yes,Yes,No,No,No,No,Two year,No,Mailed check,46.18,1024.66,3,No
6623-SOPVV,Female,0,No,Yes,37,Yes,No,Fiber optic,Yes,No,Yes,No,No,Yes,Two year,Yes,Bank transfer (automatic),66.78,2451.35,1,No
6624-QAKFW,Female,0,No,No,47,Yes,No,No,No internet service,No internet service,No internet service,No internet service,No internet service,No internet service,Month-to-month,Yes,Electronic check,18.0,889.09,1,No
6625-ITPZF,Female,0,No,No,1,Yes,No,Fiber optic,Yes,No,No,Yes,Yes,No,Month-to-month,Yes,Credit card (automatic),63.09,50.68,4,Yes
6626-LSMMD,Female,0,No,Yes,24,Yes,No,Fiber optic,Yes,No,No,No,No,No,Month-to-month,No,Credit card (automatic),62.78,1548.52,0,No
6627-INNQE,Female,0,No,Yes,14,Yes,No,DSL,No,Yes,Yes,No,Yes,No,One year,Yes,Credit card (automatic),47.98,653.2,1,No
6628-WSBMK,Male,1,No,No,37,Yes,No,Fiber optic,Yes,No,Yes,Yes,Yes,No,Month-to-month,No,Mailed check,71.16,2659.89,1,No
6629-BAUCL,Male,1,No,Yes,10,Yes,No,DSL,No,No,Yes,No,No,No,Two year,Yes,Electronic check,46.82,593.93,1,No
6630-GAIRX,Female,1,No,No,43,Yes,No,Fiber optic,No,Yes,No,No,Yes,Yes,Month-to-month,No,Bank transfer (automatic),57.27,2427.78,3,Yes
6631-ZTFIW,Female,0,No,No,29,Yes,No,Fiber optic,No,Yes,No,No,Yes,No,One year,Yes,Credit card (automatic),59.71,1591.43,0,Yes
6632-HWRYO,Male,1,Yes,No,49,Yes,No,Fiber optic,Yes,No,No,No,No,Yes,One year,No,Electronic check,75.5,3689.41,2,No
6633-ANRSS,Male,0,No,No,72,Yes,Yes,Fiber optic,No,No,No,No,No,No,Month-to-month,No,Mailed check,65.16,4755.25,2,No
6634-JTUFQ,Female,0,Yes,No,72,Yes,Yes,No,No internet service,No internet service,No internet service,No internet service,No internet service,No internet service,Month-to-month,No,Bank transfer (automatic),29.34,2114.41,1,No
6635-NMHVJ,Male,0,Yes,No,28,Yes,No,DSL,Yes,No,Yes,No,Yes,No,Month-to-month,Yes,Bank transfer (automatic),44.92,1210.93,2,No
6636-IEWDF,Male,0,No,No,71,Yes,No,No,No internet service,No internet service,No internet service,No internet service,No internet service,No internet service,One year,No,Mailed check,18.0,1468.48,2,No
6637-FMDVH,Female,0,No,No,5,Yes,No,Fiber optic,No,No,No,No,No,Yes,Month-to-month,Yes,Electronic check,60.35,263.98,1,Yes
6638-EBIKT,Male,0,No,No,1,Yes,No,No,No internet service,No internet service,No internet service,No internet service,No internet service,No internet service,Month-to-month,Yes,Bank transfer (automatic),36.77,32.97,1,No
6639-TKGZN,Female,0,No,Yes,24,Yes,Yes,No,No internet service,No internet service,No internet service,No internet service,No internet service,No internet service,Two year,Yes,Electronic check,28.35,595.03,1,Yes
6640-ZFDFC,Male,0,Yes,No,72,Yes,No,DSL,Yes,No,No,No,No,No,One year,No,Electronic check,33.1,2386.49,2,No
6641-WFCAZ,Female,0,No,No,39,Yes,No,No,No internet service,No internet service,No internet service,No internet service,No internet service,No internet service,Month-to-month,Yes,Electronic check,28.14,1035.38,1,Yes
6642-UZRWW,Male,0,No,No,11,Yes,Yes,Fiber optic,No,Yes,Yes,No,No,Yes,Month-to-month,Yes,Credit card (automatic),68.58,832.03,0,No
6643-DFQRF,Male,1,No,No,35,Yes,Yes,DSL,No,No,Yes,Yes,No,Yes,Month-to-month,Yes,Bank transfer (automatic),56.95,1943.3,1,No
6644-BLLDP,Female,0,Yes,No,1,No,No phone service,No,No internet service,No internet service,No internet service,No internet service,No internet service,No internet service,Two year,Yes,Bank transfer (automatic),21.02,30.35,2,No
6645-TJYJG,Male,0,No,No,20,Yes,Yes,Fiber optic,No,No,No,Yes,No,Yes,Month-to-month,No,Bank transfer (automatic),61.76,1246.75,0,Yes
6646-NGLKQ,Male,0,No,No,8,Yes,Yes,DSL,Yes,Yes,No,Yes,No,No,One year,Yes,Electronic check,51.78,424.93,3,No
6647-KUCSV,Female,0,Yes,Yes,1,Yes,Yes,DSL,No,No,Yes,Yes,Yes,No,Month-to-month,Yes,Electronic check,28.85,68.21,0,Yes
6648-DHNTX,Male,0,No,No,9,Yes,No,Fiber optic,No,Yes,No,No,No,No,Month-to-month,Yes,Credit card (automatic),74.53,708.74,0,Yes
6649-NPOLP,Male,0,Yes,Yes,41,Yes,No,DSL,No,No,No,Yes,Yes,No,Month-to-month,Yes,Bank transfer (automatic),40.63,1663.67,1,No
6650-TSELE,Female,0,No,Yes,25,Yes,No,DSL,No,Yes,No,No,No,Yes,Two year,Yes,Credit card (automatic),42.03,984.03,1,No
6651-JZQOH,Female,0,No,Yes,1,Yes,No,No,No internet service,No internet service,No internet service,No internet service,No internet service,No internet service,Two year,Yes,Credit card (automatic),18.0,18.0,1,No
6652-HHJTM,Female,0,No,Yes,16,Yes,Yes,Fiber optic,Yes,Yes,No,No,No,No,Month-to-month,Yes,Mailed check,70.95,1126.21,0,Yes
6653-PIPJC,Female,0,No,No,44,Yes,No,Fiber optic,No,No,No,No,No,No,Month-to-month,Yes,Bank transfer (automatic),67.01,2956.21,2,No
6654-WVYNM,Female,1,Yes,No,72,No,No phone service,DSL,Yes,No,No,No,No,No,Month-to-month,No,Electronic check,47.63,3379.42,2,No
6655-DDFXS,Female,0,No,No,66,Yes,No,DSL,No,No,No,No,Yes,No,Month-to-month,No,Credit card (automatic),40.21,2589.51,3,No
6656-KHNHN,Female,0,Yes,Yes,1,Yes,No,Fiber optic,Yes,Yes,Yes,No,No,Yes,Month-to-month,No,Mailed check,61.47,222.6,1,No
6657-WGURL,Female,1,Yes,Yes,7,Yes,Yes,Fiber optic,No,No,No,No,Yes,No,One year,No,Bank transfer (automatic),87.79,588.2,6,Yes
6658-NORLJ,Male,0,Yes,No,7,Yes,No,DSL,No,No,No,No,No,Yes,One year,Yes,Mailed check,57.55,402.84,4,No
6659-LHFXS,Male,0,Yes,No,17,Yes,No,DSL,No,No,No,No,No,Yes,Month-to-month,Yes,Mailed check,44.58,805.83,3,No
6660-AMVPR,Female,0,No,No,33,Yes,No,No,No internet service,No internet service,No internet service,No internet service,No internet service,No internet service,Month-to-month,Yes,Electronic check,27.48,928.11,0,Yes
6661-LYEUM,Male,0,No,Yes,5,Yes,Yes,No,No internet service,No internet service,No internet service,No internet service,No internet service,No internet service,Month-to-month,Yes,Bank transfer (automatic),18.0,58.99,2,Yes
6662-ZHFCY,Female,0,No,Yes,72,Yes,No,Fiber optic,No,Yes,No,No,No,Yes,One year,No,Electronic check,86.44,6256.46,1,No
6663-ZTZDL,Male,0,Yes,Yes,48,Yes,Yes,Fiber optic,No,No,No,No,Yes,No,One year,No,Bank transfer (automatic),75.38,3680.48,0,No
6664-MBSDW,Male,1,No,Yes,17,No,No phone service,DSL,No,Yes,Yes,No,No,No,One year,No,Credit card (automatic),54.5,897.25,2,No
6665-MSHHP,Female,1,No,No,28,Yes,No,DSL,No,No,No,No,No,Yes,One year,Yes,Credit card (automatic),42.6,1252.47,1,No
6666-ZKRDX,Male,0,Yes,No,24,Yes,Yes,No,No internet service,No internet service,No internet service,No internet service,No internet service,No internet service,Month-to-month,No,Electronic check,27.02,681.16,1,No
6667-AANDK,Male,0,Yes,Yes,27,Yes,No,Fiber optic,Yes,Yes,No,No,Yes,Yes,Month-to-month,No,Electronic check,63.92,1712.93,1,No
6668-RPQXB,Male,1,No,No,62,Yes,Yes,Fiber optic,No,No,Yes,No,Yes,No,Month-to-month,Yes,Electronic check,82.8,5116.87,1,Yes
6669-DCOBX,Female,0,Yes,No,7,Yes,No,Fiber optic,Yes,No,Yes,No,Yes,Yes,One year,Yes,Electronic check,74.38,634.38,3,No
6670-SIJUY,Male,0,Yes,No,36,Yes,Yes,Fiber optic,No,Yes,No,No,No,Yes,Month-to-month,No,Credit card (automatic),60.95,2239.91,1,No
6671-SENJP,Male,0,Yes,Yes,3,Yes,Yes,DSL,No,Yes,Yes,No,Yes,No,Month-to-month,No,Electronic check,29.03,59.74,2,Yes
6672-FYHBR,Female,0,Yes,No,19,Yes,Yes,Fiber optic,No,No,No,No,No,No,One year,No,Mailed check,65.07,1195.55,2,Yes
6673-UUUTH,Male,0,Yes,No,32,Yes,No,Fiber optic,No,No,No,Yes,No,No,Month-to-month,Yes,Bank transfer (automatic),68.62,2120.63,0,No
6674-EQPZE,Male,0,No,No,1,Yes,Yes,DSL,No,No,Yes,No,Yes,No,Month-to-month,No,Credit card (automatic),54.03,18.0,2,No
6675-QDAVF,Male,0,Yes,No,3,No,No phone service,Fiber optic,No,Yes,Yes,No,No,Yes,Two year,Yes,Bank transfer (automatic),70.88,243.56,3,No
6676-AXDBM,Male,1,Yes,Yes,3,Yes,No,Fiber optic,No,Yes,No,No,No,No,Two year,Yes,Bank transfer (automatic),48.21,164.72,1,No
6677-NQKCG,Female,0,Yes,No,15,Yes,Yes,Fiber optic,Yes,Yes,No,Yes,No,Yes,Two year,Yes,Mailed check,76.63,1120.74,0,No
6678-JKJHE,Female,0,No,No,31,Yes,No,Fiber optic,No,Yes,No,No,No,Yes,One year,No,Mailed check,86.68,2700.09,2,No
6679-WBOPD,Female,0,No,Yes,72,Yes,Yes,DSL,Yes,Yes,No,No,Yes,Yes,Month-to-month,Yes,Mailed check,56.68,3969.74,4,No
6680-VPLNL,Male,0,No,No,9,Yes,No,Fiber optic,No,Yes,No,Yes,Yes,Yes,One year,Yes,Bank transfer (automatic),64.29,626.79,3,No
6681-UPPVL,Female,0,No,No,4,Yes,Yes,DSL,No,No,Yes,No,No,Yes,Two year,Yes,Mailed check,37.3,229.76,1,No
6682-BWXNK,Male,0,No,No,17,Yes,No,Fiber optic,Yes,No,No,No,Yes,No,One year,Yes,Bank transfer (automatic),76.57,1340.63,0,No
6683-IVGLQ,Male,0,Yes,No,5,Yes,No,DSL,No,Yes,No,No,No,No,One year,Yes,Mailed check,52.74,277.97,0,Yes
6684-IFLTJ,Female,0,Yes,No,1,No,No phone service,DSL,Yes,No,Yes,Yes,Yes,No,Month-to-month,No,Mailed check,45.36,76.74,2,No
6685-ILABS,Female,0,Yes,Yes,26,Yes,Yes,No,No internet service,No internet service,No internet service,No internet service,No internet service,No internet service,Month-to-month,Yes,Electronic check,18.0,341.87,0,Yes
6686-APPRR,Female,1,Yes,No,67,Yes,Yes,DSL,Yes,Yes,Yes,No,Yes,No,Month-to-month,No,Electronic check,43.93,2969.47,1,No
6687-WZMVL,Male,0,Yes,No,63,Yes,No,DSL,No,No,No,Yes,Yes,Yes,Month-to-month,Yes,Electronic check,46.26,2867.51,3,No
6688-IEIMP,Male,0,No,No,3,Yes,Yes,Fiber optic,No,No,Yes,Yes,No,No,Month-to-month,No,Electronic check,61.24,246.81,1,No
6689-JPNYB,Male,0,Yes,No,5,Yes,No,DSL,Yes,No,No,No,No,No,One year,Yes,Mailed check,57.93,339.56,0,No
6690-YSKSK,Male,0,No,No,21,No,No phone service,Fiber optic,No,No,Yes,Yes,No,Yes,Month-to-month,Yes,Credit card (automatic),68.5,1483.03,1,No
6691-NOYGO,Female,0,No,No,14,Yes,Yes,No,No internet service,No internet service,No internet service,No internet service,No internet service,No internet service,One year,Yes,Credit card (automatic),18.0,223.64,1,No
6692-XWYHD,Female,0,No,No,38,No,No phone service,No,No internet service,No internet service,No internet service,No internet service,No internet service,No internet service,Month-to-month,No,Bank transfer (automatic),35.47,1301.98,2,No
6693-RNURD,Male,0,Yes,No,21,Yes,No,DSL,No,No,No,No,Yes,Yes,Month-to-month,Yes,Electronic check,39.91,872.35,1,Yes
6694-BUFKA,Male,0,No,Yes,1,Yes,No,DSL,No,No,No,No,Yes,Yes,Month-to-month,Yes,Bank transfer (automatic),36.19,18.0,0,No
6695-OLXRE,Female,0,No,No,10,Yes,No,Fiber optic,Yes,No,Yes,No,Yes,No,One year,Yes,Electronic check,65.53,610.26,2,No
6696-KXUSV,Female,0,No,Yes,72,Yes,Yes,DSL,No,No,No,Yes,Yes,Yes,Month-to-month,Yes,Electronic check,51.42,3633.64,0,No
6697-AQHWP,Male,0,No,Yes,22,Yes,Yes,DSL,No,No,Yes,No,No,No,One year,Yes,Bank transfer (automatic),43.06,1038.06,1,No
6698-ZZKSX,Female,0,No,No,51,Yes,No,Fiber optic,Yes,Yes,No,No,Yes,Yes,Month-to-month,Yes,Electronic check,50.51,2541.9,0,No
6699-KOHNA,Male,0,Yes,No,16,Yes,No,DSL,No,No,No,Yes,No,No,One year,No,Bank transfer (automatic),53.29,893.23,2,No
6700-JGRLB,Male,0,Yes,No,36,Yes,No,No,No internet service,No internet service,No internet service,No internet service,No internet service,No internet service,Month-to-month,Yes,Bank transfer (automatic),36.05,1279.28,1,No
6701-RUGTL,Male,0,Yes,No,5,Yes,No,DSL,Yes,Yes,No,No,Yes,Yes,Month-to-month,Yes,Credit card (automatic),40.26,180.03,3,No
6702-TYNJI,Male,0,No,Yes,42,Yes,Yes,DSL,Yes,No,No,Yes,No,No,Month-to-month,Yes,Electronic check,54.38,2345.81,2,No
6703-WOZTX,Female,0,Yes,No,49,Yes,No,No,No internet service,No internet service,No internet service,No internet service,No internet service,No internet service,Month-to-month,Yes,Electronic check,37.28,1843.63,0,Yes
6704-JSSLW,Female,0,Yes,No,3,Yes,No,Fiber optic,Yes,Yes,Yes,Yes,No,Yes,Month-to-month,Yes,Mailed check,57.07,194.81,1,Yes
6705-LITDA,Male,0,No,No,6,Yes,Yes,Fiber optic,No,Yes,Yes,No,Yes,No,One year,No,Mailed check,59.8,397.62,4,No
6706-PAMCL,Male,1,Yes,No,19,Yes,Yes,DSL,Yes,Yes,No,No,No,No,Two year,No,Mailed check,49.51,979.31,1,No
6707-WIDBV,Male,0,No,Yes,32,Yes,Yes,Fiber optic,Yes,No,No,Yes,Yes,No,Two year,No,Bank transfer (automatic),64.65,2045.98,2,No
6708-VITXM,Male,0,No,No,32,Yes,Yes,Fiber optic,No,Yes,No,Yes,No,Yes,One year,No,Bank transfer (automatic),72.48,2303.78,0,No
6709-NCRIO,Male,0,Yes,Yes,35,Yes,No,Fiber optic,No,No,Yes,No,Yes,No,Month-to-month,Yes,Bank transfer (automatic),66.32,2373.89,0,Yes
6710-VXJYQ,Female,0,Yes,Yes,40,Yes,Yes,DSL,No,Yes,Yes,Yes,Yes,No,Month-to-month,Yes,Credit card (automatic),50.44,2110.11,1,No
6711-MAKEI,Male,1,No,No,22,Yes,Yes,Fiber optic,No,Yes,No,No,No,Yes,Month-to-month,No,Electronic check,69.29,1509.31,2,No
6712-GGBST,Female,0,No,No,27,Yes,No,Fiber optic,No,No,No,No,No,Yes,Month-to-month,Yes,Credit card (automatic),81.64,2308.46,1,No
6713-RJYEP,Male,0,No,No,1,Yes,No,DSL,No,No,No,Yes,No,Yes,Two year,No,Bank transfer (automatic),65.93,68.63,2,No
6714-WYEOV,Male,0,Yes,No,5,Yes,No,No,No internet service,No internet service,No internet service,No internet service,No internet service,No internet service,Month-to-month,No,Credit card (automatic),19.03,91.76,1,No
6715-PDNXQ,Male,0,Yes,No,22,Yes,No,No,No internet service,No internet service,No internet service,No internet service,No internet service,No internet service,One year,Yes,Electronic check,42.36,1005.16,2,No
6716-QUPZI,Male,0,Yes,Yes,43,Yes,Yes,DSL,No,No,No,No,No,No,One year,Yes,Credit card (automatic),62.23,2645.59,2,No
6717-BKOCX,Female,0,No,Yes,52,Yes,No,Fiber optic,No,Yes,No,No,Yes,Yes,Month-to-month,No,Electronic check,75.93,3999.96,1,Yes
6718-PUSVF,Female,0,Yes,Yes,41,Yes,No,Fiber optic,No,No,No,Yes,No,Yes,One year,Yes,Credit card (automatic),75.4,3150.91,1,Yes
6719-NEEFR,Female,1,Yes,No,21,Yes,No,DSL,No,No,No,No,Yes,No,Month-to-month,Yes,Electronic check,47.43,1063.92,1,No
6720-VRSBQ,Male,1,No,No,10,Yes,Yes,DSL,No,No,No,Yes,Yes,No,Month-to-month,Yes,Bank transfer (automatic),29.41,271.61,1,Yes
6721-AIMDE,Female,0,Yes,No,18,Yes,No,Fiber optic,No,No,No,Yes,Yes,Yes,One year,No,Credit card (automatic),72.61,1330.25,2,No
6722-ZWRJY,Male,0,Yes,Yes,1,No,No phone service,DSL,No,No,No,No,No,No,Month-to-month,Yes,Credit card (automatic),53.75,116.23,0,Yes
6723-DZZMM,Male,1,No,Yes,29,Yes,Yes,Fiber optic,No,Yes,Yes,Yes,Yes,No,One year,Yes,Electronic check,66.12,1918.95,3,No
6724-QHDWC,Female,0,No,No,2,Yes,No,Fiber optic,No,No,Yes,No,No,Yes,Two year,Yes,Bank transfer (automatic),56.59,134.43,2,No
6725-KLIOM,Male,0,No,No,5,Yes,Yes,Fiber optic,Yes,No,No,No,Yes,Yes,Month-to-month,No,Electronic check,78.71,338.09,2,No
6726-EESKI,Male,1,No,Yes,31,Yes,No,No,No internet service,No internet service,No internet service,No internet service,No internet service,No internet service,Month-to-month,Yes,Electronic check,38.21,1162.79,2,No
6727-CRMYL,Female,0,No,No,1,Yes,Yes,Fiber optic,No,Yes,No,No,No,No,Month-to-month,No,Mailed check,78.6,18.0,0,Yes
6728-IJMTT,Female,1,No,No,27,Yes,No,Fiber optic,No,Yes,Yes,No,No,No,Two year,Yes,Bank transfer (automatic),70.02,1895.61,1,Yes
6729-MZVIX,Male,0,No,Yes,32,Yes,Yes,No,No internet service,No internet service,No internet service,No internet service,No internet service,No internet service,One year,No,Bank transfer (automatic),21.14,698.44,2,No
6730-JSFGO,Female,0,No,Yes,49,Yes,No,DSL,No,No,No,Yes,No,No,Month-to-month,No,Mailed check,42.17,2209.24,0,No
6731-VSNPN,Female,0,No,No,2,Yes,Yes,Fiber optic,No,Yes,Yes,No,No,Yes,Month-to-month,Yes,Bank transfer (automatic),77.09,47.05,2,Yes
6732-YTBIC,Female,0,No,No,1,Yes,Yes,Fiber optic,No,Yes,No,No,No,Yes,Month-to-month,No,Bank transfer (automatic),81.94,83.75,1,Yes
6733-FENOR,Male,0,No,No,46,No,No phone service,Fiber optic,Yes,Yes,No,Yes,Yes,No,Month-to-month,Yes,Credit card (automatic),75.65,3470.51,1,No
6734-QISWY,Male,0,Yes,Yes,10,Yes,No,DSL,No,Yes,No,Yes,Yes,Yes,Month-to-month,Yes,Credit card (automatic),44.69,346.33,0,No
6735-IPZFH,Female,0,Yes,No,69,No,No phone service,Fiber optic,No,No,No,No,No,Yes,Month-to-month,No,Mailed check,77.67,5336.49,0,Yes
6736-YCVEG,Male,0,No,Yes,6,Yes,Yes,DSL,No,No,Yes,No,No,Yes,Month-to-month,Yes,Electronic check,45.79,225.87,1,No
6737-WYAVU,Male,0,Yes,Yes,28,Yes,No,No,No internet service,No internet service,No internet service,No internet service,No internet service,No internet service,Two year,Yes,Electronic check,31.63,900.69,2,No
6738-DZPNA,Female,0,Yes,Yes,3,No,No phone service,Fiber optic,No,No,No,No,Yes,No,Month-to-month,No,Electronic check,57.51,165.0,2,No
6739-DJKGD,Female,0,No,No,16,Yes,Yes,DSL,No,No,Yes,Yes,No,No,Month-to-month,Yes,Credit card (automatic),52.16,776.09,3,Yes
6740-AZAQJ,Female,0,Yes,No,68,Yes,No,Fiber optic,No,Yes,No,No,No,No,Month-to-month,No,Electronic check,62.72,4274.58,1,No
6741-EGYHB,Male,0,No,Yes,29,Yes,Yes,No,No internet service,No internet service,No internet service,No internet service,No internet service,No internet service,Month-to-month,No,Mailed check,28.79,968.99,2,No
6742-IDLZK,Male,0,No,No,37,Yes,No,No,No internet service,No internet service,No internet service,No internet service,No internet service,No internet service,Month-to-month,No,Mailed check,29.22,1055.08,2,No
6743-ELUDM,Male,0,Yes,No,8,No,No phone service,DSL,No,No,No,Yes,No,No,Two year,Yes,Credit card (automatic),51.9,458.57,4,No
6744-VARDD,Male,1,Yes,Yes,72,Yes,Yes,No,No internet service,No internet service,No internet service,No internet service,No internet service,No internet service,Month-to-month,No,Bank transfer (automatic),32.35,2390.84,2,No
6745-HYTFD,Female,0,Yes,No,31,No,No phone service,No,No internet service,No internet service,No internet service,No internet service,No internet service,No internet service,Month-to-month,Yes,Bank transfer (automatic),32.15,990.02,4,No
6746-DKIND,Female,0,Yes,No,3,Yes,Yes,Fiber optic,No,No,No,No,No,Yes,Month-to-month,No,Bank transfer (automatic),68.93,196.4,0,Yes
6747-MFMYC,Female,0,Yes,No,1,Yes,No,No,No internet service,No internet service,No internet service,No internet service,No internet service,No internet service,Month-to-month,No,Mailed check,28.13,143.98,0,Yes
6748-WGAKB,Female,0,Yes,No,1,Yes,Yes,No,No internet service,No internet service,No internet service,No internet service,No internet service,No internet service,Month-to-month,Yes,Credit card (automatic),18.0,123.1,0,No
6749-EXVNM,Female,0,No,No,1,Yes,Yes,Fiber optic,No,No,No,No,No,No,One year,Yes,Electronic check,69.61,146.1,1,No
6750-PWOCF,Male,0,Yes,Yes,72,Yes,No,No,No internet service,No internet service,No internet service,No internet service,No internet service,No internet service,Month-to-month,No,Credit card (automatic),18.0,1259.8,0,No
6751-ICMMV,Female,0,No,No,14,Yes,No,DSL,No,Yes,Yes,Yes,No,No,Month-to-month,Yes,Bank transfer (automatic),37.69,479.83,1,Yes
6752-GEZHH,Male,1,No,Yes,11,Yes,Yes,No,No internet service,No internet service,No internet service,No internet service,No internet service,No internet service,Two year,No,Electronic check,18.0,118.52,0,Yes
6753-VGSGW,Male,1,Yes,No,17,Yes,No,Fiber optic,Yes,No,Yes,No,No,Yes,Month-to-month,No,Bank transfer (automatic),75.61,1229.62,2,No
6754-DJMDS,Female,0,Yes,No,16,Yes,No,Fiber optic,No,No,No,No,Yes,No,Month-to-month,Yes,Mailed check,74.2,1100.86,3,No
6755-JGECV,Male,0,Yes,Yes,8,Yes,No,No,No internet service,No internet service,No internet service,No internet service,No internet service,No internet service,One year,Yes,Electronic check,18.0,172.17,0,No
6756-VVBKJ,Male,0,No,No,3,Yes,No,No,No internet service,No internet service,No internet service,No internet service,No internet service,No internet service,Month-to-month,Yes,Electronic check,18.0,18.0,0,Yes
6757-WMGJD,Female,0,No,No,3,Yes,Yes,Fiber optic,No,No,Yes,No,No,Yes,Two year,Yes,Mailed check,76.75,180.42,0,No
6758-VTPTF,Male,0,Yes,No,29,Yes,No,DSL,No,No,No,Yes,Yes,No,Month-to-month,Yes,Bank transfer (automatic),33.22,905.23,0,No
6759-IMGRN,Female,0,No,No,16,Yes,No,Fiber optic,No,No,No,No,Yes,Yes,Month-to-month,Yes,Electronic check,66.48,1047.6,0,No
6760-VEVMX,Female,0,No,No,72,Yes,Yes,No,No internet service,No internet service,No internet service,No internet service,No internet service,No internet service,Month-to-month,Yes,Bank transfer (automatic),18.0,1418.43,1,No
6761-HOSIF,Male,0,No,Yes,19,Yes,No,Fiber optic,Yes,No,No,No,No,No,One year,Yes,Electronic check,73.04,1397.53,3,Yes
6762-WYNWJ,Male,1,No,No,22,Yes,No,No,No internet service,No internet service,No internet service,No internet service,No internet service,No internet service,One year,Yes,Mailed check,18.0,286.84,1,Yes
6763-IQMQS,Female,1,Yes,Yes,72,Yes,No,No,No internet service,No internet service,No internet service,No internet service,No internet service,No internet service,Two year,Yes,Electronic check,28.53,2036.34,1,No
6764-MIAAE,Male,0,Yes,Yes,22,Yes,Yes,Fiber optic,Yes,Yes,Yes,No,No,Yes,Month-to-month,Yes,Bank transfer (automatic),68.0,1425.14,2,Yes
6765-HRDVA,Female,0,No,No,22,Yes,No,Fiber optic,Yes,No,Yes,No,Yes,No,Two year,Yes,Mailed check,76.53,1619.83,3,No
6766-OTDYI,Female,0,No,No,14,Yes,No,DSL,No,Yes,No,No,No,No,Month-to-month,Yes,Electronic check,35.87,472.73,1,Yes
6767-VXZTJ,Female,0,No,No,39,Yes,Yes,Fiber optic,Yes,No,No,No,Yes,Yes,One year,Yes,Credit card (automatic),82.03,3224.12,1,No
6768-XOCBV,Female,1,Yes,No,15,Yes,No,DSL,No,Yes,Yes,No,Yes,No,Month-to-month,Yes,Credit card (automatic),42.43,669.71,0,No
6769-EXAKL,Female,0,No,No,28,Yes,No,Fiber optic,Yes,No,No,No,No,Yes,Two year,No,Bank transfer (automatic),50.96,1468.85,2,No
6770-ZCWPZ,Female,0,No,No,18,Yes,No,No,No internet service,No internet service,No internet service,No internet service,No internet service,No internet service,One year,No,Electronic check,18.0,272.57,2,No
6771-NLTZP,Male,0,Yes,No,24,Yes,No,Fiber optic,No,No,Yes,Yes,No,Yes,One year,Yes,Mailed check,86.45,2119.04,0,Yes
6772-UHQQG,Female,1,Yes,No,56,Yes,No,DSL,No,Yes,No,Yes,Yes,No,Month-to-month,No,Mailed check,50.14,2780.37,2,Yes
6773-OIDHJ,Male,0,No,No,17,Yes,No,No,No internet service,No internet service,No internet service,No internet service,No internet service,No internet service,Month-to-month,No,Credit card (automatic),28.89,529.7,0,Yes
6774-OWRNE,Male,0,Yes,No,8,Yes,No,Fiber optic,Yes,No,No,No,No,No,Month-to-month,No,Mailed check,68.93,558.32,1,No
6775-IMYSK,Male,1,Yes,No,27,Yes,No,DSL,No,Yes,No,Yes,Yes,No,One year,Yes,Bank transfer (automatic),49.23,1415.54,2,No
6776-LCBWV,Female,0,Yes,No,72,Yes,Yes,Fiber optic,No,No,No,No,No,No,Two year,Yes,Mailed check,80.95,5793.4,4,No
6777-OEGDE,Female,0,No,Yes,37,Yes,Yes,Fiber optic,No,No,Yes,No,No,No,Month-to-month,Yes,Credit card (automatic),71.23,2629.13,1,No
6778-YPOPY,Male,0,No,No,11,Yes,No,DSL,No,Yes,No,No,Yes,No,Month-to-month,Yes,Electronic check,54.33,664.86,1,No
6779-DFRCY,Female,1,Yes,Yes,72,Yes,No,Fiber optic,Yes,No,Yes,No,Yes,No,Month-to-month,No,Credit card (automatic),61.53,4432.59,0,No
6780-VXEBW,Male,1,No,Yes,13,Yes,No,DSL,No,Yes,No,Yes,Yes,Yes,Month-to-month,Yes,Bank transfer (automatic),61.51,766.61,1,Yes
6781-PFORF,Female,0,No,No,72,Yes,Yes,No,No internet service,No internet service,No internet service,No internet service,No internet service,No internet service,One year,Yes,Electronic check,36.38,2610.48,3,No
6782-MXMAP,Female,0,Yes,No,6,Yes,No,No,No internet service,No internet service,No internet service,No internet service,No internet service,No internet service,Month-to-month,Yes,Bank transfer (automatic),18.0,196.24,1,Yes
6783-DQRPA,Female,0,No,No,72,Yes,Yes,DSL,Yes,Yes,No,No,No,No,Two year,Yes,Electronic check,35.76,2501.53,2,No
6784-FKFQD,Male,0,No,No,2,Yes,No,No,No internet service,No internet service,No internet service,No internet service,No internet service,No internet service,One year,No,Electronic check,38.86,64.7,1,No
6785-NNTHV,Male,0,No,Yes,39,Yes,No,No,No internet service,No internet service,No internet service,No internet service,No internet service,No internet service,Month-to-month,Yes,Mailed check,24.44,998.38,1,No
6786-BEDJT,Male,0,Yes,Yes,43,Yes,No,Fiber optic,Yes,Yes,Yes,No,Yes,Yes,Month-to-month,No,Electronic check,71.36,3068.47,3,Yes
6787-XUCPJ,Female,0,No,No,36,Yes,No,DSL,Yes,No,Yes,No,No,No,Two year,No,Electronic check,31.73,1221.19,3,No
6788-ODAVO,Female,1,Yes,Yes,48,Yes,No,Fiber optic,Yes,No,No,Yes,No,Yes,Two year,No,Credit card (automatic),67.86,3232.41,0,No
6789-JTVRP,Male,0,Yes,No,20,Yes,No,Fiber optic,No,No,No,No,No,No,Month-to-month,No,Electronic check,79.73,1614.89,2,No
6790-UIXSQ,Male,0,No,No,1,Yes,No,DSL,No,Yes,No,No,Yes,Yes,Month-to-month,No,Mailed check,33.15,105.02,4,Yes
6791-JSHSE,Male,0,No,Yes,14,Yes,No,DSL,No,No,No,No,No,Yes,Month-to-month,Yes,Bank transfer (automatic),49.4,747.29,2,No
6792-BOQJU,Female,0,No,Yes,32,Yes,No,DSL,No,No,Yes,No,No,No,Month-to-month,Yes,Credit card (automatic),46.53,1413.08,1,Yes
6793-UVBIB,Male,0,Yes,No,33,No,No phone service,DSL,No,No,No,No,No,Yes,One year,No,Mailed check,43.16,1488.18,4,No
6794-RLOUY,Female,0,Yes,No,6,Yes,No,No,No internet service,No internet service,No internet service,No internet service,No internet service,No internet service,Month-to-month,Yes,Electronic check,33.22,201.66,2,No
6795-TFRMD,Female,0,No,Yes,9,Yes,No,No,No internet service,No internet service,No internet service,No internet service,No internet service,No internet service,One year,Yes,Mailed check,18.0,121.7,2,No
6796-LIBPA,Male,1,Yes,Yes,21,Yes,No,Fiber optic,Yes,Yes,No,No,No,Yes,Month-to-month,Yes,Electronic check,69.73,1433.56,1,No
6797-DOTAT,Female,0,Yes,No,41,Yes,No,Fiber optic,No,Yes,Yes,Yes,No,No,Month-to-month,Yes,Credit card (automatic),70.8,2865.19,2,No
6798-OCMRM,Female,0,No,No,61,No,No phone service,No,No internet service,No internet service,No internet service,No internet service,No internet service,No internet service,Month-to-month,Yes,Mailed check,23.01,1357.53,2,Yes
6799-JTXGY,Female,0,No,No,2,Yes,Yes,No,No internet service,No internet service,No internet service,No internet service,No internet service,No internet service,Month-to-month,No,Bank transfer (automatic),34.94,129.75,0,No
6800-HARLR,Female,0,No,No,72,Yes,No,No,No internet service,No internet service,No internet service,No internet service,No internet service,No internet service,One year,No,Mailed check,18.0,1396.44,1,No
6801-XLTIB,Male,0,Yes,No,72,No,No phone service,Fiber optic,Yes,No,No,No,Yes,Yes,Month-to-month,No,Electronic check,77.71,5598.72,2,No
6802-NDOQS,Female,0,Yes,No,1,Yes,Yes,Fiber optic,No,No,No,No,No,No,Month-to-month,No,Electronic check,77.1,153.09,1,Yes
6803-FIQOE,Male,1,No,Yes,22,Yes,Yes,No,No internet service,No internet service,No internet service,No internet service,No internet service,No internet service,Month-to-month,No,Bank transfer (automatic),29.03,699.62,1,No
6804-RWDUX,Female,0,No,No,28,Yes,No,No,No internet service,No internet service,No internet service,No internet service,No internet service,No internet service,Month-to-month,No,Mailed check,22.56,577.12,0,Yes
6805-BSEZD,Male,1,No,No,25,Yes,Yes,No,No internet service,No internet service,No internet service,No internet service,No internet service,No internet service,Month-to-month,Yes,Electronic check,18.0,439.26,2,No
6806-ESMPL,Female,1,No,Yes,30,Yes,No,Fiber optic,No,Yes,Yes,Yes,Yes,No,Two year,No,Bank transfer (automatic),79.49,2442.52,2,No
6807-IXPNV,Male,0,No,Yes,22,Yes,No,Fiber optic,No,No,Yes,No,No,Yes,Month-to-month,Yes,Electronic check,67.08,1531.88,2,Yes
6808-ATWZU,Female,0,Yes,Yes,11,Yes,No,DSL,No,Yes,Yes,Yes,Yes,Yes,One year,Yes,Electronic check,57.39,584.17,0,Yes
6809-DIXSN,Male,0,Yes,No,3,Yes,Yes,DSL,No,Yes,Yes,No,No,No,One year,Yes,Credit card (automatic),35.23,39.74,0,Yes
6810-VLDGQ,Male,1,Yes,No,7,Yes,No,DSL,No,Yes,No,Yes,No,No,Two year,No,Mailed check,62.17,472.99,5,No
6811-ANOLL,Male,0,No,Yes,43,Yes,No,Fiber optic,No,No,Yes,Yes,No,No,Month-to-month,No,Mailed check,83.59,3560.48,1,No
6812-FZMPN,Female,0,Yes,No,8,Yes,No,Fiber optic,No,Yes,Yes,No,No,No,One year,Yes,Bank transfer (automatic),66.07,528.49,2,No
6813-GYPWI,Female,0,Yes,No,56,Yes,Yes,Fiber optic,No,Yes,No,No,No,No,One year,Yes,Mailed check,64.56,3590.9,3,No
6814-ZNYXG,Male,0,No,No,16,No,No phone service,DSL,No,No,Yes,No,No,Yes,One year,No,Electronic check,41.93,639.86,1,No
6815-LCNSK,Female,0,Yes,No,17,No,No phone service,No,No internet service,No internet service,No internet service,No internet service,No internet service,No internet service,Two year,No,Bank transfer (automatic),20.97,354.74,0,Yes
6816-EWMJG,Male,0,Yes,No,64,Yes,Yes,Fiber optic,No,No,No,Yes,No,No,Month-to-month,Yes,Credit card (automatic),73.0,4699.11,2,Yes
6817-QPHQM,Male,0,No,No,7,Yes,No,No,No internet service,No internet service,No internet service,No internet service,No internet service,No internet service,One year,Yes,Bank transfer (automatic),25.44,290.09,2,No
6818-KTREF,Female,0,No,No,6,Yes,Yes,Fiber optic,No,No,Yes,Yes,No,Yes,Month-to-month,Yes,Credit card (automatic),71.5,381.35,3,No
6819-TNLDG,Female,0,Yes,No,72,Yes,No,DSL,Yes,No,No,Yes,No,No,Two year,No,Electronic check,37.53,2668.97,1,No
6820-KTBDG,Female,0,No,Yes,24,Yes,No,DSL,No,No,No,Yes,Yes,Yes,One year,Yes,Mailed check,44.58,1041.52,2,No
6821-AOTVX,Female,0,Yes,No,6,Yes,No,Fiber optic,No,Yes,Yes,No,Yes,No,One year,Yes,Mailed check,68.59,431.91,0,No
6822-HYENR,Female,0,No,Yes,5,Yes,No,Fiber optic,No,Yes,Yes,No,Yes,No,Month-to-month,No,Electronic check,95.73,433.5,1,No
6823-CBYVP,Female,0,No,No,63,Yes,Yes,DSL,Yes,Yes,No,No,Yes,Yes,Month-to-month,Yes,Electronic check,32.46,2065.09,1,No
6824-NPKQC,Male,0,Yes,Yes,29,Yes,No,DSL,No,No,No,No,No,No,Month-to-month,No,Mailed check,65.67,1800.49,1,No
6825-WWECO,Male,0,No,Yes,3,Yes,Yes,DSL,Yes,Yes,Yes,Yes,No,No,Two year,Yes,Bank transfer (automatic),38.56,58.07,2,No
6826-WEVCF,Male,1,Yes,Yes,69,Yes,No,No,No internet service,No internet service,No internet service,No internet service,No internet service,No internet service,Two year,No,Mailed check,18.0,1233.99,0,No
6827-WNXBR,Female,0,Yes,No,18,Yes,No,DSL,No,No,No,No,No,Yes,Month-to-month,No,Bank transfer (automatic),42.5,725.01,0,Yes
6828-FXENQ,Male,0,No,Yes,72,Yes,Yes,Fiber optic,No,No,No,Yes,No,Yes,Month-to-month,No,Bank transfer (automatic),83.24,6034.69,2,No
6829-KAJIT,Female,1,Yes,No,10,Yes,Yes,No,No internet service,No internet service,No internet service,No internet service,No internet service,No internet service,Month-to-month,Yes,Credit card (automatic),31.68,305.43,2,Yes
6830-LZAXR,Female,0,Yes,Yes,24,Yes,Yes,Fiber optic,Yes,Yes,No,No,Yes,Yes,Month-to-month,Yes,Electronic check,73.52,1726.25,1,Yes
6831-LBAAY,Female,0,Yes,No,6,Yes,No,DSL,No,No,Yes,No,No,No,One year,Yes,Credit card (automatic),48.14,280.32,0,No
6832-AVLGD,Male,0,Yes,No,18,No,No phone service,DSL,No,Yes,Yes,No,No,Yes,Month-to-month,No,Electronic check,53.9,996.03,1,No
6833-UTDZO,Male,0,No,No,6,Yes,No,DSL,No,No,Yes,No,No,Yes,One year,No,Credit card (automatic),48.92,351.2,2,No
6834-AFNZN,Female,0,No,No,11,Yes,No,DSL,Yes,No,No,Yes,No,No,Month-to-month,No,Electronic check,48.16,562.81,1,Yes
6835-JGWXW,Male,0,No,Yes,10,Yes,Yes,DSL,No,Yes,No,No,Yes,Yes,Month-to-month,Yes,Mailed check,32.08,348.06,4,Yes
6836-VLXSI,Female,1,Yes,Yes,10,Yes,No,Fiber optic,No,No,Yes,No,No,Yes,Month-to-month,No,Electronic check,56.68,646.62,3,Yes
6837-CDMJN,Female,1,No,No,72,Yes,No,DSL,No,Yes,Yes,No,Yes,Yes,One year,No,Credit card (automatic),43.39,3046.06,3,No
6838-FHSJV,Male,0,Yes,No,1,Yes,Yes,DSL,No,No,Yes,No,No,No,One year,Yes,Mailed check,29.37,35.19,1,No
6839-EEEIW,Female,1,Yes,No,21,Yes,Yes,No,No internet service,No internet service,No internet service,No internet service,No internet service,No internet service,Month-to-month,No,Bank transfer (automatic),18.0,370.39,1,Yes
6840-IOINF,Female,0,Yes,No,31,Yes,No,Fiber optic,No,No,No,Yes,No,Yes,One year,No,Credit card (automatic),74.62,2325.16,2,No
6841-VTHBE,Female,0,Yes,No,34,Yes,No,No,No internet service,No internet service,No internet service,No internet service,No internet service,No internet service,Month-to-month,No,Mailed check,26.93,894.09,2,No
6842-QJNRA,Female,0,No,No,44,Yes,No,DSL,No,No,No,No,No,No,Two year,No,Mailed check,45.19,1981.65,2,No
6843-VBDMP,Male,0,No,No,45,Yes,Yes,DSL,Yes,Yes,No,Yes,No,Yes,Month-to-month,No,Electronic check,43.38,1985.78,3,No
6844-EWJQK,Male,0,No,No,72,No,No phone service,Fiber optic,No,Yes,No,Yes,Yes,No,One year,No,Bank transfer (automatic),75.77,5500.29,3,No
6845-EODGJ,Female,0,No,Yes,45,Yes,No,Fiber optic,No,No,Yes,No,No,No,Month-to-month,Yes,Electronic check,64.34,2883.51,3,Yes
6846-WXDTZ,Female,0,Yes,No,55,Yes,No,No,No internet service,No internet service,No internet service,No internet service,No internet service,No internet service,Month-to-month,Yes,Bank transfer (automatic),18.0,923.19,0,No
6847-EEKSE,Female,0,No,Yes,24,Yes,No,No,No internet service,No internet service,No internet service,No internet service,No internet service,No internet service,Month-to-month,No,Electronic check,18.78,511.21,2,No
6848-UHGHM,Male,1,No,No,34,Yes,Yes,Fiber optic,Yes,No,No,Yes,Yes,No,Month-to-month,Yes,Electronic check,66.64,2233.6,1,No
6849-ERXIB,Male,0,No,Yes,20,Yes,No,Fiber optic,No,No,No,No,No,Yes,Month-to-month,Yes,Electronic check,60.2,1141.21,0,No
6850-PNQFC,Male,0,Yes,No,10,Yes,No,No,No internet service,No internet service,No internet service,No internet service,No internet service,No internet service,Two year,No,Credit card (automatic),33.79,355.62,1,No
6851-QMFHY,Male,1,No,No,12,Yes,No,No,No internet service,No internet service,No internet service,No internet service,No internet service,No internet service,Month-to-month,No,Electronic check,23.17,297.3,1,No
6852-FPFQU,Male,0,No,Yes,14,Yes,No,DSL,No,No,No,Yes,Yes,No,One year,No,Electronic check,32.47,523.63,0,No
6853-CWLYF,Female,0,Yes,Yes,13,No,No phone service,Fiber optic,No,Yes,Yes,No,Yes,No,Two year,Yes,Credit card (automatic),72.72,932.12,2,No
6854-UGKIP,Male,0,No,Yes,24,Yes,No,Fiber optic,No,No,No,Yes,Yes,Yes,Two year,No,Electronic check,66.77,1615.77,0,No
6855-EOUZD,Male,1,Yes,Yes,9,Yes,Yes,No,No internet service,No internet service,No internet service,No internet service,No internet service,No internet service,Month-to-month,No,Electronic check,30.01,288.82,1,No
6856-EGCDY,Female,0,Yes,Yes,23,Yes,Yes,No,No internet service,No internet service,No internet service,No internet service,No internet service,No internet service,One year,No,Mailed check,35.56,799.99,2,No
6857-OBXYE,Male,0,No,No,72,Yes,No,DSL,No,Yes,Yes,Yes,No,Yes,Two year,Yes,Mailed check,28.41,2025.69,0,No
6858-GVQHI,Female,0,Yes,No,16,Yes,No,No,No internet service,No internet service,No internet service,No internet service,No internet service,No internet service,Month-to-month,No,Credit card (automatic),20.38,388.92,1,Yes
6859-JKAOH,Female,0,No,No,8,Yes,No,No,No internet service,No internet service,No internet service,No internet service,No internet service,No internet service,Month-to-month,Yes,Bank transfer (automatic),18.0,118.87,4,Yes
6860-SLFJX,Male,0,Yes,No,13,Yes,No,DSL,No,No,No,No,Yes,No,Month-to-month,Yes,Bank transfer (automatic),23.78,280.42,1,No
6861-EXGGW,Male,0,Yes,No,67,Yes,Yes,Fiber optic,No,No,Yes,No,Yes,Yes,Month-to-month,No,Bank transfer (automatic),86.25,5849.05,2,Yes
6862-YVVIO,Male,0,No,Yes,72,Yes,Yes,Fiber optic,No,No,No,Yes,Yes,Yes,One year,No,Electronic check,69.26,4917.22,2,No
6863-FPGOW,Male,0,Yes,No,69,Yes,Yes,Fiber optic,No,No,Yes,Yes,Yes,No,Month-to-month,Yes,Credit card (automatic),74.42,5170.71,5,No
6864-BHLKF,Female,0,No,No,10,Yes,No,Fiber optic,No,No,No,Yes,No,Yes,Month-to-month,Yes,Electronic check,63.21,686.2,1,Yes
6865-TMWPH,Female,0,No,Yes,15,Yes,No,DSL,No,No,No,No,No,No,Month-to-month,No,Credit card (automatic),45.88,625.2,2,No
6866-QZMDT,Male,0,Yes,No,72,No,No phone service,No,No internet service,No internet service,No internet service,No internet service,No internet service,No internet service,Two year,No,Credit card (automatic),20.98,1477.18,1,No
6867-JYVTP,Female,0,No,Yes,12,Yes,Yes,DSL,No,Yes,No,No,No,Yes,Month-to-month,Yes,Electronic check,39.59,453.7,3,No
6868-QHKYE,Female,0,No,Yes,4,Yes,No,Fiber optic,No,No,Yes,No,Yes,Yes,One year,No,Bank transfer (automatic),70.66,357.2,3,No
6869-UZPXH,Female,0,No,Yes,10,Yes,No,DSL,No,No,No,No,Yes,No,Month-to-month,Yes,Electronic check,73.68,766.58,0,Yes
6870-UPDFZ,Male,0,No,No,72,Yes,Yes,Fiber optic,No,Yes,Yes,Yes,Yes,No,One year,Yes,Bank transfer (automatic),61.64,4501.12,0,No
6871-UHIMQ,Female,0,No,No,17,Yes,No,Fiber optic,No,No,No,No,Yes,No,One year,Yes,Electronic check,67.88,1203.96,1,Yes
6872-IMIFJ,Female,0,Yes,No,72,Yes,Yes,No,No internet service,No internet service,No internet service,No internet service,No internet service,No internet service,Two year,No,Credit card (automatic),35.47,2527.72,1,No
6873-EGKXI,Female,1,Yes,No,3,Yes,No,No,No internet service,No internet service,No internet service,No internet service,No internet service,No internet service,One year,No,Bank transfer (automatic),19.28,134.09,1,No
6874-YJKCH,Male,0,No,No,46,Yes,Yes,DSL,No,No,No,No,Yes,No,Month-to-month,No,Bank transfer (automatic),25.92,1146.68,1,No
6875-QGLPO,Female,0,No,No,3,Yes,Yes,Fiber optic,No,No,Yes,No,No,No,Two year,No,Credit card (automatic),68.21,200.91,1,No
6876-UMRRX,Female,0,Yes,No,7,Yes,Yes,DSL,No,Yes,Yes,No,Yes,No,Month-to-month,No,Credit card (automatic),23.68,159.73,0,No
6877-ENKCQ,Female,1,Yes,No,30,Yes,No,Fiber optic,Yes,Yes,No,No,No,No,Month-to-month,No,Mailed check,65.1,1959.04,2,Yes
6878-WLCWB,Female,1,No,No,18,Yes,No,Fiber optic,No,No,No,No,No,No,One year,Yes,Electronic check,74.97,1433.85,1,Yes
6879-DRTUN,Female,0,No,No,35,Yes,Yes,DSL,Yes,No,No,No,Yes,No,One year,Yes,Electronic check,38.44,1301.16,0,No
6880-HBZSJ,Female,0,Yes,No,72,Yes,No,Fiber optic,No,No,Yes,No,Yes,No,One year,No,Bank transfer (automatic),74.94,5396.42,0,Yes
6881-EKIPZ,Female,0,No,No,1,Yes,No,DSL,No,No,No,No,No,Yes,Month-to-month,Yes,Bank transfer (automatic),40.52,50.91,1,No
6882-EONIT,Male,0,No,Yes,6,Yes,Yes,DSL,No,No,No,No,Yes,No,Month-to-month,No,Electronic check,55.96,333.68,2,Yes
6883-ZEOID,Male,0,No,No,32,Yes,Yes,No,No internet service,No internet service,No internet service,No internet service,No internet service,No internet service,One year,Yes,Mailed check,25.07,805.97,2,No
6884-UUDTU,Male,0,Yes,Yes,72,Yes,Yes,DSL,Yes,Yes,Yes,Yes,Yes,Yes,Month-to-month,Yes,Mailed check,41.92,2906.03,2,No
6885-VGOVQ,Male,1,No,No,51,Yes,Yes,Fiber optic,Yes,No,No,No,No,No,Month-to-month,Yes,Mailed check,59.93,3057.63,0,No
6886-RGSJM,Male,0,Yes,No,20,Yes,No,No,No internet service,No internet service,No internet service,No internet service,No internet service,No internet service,Month-to-month,Yes,Electronic check,18.0,381.52,0,No
6887-BVTKE,Male,1,No,Yes,43,Yes,Yes,No,No internet service,No internet service,No internet service,No internet service,No internet service,No internet service,Month-to-month,Yes,Electronic check,22.94,978.38,1,Yes
6888-FCACC,Female,0,Yes,No,7,No,No phone service,Fiber optic,No,No,Yes,No,Yes,No,Two year,No,Mailed check,72.43,527.33,2,No
6889-VDGOK,Male,0,No,No,1,Yes,No,DSL,No,No,Yes,Yes,No,No,Two year,Yes,Credit card (automatic),51.48,37.15,1,No
6890-RLDXK,Male,0,Yes,No,27,No,No phone service,No,No internet service,No internet service,No internet service,No internet service,No internet service,No internet service,Two year,Yes,Electronic check,24.19,616.54,1,No
6891-FZSZR,Male,0,No,Yes,53,Yes,No,Fiber optic,No,Yes,No,No,No,No,Month-to-month,Yes,Credit card (automatic),78.9,4165.9,2,No
6892-OCQAB,Male,0,No,Yes,18,Yes,No,Fiber optic,No,No,No,No,Yes,No,One year,Yes,Bank transfer (automatic),61.9,1152.31,1,Yes
6893-SIHLO,Female,0,No,Yes,26,Yes,No,DSL,No,No,No,No,No,No,One year,Yes,Electronic check,44.86,1134.15,2,No
6894-YWGUP,Female,0,Yes,Yes,17,Yes,No,DSL,No,No,Yes,No,Yes,Yes,Month-to-month,Yes,Electronic check,48.35,873.31,3,No
6895-GTULQ,Female,0,Yes,No,23,Yes,No,DSL,No,Yes,Yes,No,Yes,Yes,One year,Yes,Credit card (automatic),39.01,971.08,3,No
6896-KDSBB,Female,0,Yes,No,69,Yes,No,Fiber optic,No,No,No,No,No,No,Month-to-month,No,Mailed check,50.56,3484.26,2,Yes
6897-XQXIV,Male,1,Yes,Yes,20,Yes,Yes,DSL,No,No,No,No,Yes,Yes,Two year,No,Mailed check,45.8,828.4,2,No
6898-AJWOU,Female,1,Yes,Yes,1,No,No phone service,DSL,No,No,No,No,No,No,Month-to-month,Yes,Electronic check,38.81,132.88,2,No
6899-OYWUB,Male,0,No,No,51,Yes,Yes,DSL,No,No,Yes,Yes,Yes,Yes,Two year,Yes,Credit card (automatic),26.93,1473.18,1,No
6900-NDRIB,Female,1,No,No,30,Yes,Yes,Fiber optic,Yes,No,No,No,Yes,Yes,Month-to-month,No,Electronic check,60.36,1826.81,4,Yes
6901-BRQIH,Male,0,Yes,No,41,Yes,Yes,DSL,No,Yes,No,No,No,Yes,Month-to-month,Yes,Bank transfer (automatic),39.93,1720.28,1,No
6902-BBELP,Male,0,Yes,Yes,72,Yes,No,No,No internet service,No internet service,No internet service,No internet service,No internet service,No internet service,Month-to-month,Yes,Electronic check,18.0,1271.8,2,No
6903-NTBXH,Female,0,No,No,10,Yes,Yes,DSL,No,Yes,No,No,Yes,No,Month-to-month,Yes,Mailed check,48.06,501.53,0,No
6904-DTITZ,Female,0,Yes,Yes,22,Yes,Yes,No,No internet service,No internet service,No internet service,No internet service,No internet service,No internet service,One year,No,Credit card (automatic),19.04,377.45,2,No
6905-YSBPK,Female,0,No,No,29,Yes,Yes,No,No internet service,No internet service,No internet service,No internet service,No internet service,No internet service,Two year,Yes,Bank transfer (automatic),18.0,569.0,1,No
6906-HLCMB,Female,0,Yes,No,13,Yes,No,Fiber optic,No,Yes,Yes,Yes,Yes,No,Two year,Yes,Bank transfer (automatic),79.34,1048.58,2,Yes
6907-MHOXU,Female,0,Yes,No,59,Yes,No,DSL,No,Yes,No,No,No,No,Month-to-month,No,Bank transfer (automatic),56.5,3279.13,2,No
6908-IKVUC,Female,0,Yes,Yes,38,Yes,No,DSL,Yes,Yes,Yes,Yes,No,No,One year,Yes,Electronic check,53.94,2003.76,2,No
6909-GNOIT,Female,0,Yes,Yes,42,Yes,No,DSL,No,No,Yes,No,No,No,Month-to-month,No,Bank transfer (automatic),41.72,1702.02,3,No
6910-KGLSR,Male,0,No,No,52,Yes,Yes,Fiber optic,No,No,No,Yes,No,Yes,Month-to-month,No,Mailed check,69.72,3655.33,2,No
6911-MKAFU,Female,0,Yes,No,9,Yes,Yes,DSL,No,No,Yes,No,No,No,Month-to-month,Yes,Credit card (automatic),54.36,496.52,2,No
6912-BMMSI,Male,0,No,No,43,Yes,Yes,DSL,No,Yes,No,No,No,Yes,Month-to-month,No,Credit card (automatic),50.06,2167.48,6,No
6913-SWAWY,Male,1,Yes,Yes,47,Yes,Yes,DSL,Yes,No,Yes,No,Yes,No,One year,Yes,Bank transfer (automatic),37.98,1807.33,1,No
6914-HWZNX,Female,0,No,No,59,Yes,No,DSL,No,No,Yes,Yes,No,Yes,Month-to-month,Yes,Electronic check,42.71,2531.44,2,No
6915-PDRNI,Male,0,No,No,21,Yes,Yes,DSL,No,No,Yes,Yes,No,Yes,One year,Yes,Credit card (automatic),46.59,1009.41,0,No
6916-OCDWR,Female,1,No,No,22,No,No phone service,DSL,No,No,Yes,No,Yes,No,Month-to-month,Yes,Credit card (automatic),50.09,1105.94,0,No
6917-NOHJX,Male,1,Yes,Yes,3,Yes,No,DSL,No,No,No,Yes,Yes,No,One year,Yes,Credit card (automatic),49.28,105.24,1,No
6918-LUIHQ,Female,0,No,No,61,Yes,Yes,Fiber optic,Yes,No,No,No,No,Yes,Month-to-month,Yes,Mailed check,60.28,3609.44,1,No
6919-IMNEI,Female,0,Yes,Yes,24,Yes,No,DSL,No,Yes,No,No,No,Yes,One year,Yes,Mailed check,42.21,1036.36,1,No
6920-YZZPS,Female,0,Yes,No,28,Yes,No,No,No internet service,No internet service,No internet service,No internet service,No internet service,No internet service,Month-to-month,No,Bank transfer (automatic),36.25,1081.67,3,No
6921-XWGLZ,Female,0,No,No,4,Yes,No,Fiber optic,Yes,No,Yes,No,No,No,Month-to-month,Yes,Mailed check,71.52,277.58,3,Yes
6922-BRRPK,Female,0,No,No,29,No,No phone service,Fiber optic,No,Yes,No,No,Yes,No,Month-to-month,No,Mailed check,71.79,2225.76,1,No
6923-BNDGB,Male,0,Yes,Yes,1,Yes,Yes,Fiber optic,Yes,No,Yes,No,No,No,One year,Yes,Electronic check,73.01,60.12,1,No
6924-UNGIH,Female,0,No,Yes,72,Yes,Yes,No,No internet service,No internet service,No internet service,No internet service,No internet service,No internet service,Two year,Yes,Credit card (automatic),18.0,1415.29,3,No
6925-IGSQZ,Female,0,Yes,No,63,Yes,Yes,DSL,No,Yes,Yes,No,Yes,No,One year,No,Mailed check,57.43,3616.0,2,No
6926-WMKVR,Male,0,Yes,No,6,Yes,Yes,Fiber optic,No,No,No,No,No,Yes,Month-to-month,Yes,Credit card (automatic),70.21,481.14,1,No
6927-QPJDD,Female,1,No,Yes,28,Yes,Yes,DSL,No,No,Yes,No,Yes,Yes,Month-to-month,Yes,Credit card (automatic),40.58,1114.85,0,Yes
6928-VKUYH,Male,0,No,No,29,Yes,No,No,No internet service,No internet service,No internet service,No internet service,No internet service,No internet service,Month-to-month,No,Electronic check,20.42,561.17,1,No
6929-IPJWI,Female,0,Yes,No,52,Yes,Yes,DSL,No,Yes,No,Yes,No,Yes,Month-to-month,Yes,Electronic check,66.49,3471.49,1,No
6930-CYBIM,Male,0,No,No,45,Yes,No,Fiber optic,No,No,Yes,No,Yes,Yes,Month-to-month,Yes,Bank transfer (automatic),37.63,1723.95,4,Yes
6931-FDNKB,Female,0,No,No,72,Yes,No,Fiber optic,Yes,No,Yes,No,No,No,Month-to-month,Yes,Electronic check,81.1,5836.16,1,Yes
6932-ZCEYG,Female,0,No,Yes,13,Yes,No,Fiber optic,No,No,No,No,Yes,No,One year,No,Mailed check,60.58,721.46,4,Yes
6933-KLKSM,Male,0,Yes,No,4,Yes,No,Fiber optic,No,Yes,Yes,No,No,Yes,Month-to-month,No,Electronic check,94.09,401.81,3,No
6934-DNLBH,Male,0,Yes,No,27,Yes,Yes,Fiber optic,Yes,No,No,No,Yes,No,Month-to-month,No,Mailed check,62.2,1791.4,1,Yes
6935-VSMUU,Male,0,No,No,46,Yes,No,No,No internet service,No internet service,No internet service,No internet service,No internet service,No internet service,One year,Yes,Credit card (automatic),21.26,978.38,2,No
6936-AEVZZ,Male,0,No,No,10,Yes,No,DSL,No,No,No,No,No,Yes,Two year,Yes,Electronic check,50.27,517.54,4,No
6937-KKMBS,Male,0,No,No,8,Yes,No,DSL,No,Yes,Yes,No,Yes,No,Two year,Yes,Bank transfer (automatic),43.76,267.18,4,No
6938-PZENS,Female,0,No,Yes,51,Yes,No,No,No internet service,No internet service,No internet service,No internet service,No internet service,No internet service,One year,Yes,Mailed check,25.19,1357.09,3,No
6939-EUXZI,Female,0,Yes,No,44,Yes,Yes,DSL,Yes,No,Yes,No,Yes,No,Month-to-month,No,Credit card (automatic),45.47,2020.04,1,No
6940-XLPSO,Male,0,No,No,7,Yes,Yes,No,No internet service,No internet service,No internet service,No internet service,No internet service,No internet service,One year,No,Bank transfer (automatic),18.0,178.49,0,No
6941-QOCQM,Male,0,Yes,Yes,65,Yes,No,Fiber optic,No,No,Yes,No,No,No,Month-to-month,No,Electronic check,68.07,4406.06,0,No
6942-IMPSN,Male,1,Yes,No,4,Yes,No,DSL,Yes,No,Yes,No,Yes,No,One year,Yes,Bank transfer (automatic),34.78,150.44,0,No
6943-HVSYX,Female,0,Yes,No,3,Yes,No,DSL,No,No,No,No,Yes,Yes,Month-to-month,Yes,Credit card (automatic),36.1,88.12,0,Yes
6944-CWURP,Female,0,No,No,13,Yes,Yes,Fiber optic,No,Yes,No,No,No,No,Month-to-month,No,Bank transfer (automatic),76.18,879.21,2,No
6945-NPXQT,Male,0,Yes,Yes,69,Yes,No,No,No internet service,No internet service,No internet service,No internet service,No internet service,No internet service,Month-to-month,Yes,Bank transfer (automatic),19.14,1320.86,2,No
6946-KMKDZ,Female,1,Yes,Yes,38,Yes,No,DSL,No,No,No,No,No,Yes,Month-to-month,Yes,Credit card (automatic),48.59,1846.34,0,No
6947-NEDAN,Male,0,Yes,No,16,Yes,No,DSL,No,No,No,No,Yes,Yes,Month-to-month,No,Bank transfer (automatic),46.05,778.1,1,No
6948-GJBJC,Female,0,Yes,No,5,No,No phone service,No,No internet service,No internet service,No internet service,No internet service,No internet service,No internet service,One year,No,Bank transfer (automatic),18.0,22.76,0,No
6949-UHJHN,Male,1,Yes,Yes,39,Yes,No,Fiber optic,No,No,No,No,No,No,Month-to-month,No,Mailed check,60.31,2341.64,1,No
6950-RIVID,Male,1,No,No,29,Yes,No,DSL,No,Yes,No,No,No,No,One year,Yes,Credit card (automatic),56.68,1615.69,0,No
6951-CNNUP,Female,0,Yes,Yes,72,Yes,Yes,Fiber optic,Yes,Yes,Yes,No,Yes,No,One year,Yes,Bank transfer (automatic),79.32,5587.24,0,No
6952-ETWXO,Female,0,Yes,No,46,Yes,No,No,No internet service,No internet service,No internet service,No internet service,No internet service,No internet service,Month-to-month,No,Electronic check,24.62,1116.98,1,No
6953-UIGMW,Male,0,No,Yes,3,Yes,Yes,Fiber optic,No,Yes,No,No,No,Yes,Two year,Yes,Credit card (automatic),65.37,243.31,2,No
6954-HLDPZ,Male,0,No,No,41,Yes,No,Fiber optic,No,No,No,No,No,No,Month-to-month,Yes,Electronic check,67.24,2721.47,5,No
6955-FEANI,Female,0,No,No,9,Yes,Yes,DSL,No,Yes,Yes,No,Yes,Yes,Month-to-month,No,Credit card (automatic),62.9,575.05,2,No
6956-RFOPH,Male,0,Yes,No,72,Yes,Yes,Fiber optic,No,No,No,Yes,No,No,Two year,Yes,Electronic check,89.57,6465.26,2,No
6957-SENGD,Male,0,No,No,1,Yes,Yes,DSL,No,No,No,No,No,Yes,Month-to-month,Yes,Electronic check,56.0,63.83,0,No
6958-UADNW,Male,0,Yes,No,8,Yes,No,Fiber optic,Yes,Yes,Yes,No,No,Yes,Month-to-month,Yes,Mailed check,80.84,620.18,1,No
6959-PZGJJ,Male,0,No,No,22,Yes,No,Fiber optic,Yes,No,No,No,Yes,Yes,Month-to-month,Yes,Mailed check,90.94,2019.49,1,No
6960-DLFMU,Male,1,Yes,No,2,Yes,No,Fiber optic,Yes,No,No,No,No,No,Two year,Yes,Credit card (automatic),73.97,147.38,1,No
6961-AHWPE,Male,1,Yes,No,13,Yes,Yes,DSL,No,No,No,No,No,No,Two year,Yes,Bank transfer (automatic),45.34,537.79,2,No
6962-ZZGZC,Female,0,No,No,22,Yes,Yes,Fiber optic,No,Yes,Yes,Yes,Yes,No,Two year,Yes,Mailed check,67.9,1513.09,3,No
6963-XUBBT,Female,0,Yes,No,18,Yes,No,Fiber optic,No,No,No,No,No,No,Month-to-month,No,Credit card (automatic),73.41,1367.97,0,No
6964-WJTIR,Male,0,Yes,No,19,Yes,No,Fiber optic,No,No,Yes,No,No,Yes,Two year,Yes,Credit card (automatic),64.86,1196.4,3,No
6965-FTFZY,Male,0,No,No,67,Yes,Yes,DSL,Yes,No,Yes,Yes,No,Yes,Month-to-month,Yes,Electronic check,41.06,2780.91,2,Yes
6966-JYIIC,Female,0,No,Yes,22,Yes,No,DSL,No,Yes,No,No,Yes,No,One year,Yes,Electronic check,36.54,907.39,2,No
6967-LKNYS,Male,0,No,No,72,Yes,Yes,Fiber optic,No,No,No,No,No,No,Month-to-month,No,Credit card (automatic),81.32,5911.13,2,No
6968-JSEVI,Female,0,No,No,5,Yes,No,No,No internet service,No internet service,No internet service,No internet service,No internet service,No internet service,Month-to-month,Yes,Mailed check,19.02,124.54,2,No
6969-AOXDZ,Female,0,No,No,10,Yes,Yes,Fiber optic,No,No,No,No,No,No,Two year,Yes,Electronic check,74.45,765.16,1,Yes
6970-GFOFG,Male,0,No,No,34,Yes,No,No,No internet service,No internet service,No internet service,No internet service,No internet service,No internet service,One year,Yes,Credit card (automatic),29.07,956.2,0,No
6971-TVCUM,Male,0,No,No,10,Yes,No,Fiber optic,No,No,Yes,No,Yes,No,One year,Yes,Bank transfer (automatic),63.37,604.08,3,No
6972-BCMIV,Male,0,No,No,13,Yes,Yes,Fiber optic,Yes,No,No,No,No,No,One year,Yes,Mailed check,83.13,1102.45,4,No
6973-SREJN,Female,0,No,No,72,Yes,No,DSL,Yes,No,No,No,No,No,Month-to-month,Yes,Credit card (automatic),43.67,3146.44,0,No
6974-UQCGI,Female,0,Yes,No,24,Yes,Yes,DSL,Yes,Yes,No,No,No,No,One year,Yes,Bank transfer (automatic),32.6,872.04,4,No
6975-EDCZM,Male,0,No,No,13,Yes,No,DSL,No,No,No,No,No,No,Month-to-month,Yes,Mailed check,35.89,407.34,2,No
6976-IWGHJ,Male,1,Yes,Yes,47,Yes,Yes,Fiber optic,Yes,No,Yes,No,No,No,Month-to-month,No,Mailed check,60.49,2795.35,3,No
6977-ATUUA,Male,0,No,Yes,2,Yes,No,Fiber optic,No,No,No,Yes,Yes,No,Two year,Yes,Mailed check,99.64,128.54,2,No
6978-SBLWM,Female,0,Yes,No,26,Yes,Yes,Fiber optic,Yes,No,No,No,Yes,No,Month-to-month,No,Electronic check,68.61,1860.04,2,No
6979-NECXQ,Male,0,No,No,3,Yes,Yes,DSL,No,No,No,No,No,No,One year,No,Credit card (automatic),48.69,62.92,1,No
6980-ANFQD,Female,0,Yes,No,6,Yes,No,Fiber optic,Yes,No,No,No,No,No,Month-to-month,Yes,Credit card (automatic),61.61,358.19,0,No
6981-FAIDI,Male,0,No,No,2,Yes,No,Fiber optic,No,No,No,No,No,No,Month-to-month,Yes,Electronic check,83.51,138.63,1,Yes
6982-IVMWQ,Male,0,Yes,No,72,Yes,No,Fiber optic,No,Yes,No,No,No,No,Month-to-month,Yes,Credit card (automatic),67.16,4716.29,0,No
6983-UCZZF,Female,1,Yes,No,1,Yes,Yes,DSL,No,Yes,No,Yes,Yes,No,Month-to-month,No,Electronic check,34.17, ,2,Yes
6984-TONMI,Female,0,No,Yes,23,Yes,No,Fiber optic,No,No,Yes,Yes,Yes,Yes,Month-to-month,Yes,Electronic check,59.99,1362.58,0,Yes
6985-WONDK,Female,0,Yes,No,8,Yes,No,Fiber optic,No,No,Yes,No,Yes,No,Month-to-month,No,Credit card (automatic),84.93,670.63,3,Yes
6986-VBPSP,Female,0,Yes,No,15,Yes,No,Fiber optic,Yes,Yes,No,Yes,No,No,Month-to-month,No,Electronic check,55.2,861.4,1,Yes
6987-GKLDP,Female,0,No,No,21,Yes,No,Fiber optic,Yes,Yes,No,No,No,Yes,Two year,Yes,Credit card (automatic),79.59,1666.8,2,No
6988-ZPGYM,Female,0,No,Yes,19,Yes,Yes,No,No internet service,No internet service,No internet service,No internet service,No internet service,No internet service,Month-to-month,Yes,Mailed check,18.0,314.15,2,No
6989-EAEVN,Male,0,Yes,No,44,Yes,No,DSL,No,No,No,No,No,No,One year,No,Electronic check,35.93,1620.33,0,No
6990-KBXRO,Female,0,Yes,No,72,Yes,No,No,No internet service,No internet service,No internet service,No internet service,No internet service,No internet service,Month-to-month,Yes,Electronic check,21.49,1624.22,1,Yes
6991-NYMBS,Male,0,No,Yes,11,Yes,Yes,No,No internet service,No internet service,No internet service,No internet service,No internet service,No internet service,Month-to-month,Yes,Mailed check,18.0,130.81,1,No
6992-HVQOT,Male,0,Yes,Yes,1,Yes,Yes,Fiber optic,No,Yes,No,Yes,No,Yes,Month-to-month,No,Bank transfer (automatic),74.37,58.31,1,Yes
6993-UNCQC,Male,0,Yes,No,71,Yes,No,Fiber optic,No,No,No,Yes,Yes,No,Two year,Yes,Bank transfer (automatic),60.56,4373.67,0,No
6994-MYRAG,Female,1,No,Yes,72,Yes,No,No,No internet service,No internet service,No internet service,No internet service,No internet service,No internet service,Month-to-month,No,Electronic check,30.86,2193.23,3,No
6995-WEBQU,Female,0,Yes,Yes,18,No,No phone service,Fiber optic,Yes,No,No,No,No,No,Month-to-month,Yes,Mailed check,83.52,1480.04,3,Yes
6996-JDIUK,Male,0,No,No,19,Yes,No,Fiber optic,No,No,No,No,No,Yes,Two year,Yes,Electronic check,68.17,1439.19,3,Yes
6997-ZLLRD,Male,0,No,Yes,4,Yes,No,No,No internet service,No internet service,No internet service,No internet service,No internet service,No internet service,Month-to-month,Yes,Mailed check,33.76,153.88,2,Yes
6998-IHSXM,Male,0,No,Yes,20,Yes,Yes,No,No internet service,No internet service,No internet service,No internet service,No internet service,No internet service,One year,Yes,Electronic check,18.0,356.3,1,No
6999-BSNEZ,Female,0,No,No,11,Yes,No,DSL,Yes,No,Yes,No,Yes,Yes,Month-to-month,Yes,Bank transfer (automatic),37.9,478.08,0,No
7000-JXQTP,Male,0,No,Yes,72,No,No phone service,No,No internet service,No internet service,No internet service,No internet service,No internet service,No internet service,One year,No,Mailed check,24.37,1796.88,0,No
7001-QAUVO,Female,0,No,No,6,Yes,No,No,No internet service,No internet service,No internet service,No internet service,No internet service,No internet service,Month-to-month,No,Mailed check,25.28,292.41,3,No
7002-QKVED,Male,0,No,No,15,Yes,Yes,DSL,No,Yes,No,No,Yes,Yes,Month-to-month,Yes,Bank transfer (automatic),34.74,581.9,3,No
7003-ZUXIP,Female,0,Yes,Yes,30,Yes,Yes,Fiber optic,No,No,No,No,No,Yes,One year,No,Electronic check,70.82,2076.11,3,No
7004-LRVCO,Female,0,Yes,No,13,Yes,No,DSL,No,Yes,Yes,No,Yes,Yes,Month-to-month,Yes,Mailed check,44.19,538.63,2,No
7005-RLMAD,Male,0,No,Yes,20,Yes,No,DSL,No,No,Yes,No,No,No,Two year,No,Electronic check,49.57,1021.42,1,No
7006-HSUZU,Female,0,Yes,Yes,72,Yes,No,Fiber optic,No,No,No,No,No,No,One year,Yes,Electronic check,89.33,6485.86,2,No
7007-EKYXX,Male,1,Yes,No,22,Yes,No,Fiber optic,Yes,No,No,No,Yes,No,Month-to-month,Yes,Mailed check,67.47,1547.57,0,Yes
7008-QQBXZ,Male,0,No,Yes,72,Yes,No,Fiber optic,Yes,Yes,Yes,Yes,No,No,Month-to-month,Yes,Credit card (automatic),66.57,4832.26,1,No
7009-ADIBC,Male,0,No,No,1,Yes,No,Fiber optic,Yes,No,No,No,No,Yes,Two year,Yes,Mailed check,68.84,70.72,2,Yes
7010-FMOKJ,Male,0,Yes,No,4,Yes,No,No,No internet service,No internet service,No internet service,No internet service,No internet service,No internet service,Month-to-month,Yes,Mailed check,18.0,114.97,3,No
7011-CTIYJ,Male,0,Yes,No,72,Yes,No,DSL,No,No,No,Yes,Yes,No,Month-to-month,No,Electronic check,58.89,4346.93,2,No
7012-UWYXW,Female,0,Yes,No,4,Yes,Yes,Fiber optic,Yes,No,No,No,Yes,Yes,Month-to-month,Yes,Mailed check,82.91,351.08,2,Yes
7013-LHUUU,Male,0,No,No,42,Yes,Yes,Fiber optic,Yes,No,No,No,Yes,No,One year,Yes,Credit card (automatic),76.32,3231.77,0,No
7014-QVEXH,Female,0,No,No,18,Yes,Yes,DSL,No,No,Yes,No,Yes,No,Month-to-month,Yes,Mailed check,45.86,838.93,2,No
7015-RKVJZ,Male,1,Yes,No,16,Yes,No,DSL,Yes,Yes,No,No,No,Yes,Month-to-month,Yes,Bank transfer (automatic),42.25,663.46,0,No
7016-OFSQW,Male,0,No,No,34,Yes,Yes,Fiber optic,Yes,Yes,No,Yes,No,No,Month-to-month,No,Electronic check,81.83,2807.5,1,No
7017-JEPLZ,Female,0,Yes,No,41,Yes,Yes,No,No internet service,No internet service,No internet service,No internet service,No internet service,No internet service,Month-to-month,Yes,Electronic check,18.0,793.02,2,No
7018-UXEUA,Male,0,No,No,72,Yes,No,DSL,No,No,Yes,Yes,Yes,No,Month-to-month,Yes,Mailed check,49.86,3569.42,2,No
7019-BEWSO,Male,0,Yes,No,9,Yes,No,DSL,Yes,No,No,Yes,Yes,No,Two year,No,Mailed check,53.52,458.33,0,No
7020-AKRCI,Female,0,No,No,38,Yes,Yes,Fiber optic,Yes,Yes,No,Yes,Yes,No,One year,Yes,Electronic check,72.84,2800.59,1,No
7021-XDXMI,Female,1,Yes,Yes,13,Yes,Yes,No,No internet service,No internet service,No internet service,No internet service,No internet service,No internet service,Two year,Yes,Mailed check,22.67,282.09,0,No
7022-CPVHZ,Male,1,Yes,No,40,Yes,No,Fiber optic,Yes,Yes,Yes,Yes,Yes,No,Month-to-month,No,Mailed check,63.59,2670.65,0,No
7023-GYWQY,Male,0,Yes,Yes,4,Yes,Yes,Fiber optic,No,No,Yes,Yes,Yes,No,Month-to-month,No,Bank transfer (automatic),80.41,357.43,2,No
7024-PUVRP,Male,1,Yes,Yes,19,Yes,No,DSL,Yes,No,No,Yes,No,No,Month-to-month,Yes,Mailed check,43.77,847.39,3,Yes
7025-OBTDE,Male,0,No,Yes,6,Yes,No,DSL,No,Yes,No,Yes,Yes,Yes,One year,No,Credit card (automatic),28.85,252.13,1,No
7026-GOQJT,Male,0,No,No,13,Yes,Yes,DSL,No,No,Yes,No,Yes,Yes,Two year,Yes,Bank transfer (automatic),40.58,495.63,3,No
7027-IPXCV,Male,0,No,No,40,Yes,No,DSL,Yes,No,No,No,Yes,No,Two year,No,Credit card (automatic),45.69,1924.29,1,No
7028-IHWGQ,Male,0,Yes,No,8,Yes,Yes,Fiber optic,No,No,No,Yes,Yes,No,One year,Yes,Electronic check,67.63,653.2,0,No
7029-EGMRV,Male,0,Yes,No,36,Yes,No,No,No internet service,No internet service,No internet service,No internet service,No internet service,No internet service,One year,No,Credit card (automatic),27.58,1002.67,1,No
7030-NRCQS,Male,0,Yes,No,21,Yes,No,No,No internet service,No internet service,No internet service,No internet service,No internet service,No internet service,Two year,Yes,Electronic check,18.0,391.04,2,No
7031-GUDOX,Female,0,Yes,No,3,Yes,No,Fiber optic,No,Yes,No,No,Yes,No,Month-to-month,Yes,Bank transfer (automatic),64.86,169.25,2,Yes
7032-HPAYP,Female,0,Yes,No,15,Yes,Yes,Fiber optic,No,No,Yes,Yes,No,No,Two year,No,Electronic check,59.75,781.02,2,No
7033-YBBHL,Male,1,No,Yes,65,Yes,Yes,Fiber optic,No,Yes,No,No,No,No,One year,Yes,Electronic check,56.01,3681.13,1,Yes
7034-KFSRE,Female,0,Yes,No,72,Yes,Yes,Fiber optic,Yes,No,No,No,Yes,No,Month-to-month,No,Bank transfer (automatic),67.59,4740.06,5,No
7035-OHFLS,Female,0,No,No,14,Yes,No,DSL,Yes,No,Yes,No,Yes,Yes,Month-to-month,Yes,Electronic check,51.83,737.93,1,Yes
7036-LLIXJ,Male,0,No,No,1,Yes,No,Fiber optic,No,Yes,No,No,No,Yes,Month-to-month,Yes,Credit card (automatic),64.23,65.23,1,Yes
7037-VQRPD,Female,0,Yes,Yes,4,Yes,No,Fiber optic,Yes,No,No,Yes,No,Yes,One year,No,Electronic check,56.4,262.06,0,Yes
7038-RCPNX,Female,0,No,No,49,No,No phone service,No,No internet service,No internet service,No internet service,No internet service,No internet service,No internet service,Two year,Yes,Credit card (automatic),19.42,857.48,2,No
7039-IFDBW,Female,0,Yes,Yes,34,Yes,Yes,Fiber optic,No,No,Yes,No,No,No,Month-to-month,Yes,Bank transfer (automatic),56.77,2061.59,1,No
7040-JKGZY,Female,0,Yes,Yes,10,Yes,Yes,Fiber optic,Yes,Yes,No,No,No,No,One year,No,Mailed check,70.95,747.23,3,No
7041-EZDZF,Female,0,Yes,No,15,Yes,No,DSL,No,Yes,No,No,No,No,One year,No,Bank transfer (automatic),46.65,684.6,0,No
7042-BBPYW,Male,0,No,No,53,Yes,No,Fiber optic,No,No,No,No,Yes,Yes,Month-to-month,No,Mailed check,58.31,3105.0,2,Yes
